$MeshFormat
2.2 0 8
$EndMeshFormat
$Nodes
2181
1 0.001 0.00015 0
2 0.001 0.00017 0
3 0.0010375125 0.0001520036287150218 0
4 0.0010375125 0.0001720036287150217 0
5 0.001075025 0.0001540244183586998 0
6 0.001075025 0.0001740244183586998 0
7 0.0011125375 0.0001560622303521687 0
8 0.0011125375 0.0001760622303521687 0
9 0.00115005 0.0001581169177340488 0
10 0.00115005 0.0001781169177340487 0
11 0.0011875625 0.0001601883251138491 0
12 0.0011875625 0.0001801883251138491 0
13 0.001225075 0.0001622762886327642 0
14 0.001225075 0.0001822762886327642 0
15 0.0012625875 0.0001643806359320895 0
16 0.0012625875 0.0001843806359320895 0
17 0.0013001 0.0001665011861294736 0
18 0.0013001 0.0001865011861294736 0
19 0.0013376125 0.000168637749803216 0
20 0.0013376125 0.000188637749803216 0
21 0.001375125 0.0001707901289848076 0
22 0.001375125 0.0001907901289848076 0
23 0.0014126375 0.0001729581171599031 0
24 0.0014126375 0.0001929581171599031 0
25 0.00145015 0.0001751414992779025 0
26 0.00145015 0.0001951414992779025 0
27 0.0014876625 0.0001773400517703048 0
28 0.0014876625 0.0001973400517703048 0
29 0.001525175 0.0001795535425779878 0
30 0.001525175 0.0001995535425779878 0
31 0.0015626875 0.0001817817311875515 0
32 0.0015626875 0.0002017817311875515 0
33 0.0016002 0.00018402436867685 0
34 0.0016002 0.00020402436867685 0
35 0.0016377125 0.0001862811977698218 0
36 0.0016377125 0.0002062811977698218 0
37 0.001675225 0.0001885519529007117 0
38 0.001675225 0.0002085519529007117 0
39 0.0017127375 0.0001908363602877649 0
40 0.0017127375 0.0002108363602877649 0
41 0.00175025 0.0001931341380164522 0
42 0.00175025 0.0002131341380164522 0
43 0.0017877625 0.0001954449961322731 0
44 0.0017877625 0.0002154449961322731 0
45 0.001825275 0.0001977686367431628 0
46 0.001825275 0.0002177686367431628 0
47 0.0018627875 0.0002001047541315126 0
48 0.0018627875 0.0002201047541315126 0
49 0.0019003 0.0002024530348757936 0
50 0.0019003 0.0002224530348757936 0
51 0.0019378125 0.0002048131579817556 0
52 0.0019378125 0.0002248131579817556 0
53 0.001975325 0.000207184795023155 0
54 0.001975325 0.000227184795023155 0
55 0.0020128375 0.0002095676102919426 0
56 0.0020128375 0.0002295676102919426 0
57 0.00205035 0.0002119612609578275 0
58 0.00205035 0.0002319612609578275 0
59 0.0020878625 0.0002143653972371094 0
60 0.0020878625 0.0002343653972371094 0
61 0.002125375 0.0002167796625706545 0
62 0.002125375 0.0002367796625706545 0
63 0.0021628875 0.000219203693810869 0
64 0.0021628875 0.000239203693810869 0
65 0.0022004 0.0002216371214175051 0
66 0.0022004 0.0002416371214175051 0
67 0.0022379125 0.0002240795696621147 0
68 0.0022379125 0.0002440795696621147 0
69 0.002275425 0.0002265306568409463 0
70 0.002275425 0.0002465306568409463 0
71 0.0023129375 0.0002289899954960617 0
72 0.0023129375 0.0002489899954960617 0
73 0.00235045 0.0002314571926444301 0
74 0.00235045 0.0002514571926444301 0
75 0.0023879625 0.000233931850014738 0
76 0.0023879625 0.0002539318500147381 0
77 0.002425475 0.0002364135642916363 0
78 0.002425475 0.0002564135642916363 0
79 0.0024629875 0.0002389019273671278 0
80 0.0024629875 0.0002589019273671278 0
81 0.0025005 0.0002413965265987811 0
82 0.0025005 0.0002613965265987811 0
83 0.0025380125 0.0002438969450744401 0
84 0.0025380125 0.0002638969450744401 0
85 0.002575525 0.0002464027618830844 0
86 0.002575525 0.0002664027618830844 0
87 0.0026130375 0.0002489135523914775 0
88 0.0026130375 0.0002689135523914775 0
89 0.00265055 0.000251428888526229 0
90 0.00265055 0.000271428888526229 0
91 0.0026880625 0.000253948339060882 0
92 0.0026880625 0.000273948339060882 0
93 0.002725575 0.0002564714699076223 0
94 0.002725575 0.0002764714699076223 0
95 0.0027630875 0.0002589978444131998 0
96 0.0027630875 0.0002789978444131998 0
97 0.0028006 0.000261527023658636 0
98 0.0028006 0.000281527023658636 0
99 0.0028381125 0.0002640585667622853 0
100 0.0028381125 0.0002840585667622853 0
101 0.002875625 0.0002665920311858097 0
102 0.002875625 0.0002865920311858097 0
103 0.0029131375 0.0002691269730426159 0
104 0.0029131375 0.0002891269730426159 0
105 0.00295065 0.0002716629474083019 0
106 0.00295065 0.0002916629474083019 0
107 0.0029881625 0.0002741995086326504 0
108 0.0029881625 0.0002941995086326504 0
109 0.003025675 0.0002767362106527068 0
110 0.003025675 0.0002967362106527068 0
111 0.0030631875 0.0002792726073064739 0
112 0.0030631875 0.0002992726073064739 0
113 0.0031007 0.0002818082526467542 0
114 0.0031007 0.0003018082526467542 0
115 0.0031382125 0.0002843427012546711 0
116 0.0031382125 0.0003043427012546711 0
117 0.003175725 0.0002868755085524014 0
118 0.003175725 0.0003068755085524014 0
119 0.0032132375 0.0002894062311146518 0
120 0.0032132375 0.0003094062311146518 0
121 0.00325075 0.000291934426978418 0
122 0.00325075 0.000311934426978418 0
123 0.0032882625 0.0002944596559505662 0
124 0.0032882625 0.0003144596559505662 0
125 0.003325775 0.000296981479912784 0
126 0.003325775 0.000316981479912784 0
127 0.0033632875 0.0002994994631234567 0
128 0.0033632875 0.0003194994631234567 0
129 0.0034008 0.0003020131725160276 0
130 0.0034008 0.0003220131725160276 0
131 0.0034383125 0.0003045221779934141 0
132 0.0034383125 0.0003245221779934141 0
133 0.003475825 0.0003070260527180601 0
134 0.003475825 0.0003270260527180601 0
135 0.0035133375 0.0003095243733972156 0
136 0.0035133375 0.0003295243733972156 0
137 0.00355085 0.0003120167205630459 0
138 0.00355085 0.0003320167205630459 0
139 0.0035883625 0.0003145026788471883 0
140 0.0035883625 0.0003345026788471883 0
141 0.003625875 0.0003169818372493847 0
142 0.003625875 0.0003369818372493847 0
143 0.0036633875 0.0003194537893998344 0
144 0.0036633875 0.0003394537893998344 0
145 0.0037009 0.0003219181338149273 0
146 0.0037009 0.0003419181338149273 0
147 0.0037384125 0.0003243744741460338 0
148 0.0037384125 0.0003443744741460338 0
149 0.003775925 0.0003268224194210412 0
150 0.003775925 0.0003468224194210412 0
151 0.0038134375 0.0003292615842783497 0
152 0.0038134375 0.0003492615842783497 0
153 0.00385095 0.0003316915891930529 0
154 0.00385095 0.0003516915891930529 0
155 0.0038884625 0.0003341120606950495 0
156 0.0038884625 0.0003541120606950495 0
157 0.003925975 0.0003365226315788509 0
158 0.003925975 0.0003565226315788509 0
159 0.0039634875 0.0003389229411048678 0
160 0.0039634875 0.0003589229411048678 0
161 0.004 0.0008 0
162 0 0.0008 0
163 0.004 0.0003612489312509693 0
164 0.004 0.0003412489312509693 0
165 0.004 0.0001847493587505816 0
166 0.0039634875 0.0001833537646629207 0
167 0.003925975 0.0001819135789473105 0
168 0.0038884625 0.0001804672364170297 0
169 0.00385095 0.0001790149535158317 0
170 0.0038134375 0.0001775569505670099 0
171 0.003775925 0.0001760934516526248 0
172 0.0037384125 0.0001746246844876203 0
173 0.0037009 0.0001731508802889564 0
174 0.0036633875 0.0001716722736399006 0
175 0.003625875 0.0001701891023496308 0
176 0.0035883625 0.000168701607308313 0
177 0.00355085 0.0001672100323378276 0
178 0.0035133375 0.0001657146240383294 0
179 0.003475825 0.0001642156316308361 0
180 0.0034383125 0.0001627133067960485 0
181 0.0034008 0.0001612079035096166 0
182 0.0033632875 0.000159699677874074 0
183 0.003325775 0.0001581888879476704 0
184 0.0032882625 0.0001566757935703397 0
185 0.00325075 0.0001551606561870508 0
186 0.0032132375 0.0001536437386687911 0
187 0.003175725 0.0001521253051314408 0
188 0.0031382125 0.0001506056207528027 0
189 0.0031007 0.0001490849515880526 0
190 0.0030631875 0.0001475635643838844 0
191 0.003025675 0.0001460417263916241 0
192 0.0029881625 0.0001445197051795902 0
193 0.00295065 0.0001429977684449812 0
194 0.0029131375 0.0001414761838255696 0
195 0.002875625 0.0001399552187114858 0
196 0.0028381125 0.0001384351400573712 0
197 0.0028006 0.0001369162141951816 0
198 0.0027630875 0.0001353987066479199 0
199 0.002725575 0.0001338828819445734 0
200 0.0026880625 0.0001323690034365292 0
201 0.00265055 0.0001308573331157375 0
202 0.0026130375 0.0001293481314348865 0
203 0.002575525 0.0001278416571298507 0
204 0.0025380125 0.0001263381670446641 0
205 0.0025005 0.0001248379159592686 0
206 0.0024629875 0.0001233411564202767 0
207 0.002425475 0.0001218481385749818 0
208 0.0023879625 0.0001203591100088428 0
209 0.00235045 0.0001188743155866581 0
210 0.0023129375 0.000117393997297637 0
211 0.002275425 0.0001159183941045678 0
212 0.0022379125 0.0001144477417972688 0
213 0.0022004 0.0001129822728505031 0
214 0.0021628875 0.0001115222162865214 0
215 0.002125375 0.0001100677975423927 0
216 0.0020878625 0.0001086192383422656 0
217 0.00205035 0.0001071767565746965 0
218 0.0020128375 0.0001057405661751656 0
219 0.001975325 0.000104310877013893 0
220 0.0019378125 0.0001028878947890534 0
221 0.0019003 0.0001014718209254761 0
222 0.0018627875 0.0001000628524789076 0
223 0.001825275 9.866118204589767e-05 0
224 0.0017877625 9.726699767936386e-05 0
225 0.00175025 9.588048280987133e-05 0
226 0.0017127375 9.450181617265894e-05 0
227 0.001675225 9.313117174042703e-05 0
228 0.0016377125 9.176871866189306e-05 0
229 0.0016002 9.041462120611002e-05 0
230 0.0015626875 8.90690387125309e-05 0
231 0.001525175 8.773212554679268e-05 0
232 0.0014876625 8.640403106218289e-05 0
233 0.00145015 8.508489956674153e-05 0
234 0.0014126375 8.377487029594189e-05 0
235 0.001375125 8.247407739088458e-05 0
236 0.0013376125 8.118264988192963e-05 0
237 0.0013001 7.990071167768417e-05 0
238 0.0012625875 7.86283815592537e-05 0
239 0.001225075 7.736577317965855e-05 0
240 0.0011875625 7.611299506830949e-05 0
241 0.00115005 7.487015064042925e-05 0
242 0.0011125375 7.363733821130121e-05 0
243 0.001075025 7.24146510152199e-05 0
244 0.0010375125 7.120217722901305e-05 0
245 0.001 7.000000000000001e-05 0
246 0.001 5e-05 0
247 0.0010375125 5.120217722901306e-05 0
248 0.001075025 5.24146510152199e-05 0
249 0.0011125375 5.36373382113012e-05 0
250 0.00115005 5.487015064042926e-05 0
251 0.0011875625 5.61129950683095e-05 0
252 0.001225075 5.736577317965855e-05 0
253 0.0012625875 5.86283815592537e-05 0
254 0.0013001 5.990071167768417e-05 0
255 0.0013376125 6.118264988192963e-05 0
256 0.001375125 6.247407739088458e-05 0
257 0.0014126375 6.37748702959419e-05 0
258 0.00145015 6.508489956674153e-05 0
259 0.0014876625 6.640403106218289e-05 0
260 0.001525175 6.773212554679268e-05 0
261 0.0015626875 6.90690387125309e-05 0
262 0.0016002 7.041462120611002e-05 0
263 0.0016377125 7.176871866189307e-05 0
264 0.001675225 7.313117174042703e-05 0
265 0.0017127375 7.450181617265894e-05 0
266 0.00175025 7.588048280987133e-05 0
267 0.0017877625 7.726699767936386e-05 0
268 0.001825275 7.866118204589767e-05 0
269 0.0018627875 8.006285247890758e-05 0
270 0.0019003 8.147182092547615e-05 0
271 0.0019378125 8.288789478905339e-05 0
272 0.001975325 8.4310877013893e-05 0
273 0.0020128375 8.574056617516556e-05 0
274 0.00205035 8.717675657469648e-05 0
275 0.0020878625 8.861923834226564e-05 0
276 0.002125375 9.006779754239271e-05 0
277 0.0021628875 9.152221628652143e-05 0
278 0.0022004 9.298227285050309e-05 0
279 0.0022379125 9.444774179726882e-05 0
280 0.002275425 9.591839410456779e-05 0
281 0.0023129375 9.739399729763702e-05 0
282 0.00235045 9.887431558665809e-05 0
283 0.0023879625 0.0001003591100088428 0
284 0.002425475 0.0001018481385749818 0
285 0.0024629875 0.0001033411564202767 0
286 0.0025005 0.0001048379159592687 0
287 0.0025380125 0.0001063381670446641 0
288 0.002575525 0.0001078416571298507 0
289 0.0026130375 0.0001093481314348865 0
290 0.00265055 0.0001108573331157374 0
291 0.0026880625 0.0001123690034365292 0
292 0.002725575 0.0001138828819445734 0
293 0.0027630875 0.0001153987066479199 0
294 0.0028006 0.0001169162141951816 0
295 0.0028381125 0.0001184351400573712 0
296 0.002875625 0.0001199552187114858 0
297 0.0029131375 0.0001214761838255696 0
298 0.00295065 0.0001229977684449812 0
299 0.0029881625 0.0001245197051795902 0
300 0.003025675 0.0001260417263916241 0
301 0.0030631875 0.0001275635643838844 0
302 0.0031007 0.0001290849515880526 0
303 0.0031382125 0.0001306056207528027 0
304 0.003175725 0.0001321253051314408 0
305 0.0032132375 0.0001336437386687911 0
306 0.00325075 0.0001351606561870508 0
307 0.0032882625 0.0001366757935703397 0
308 0.003325775 0.0001381888879476704 0
309 0.0033632875 0.000139699677874074 0
310 0.0034008 0.0001412079035096166 0
311 0.0034383125 0.0001427133067960485 0
312 0.003475825 0.0001442156316308361 0
313 0.0035133375 0.0001457146240383294 0
314 0.00355085 0.0001472100323378276 0
315 0.0035883625 0.000148701607308313 0
316 0.003625875 0.0001501891023496308 0
317 0.0036633875 0.0001516722736399006 0
318 0.0037009 0.0001531508802889564 0
319 0.0037384125 0.0001546246844876203 0
320 0.003775925 0.0001560934516526248 0
321 0.0038134375 0.0001575569505670099 0
322 0.00385095 0.0001590149535158317 0
323 0.0038884625 0.0001604672364170297 0
324 0.003925975 0.0001619135789473105 0
325 0.0039634875 0.0001633537646629207 0
326 0.004 0.0001647493587505816 0
327 0.004 0 0
328 0 0 0
329 0.001018433251239128 0.0001509845622524206 0
330 0.001055614908712422 0.0001529788012588855 0
331 0.001093024766891654 0.0001550022295110212 0
332 0.001055756015007247 0.0001729864026221442 0
333 0.001018510375724441 0.0001709886816481794 0
334 0.003940298507462687 0.0008 0
335 0.003880597014925373 0.0008 0
336 0.00382089552238806 0.0008 0
337 0.003761194029850746 0.0008 0
338 0.003701492537313433 0.0008 0
339 0.003641791044776119 0.0008 0
340 0.003582089552238806 0.0008 0
341 0.003522388059701492 0.0008 0
342 0.003462686567164179 0.0008 0
343 0.003402985074626865 0.0008 0
344 0.003343283582089552 0.0008 0
345 0.003283582089552239 0.0008 0
346 0.003223880597014925 0.0008 0
347 0.003164179104477611 0.0008 0
348 0.003104477611940298 0.0008 0
349 0.003044776119402985 0.0008 0
350 0.002985074626865671 0.0008 0
351 0.002925373134328357 0.0008 0
352 0.002865671641791044 0.0008 0
353 0.00280597014925373 0.0008 0
354 0.002746268656716416 0.0008 0
355 0.002686567164179103 0.0008 0
356 0.002626865671641789 0.0008 0
357 0.002567164179104475 0.0008 0
358 0.002507462686567162 0.0008 0
359 0.002447761194029848 0.0008 0
360 0.002388059701492534 0.0008 0
361 0.002328358208955221 0.0008 0
362 0.002268656716417907 0.0008 0
363 0.002208955223880593 0.0008 0
364 0.00214925373134328 0.0008 0
365 0.002089552238805966 0.0008 0
366 0.002029850746268653 0.0008 0
367 0.001970149253731339 0.0008 0
368 0.001910447761194027 0.0008 0
369 0.001850746268656713 0.0008 0
370 0.0017910447761194 0.0008 0
371 0.001731343283582087 0.0008 0
372 0.001671641791044773 0.0008 0
373 0.00161194029850746 0.0008 0
374 0.001552238805970147 0.0008 0
375 0.001492537313432833 0.0008 0
376 0.00143283582089552 0.0008 0
377 0.001373134328358207 0.0008 0
378 0.001313432835820894 0.0008 0
379 0.00125373134328358 0.0008 0
380 0.001194029850746267 0.0008 0
381 0.001134328358208954 0.0008 0
382 0.001074626865671641 0.0008 0
383 0.001014925373134328 0.0008 0
384 0.0009552238805970144 0.0008 0
385 0.0008955223880597009 0.0008 0
386 0.0008358208955223877 0.0008 0
387 0.0007761194029850746 0.0008 0
388 0.000716417910447761 0.0008 0
389 0.0006567164179104479 0.0008 0
390 0.0005970149253731348 0.0008 0
391 0.0005373134328358216 0.0008 0
392 0.0004776119402985081 0.0008 0
393 0.0004179104477611949 0.0008 0
394 0.0003582089552238818 0.0008 0
395 0.0002985074626865683 0.0008 0
396 0.0002388059701492556 0.0008 0
397 0.000179104477611942 0.0008 0
398 0.0001194029850746284 0.0008 0
399 5.970149253731443e-05 0.0008 0
400 0.004 0.0004160928148445983 0
401 0.004 0.0004709366984382274 0
402 0.004 0.0005257805820318564 0
403 0.004 0.0005806244656254854 0
404 0.004 0.0006354683492191142 0
405 0.004 0.0006903122328127428 0
406 0.004 0.0007451561164063714 0
407 0.004 0.0002369158829173775 0
408 0.004 0.0002890824070841734 0
409 0.001130176343888083 7.421702194287541e-05 0
410 0.001092330775009865 7.297871764695134e-05 0
411 0.001060684765372581 7.19511479542722e-05 0
412 0.001048281701716112 7.155025786291268e-05 0
413 0.001026286091887467 7.084240029608419e-05 0
414 0.00101659910464369 7.053195776406929e-05 0
415 0.001008001494997128 7.025642692658741e-05 0
416 0.001 6.189210294340803e-05 0
417 0.001 5.532275373021974e-05 0
418 0.001004891400057316 5.015675654160344e-05 0
419 0.001010836076330811 5.034726782317222e-05 0
420 0.001018060829729332 5.057880221893194e-05 0
421 0.001026841306445385 5.086019346632733e-05 0
422 0.001048061217637402 5.154313140731223e-05 0
423 0.001060457519115485 5.19438029324863e-05 0
424 0.001092261420907574 5.297645711052036e-05 0
425 0.001130147339559779 5.421606874337041e-05 0
426 0.004 5.491645291686055e-05 0
427 0.004 0.0001098329058337213 0
428 5.9242180102936e-05 0 0
429 0.000118484360205872 0 0
430 0.000177726540308808 0 0
431 0.000236968720411744 0 0
432 0.0002962109005146799 0 0
433 0.0003554530806176159 0 0
434 0.0004146952607205519 0 0
435 0.0004739374408234879 0 0
436 0.0005331796209264239 0 0
437 0.0005924218010293599 0 0
438 0.0006516639811322959 0 0
439 0.0007109061612352318 0 0
440 0.0007697465449352992 0 0
441 0.0008203298623770056 0 0
442 0.0008613656246164828 0 0
443 0.0008948227007016508 0 0
444 0.000922327285049896 0 0
445 0.0009452507478052985 0 0
446 0.0009647911071196037 0 0
447 0.00098205058972326 0 0
448 0.0009981018034716342 0 0
449 0.001014023011414239 0 0
450 0.001030894339637435 0 0
451 0.001049788140292141 0 0
452 0.001071794263885083 0 0
453 0.001098080839943057 0 0
454 0.001129970298614806 0 0
455 0.001169019912035377 0 0
456 0.001217107647785051 0 0
457 0.001274859715264944 0 0
458 0.00133410189536788 0 0
459 0.001393344075470817 0 0
460 0.001452586255573753 0 0
461 0.001511828435676689 0 0
462 0.001571070615779624 0 0
463 0.00163031279588256 0 0
464 0.001689554975985496 0 0
465 0.001748797156088432 0 0
466 0.001808039336191367 0 0
467 0.001867281516294303 0 0
468 0.001926523696397239 0 0
469 0.001985765876500175 0 0
470 0.002045008056603111 0 0
471 0.002104250236706046 0 0
472 0.002163492416808982 0 0
473 0.002222734596911918 0 0
474 0.002281976777014854 0 0
475 0.002341218957117789 0 0
476 0.002400461137220725 0 0
477 0.002459703317323661 0 0
478 0.002518945497426597 0 0
479 0.002578187677529532 0 0
480 0.002637429857632469 0 0
481 0.002696672037735404 0 0
482 0.00275591421783834 0 0
483 0.002815156397941276 0 0
484 0.002874398578044212 0 0
485 0.002933640758147147 0 0
486 0.002992882938250083 0 0
487 0.003052125118353019 0 0
488 0.003111367298455955 0 0
489 0.00317060947855889 0 0
490 0.003229851658661827 0 0
491 0.003289093838764762 0 0
492 0.003348336018867699 0 0
493 0.003407578198970635 0 0
494 0.003466820379073572 0 0
495 0.003526062559176508 0 0
496 0.003585304739279444 0 0
497 0.00364454691938238 0 0
498 0.003703789099485317 0 0
499 0.003763031279588254 0 0
500 0.00382227345969119 0 0
501 0.003881515639794127 0 0
502 0.003940757819897063 0 0
503 0 0.0007428571428571429 0
504 0 0.0006857142857142858 0
505 0 0.0006285714285714286 0
506 0 0.0005714285714285715 0
507 0 0.0005142857142857143 0
508 0 0.0004571428571428571 0
509 0 0.0004 0
510 0 0.0003428571428571429 0
511 0 0.0002857142857142857 0
512 0 0.0002285714285714286 0
513 0 0.0001714285714285714 0
514 0 0.0001142857142857142 0
515 0 5.714285714285717e-05 0
516 0.001047047862112826 0.0001891089927251248 0
517 0.0006858092063498637 0.000749151622723108 0
518 0.001128806617323521 0.0002085603082850597 0
519 0.000924220658228407 0.0007489596121799436 0
520 0.001276967462966222 0.0002188170786126105 0
521 0.0005118279250591802 4.942096091649676e-05 0
522 0.001430501315312001 0.0002238314378992301 0
523 0.001579579781363285 0.0002340866039526997 0
524 0.0007403263530852656 4.738185248244616e-05 0
525 0.001729503837693147 0.0002444716748315235 0
526 0.0003886081658386223 0.0007477002604583822 0
527 0.001880811559902846 0.0002541695559442207 0
528 0.002031153505627101 0.0002680565461503452 0
529 0.002180991537197511 0.0002713201958888475 0
530 0.00232958134708974 0.000284559909266855 0
531 5.074394201727388e-05 0.0003782720495312154 0
532 0.002479583375567482 0.0002926358263819769 0
533 0.002632824211222831 0.0003040892153225686 0
534 0.002781080016619536 0.0003128489058900515 0
535 0.001160829018163023 0.000742692515481873 0
536 0.002929782441172677 0.0003216259825705751 0
537 0.0009939620392072851 5.817451950911945e-05 0
538 0.003079747819076685 0.0003330271730760002 0
539 0.001342454045524283 0.0007450050174623326 0
540 0.003229599979349859 0.0003425727629077234 0
541 0.003342350620867004 0.0003507271259186788 0
542 0.003455813819363078 0.0003530257727226956 0
543 0.003566078299520642 0.0003684590881522669 0
544 0.003681174571611406 0.000381277435733894 0
545 0.003788407954732467 0.0003806998760485131 0
546 0.001522279860014332 0.0007542812613967988 0
547 0.0009831157717332787 0.0001600253464373369 0
548 0.0009842023578903718 0.0001793841860855369 0
549 0.00176319422576734 0.0007485354968174633 0
550 0.001939033011812827 0.0007503194753340137 0
551 0.002125410892130442 0.0007499959211311428 0
552 0.002297554033739151 0.0007485744989680697 0
553 0.0003234083474061935 5.137630915623751e-05 0
554 0.002540117316580777 0.0007459653431715713 0
555 0.0009653773498916249 0.0001687877994136976 0
556 0.0009653454988507444 0.0001913175454178428 0
557 0.0009085749928757737 2.183598492749861e-05 0
558 0.002716253058418855 0.0007522418817480022 0
559 0.0028955223880597 0.0007482969908188394 0
560 0.0009428057917815716 0.0001775795072229848 0
561 0.0009423928369201484 0.0002040137726411474 0
562 0.003142241930914669 0.0007432288498720566 0
563 0.0009665262728154407 0.000216831645862575 0
564 0.0009422876697204024 0.0002316009690745112 0
565 0.0009670668007510513 0.0002448182297035312 0
566 0.0009424372461931956 0.0002605498419367886 0
567 0.0009690007186998241 0.0002745061666210149 0
568 0.0009429905556730071 0.0002910837310357063 0
569 0.0009715247848817053 0.0003048656721991636 0
570 0.0009151282462836218 0.0002760887325735684 0
571 0.000915516158758415 0.0003084780994488621 0
572 0.0008856554960611166 0.0002919573801478578 0
573 0.0008861900868771663 0.0003273054566894252 0
574 0.0008543278810978041 0.000309215181857266 0
575 0.0008548305791925153 0.0003464982526387528 0
576 0.000821841428747572 0.0003278647153862836 0
577 0.0008880942223058969 0.0003641335167013161 0
578 0.0008219523345600998 0.0003671096400742469 0
579 0.0007864988612613863 0.0003467527573442472 0
580 0.0007859236183277876 0.0003889679675520522 0
581 0.0007484570131706656 0.0003668479506130044 0
582 0.000919929593508723 0.0001901213608588321 0
583 4.948716593053946e-05 0.0005428571428571429 0
584 0.003377273156746346 0.0007456201270673322 0
585 0.003608544059495194 0.000743979483586455 0
586 0.0007488870103335441 0.0004126193541187189 0
587 0.0007086853395276474 0.0003902174276420969 0
588 0.0007092762331692907 0.0003427898266641208 0
589 0.0006676430122512698 0.0003666321745008974 0
590 0.000667796158965208 0.0004147321119066953 0
591 0.0006251864354156623 0.0003907062416529443 0
592 0.0006256704676394394 0.0004405668973256276 0
593 0.0005817573493791927 0.0004154251633110706 0
594 0.0007867395690145528 0.0004314352410244116 0
595 0.0009662135972400747 0.0001470825909282257 0
596 0.0005820098292379909 0.0004662066200633913 0
597 0.0005377280188163978 0.0004407904426547752 0
598 0.000537642278436023 0.0003892412362138837 0
599 0.0004925254720763821 0.0004147593891781256 0
600 0.0004927583797024947 0.0003624127049381237 0
601 0.0004466634266585571 0.0003885148774887331 0
602 0.003796334513841116 0.0007506533884762733 0
603 0.003954462098149893 0.0005564546070729456 0
604 0.001003778675265927 7.705771139906114e-05 0
605 0.0009953727036820033 7.719076853811096e-05 0
606 0.0006685107446184368 0.0003189317706979461 0
607 0.0008233394247197977 0.0002914233197893648 0
608 5.228329828823892e-05 0.0001885876483897475 0
609 0.000446292010260714 0.0004408493959822838 0
610 0.0003999319957893113 0.0004150051566287595 0
611 0.0004002048501800795 0.0003609524123898052 0
612 0.0008355686098934401 3.726743325430202e-05 0
613 0.001031867068190109 8.005286630082784e-05 0
614 0.0003528091956171966 0.0003877564578961703 0
615 0.0003526902749954918 0.0004426046744523197 0
616 0.0003531508675928107 0.000332941217840427 0
617 0.0002140016950050571 0.0007505961659129107 0
618 0.0006267052030672175 0.0004915060977416616 0
619 0.0005821631833445883 0.0005178034844039073 0
620 0.0009994673049039892 8.521934418294645e-05 0
621 0.0009896643239222323 8.524474675321119e-05 0
622 0.00100258497583567 4.577933454210736e-05 0
623 0.0009973575590864305 4.539270046842708e-05 0
624 0.0009533736463393685 1.52645908444108e-05 0
625 0.0009964519626988705 0.0002882606871530401 0
626 0.001000303837241643 0.0003205742470924356 0
627 0.001014631204169135 4.476050469639332e-05 0
628 0.00102692366182677 0.0003030316029423991 0
629 0.001030114412829944 0.0003379226423738272 0
630 0.001059708364415441 0.0003188586039107077 0
631 0.0010622111426251 0.0003552702411996784 0
632 0.001090960340532669 0.0003352477152193762 0
633 0.001093697158054915 0.0003733407095235918 0
634 0.001062719768784086 0.0003939637524433026 0
635 0.00109798594588635 0.0004126375451304654 0
636 0.001130785163042122 0.0003859663217941131 0
637 0.001134500154486049 0.0004313013871534887 0
638 0.00116876397250739 0.0004102748174333456 0
639 0.00106347938864536 0.000434817240436904 0
640 0.00117249151117405 0.0004515005310981075 0
641 0.001208992467353216 0.0004278599756139411 0
642 0.001211227553963791 0.0004712621546473496 0
643 0.001249212409227726 0.0004472133677066111 0
644 0.001249224070162141 0.0004918752154424994 0
645 0.001289417041429789 0.0004673279208680577 0
646 0.001174815590944943 0.0004957330183161302 0
647 0.001287047097846825 0.0004221184460903799 0
648 0.001327880320492043 0.0004418994194038858 0
649 0.001330928188769685 0.0004879069098822019 0
650 0.001369586501821092 0.0004618126039695199 0
651 0.001373041961509108 0.0005086295457080526 0
652 0.001411689829233331 0.0004819055667994471 0
653 0.001408285832453141 0.0004357481817623304 0
654 0.001449931184682181 0.0004551270634983203 0
655 0.001454139543079948 0.0005016277844211046 0
656 0.001492418165520711 0.0004746346112877135 0
657 0.001488200088541709 0.0004283853820789874 0
658 0.001530908669352627 0.00044738827770191 0
659 0.001535166006904074 0.0004941911745436287 0
660 0.001573900585378952 0.0004663972367649771 0
661 0.001578369191124809 0.0005136201430730621 0
662 0.001616699063938623 0.0004855096368050933 0
663 0.001612043922189525 0.0004388364303932277 0
664 0.001655172160915795 0.000457363992070308 0
665 0.001660143975245886 0.0005044368942693471 0
666 0.001698795235559953 0.0004758577072667703 0
667 0.001703981128542365 0.0005233098864947446 0
668 0.001742200515575943 0.0004944088113767055 0
669 0.001736791900608748 0.0004474974557250621 0
670 0.001779708415779779 0.0004654498270331515 0
671 0.00178610951628363 0.0005128523776160037 0
672 0.00182371951372307 0.0004833792630728483 0
673 0.001830651019548282 0.0005312660298570495 0
674 0.00186840063035551 0.000501367946266536 0
675 0.001861417734849611 0.0004543010061761887 0
676 0.001905882878011401 0.000471743929668688 0
677 0.001912920472372824 0.0005191295472578093 0
678 0.001950176591036407 0.000488958222418796 0
679 0.001957980877261595 0.0005368377559116318 0
680 0.001995321438269037 0.000506256087857 0
681 0.0003048696763528593 0.0004150730944530562 0
682 0.0003048855045692425 0.0004706057327880594 0
683 0.00105454376259271 8.309490984750824e-05 0
684 0.001773221092916663 0.0004193802572871367 0
685 0.001986183150192846 0.0004590559061683226 0
686 0.002032066374462519 0.0004760325159612225 0
687 0.002041468686458633 0.0005230341965037066 0
688 0.00207708289334191 0.0004921221557543956 0
689 0.002071141433349417 0.0004424659389403231 0
690 0.002115109193163232 0.0004635214232190702 0
691 0.002121827519102939 0.0005084616805121954 0
692 0.002158070705223982 0.0004781258256296873 0
693 0.002166628172809677 0.0005234602042609646 0
694 0.002202734360184314 0.00049343538613159 0
695 0.001206182587915118 0.000216851674311239 0
696 0.002211158098557002 0.0005404605420778793 0
697 0.002247545252294577 0.0005090944352688283 0
698 0.002238918203086145 0.0004626528127385419 0
699 0.002283370654653184 0.0004778402982346676 0
700 0.002292634619817418 0.0005246332842431521 0
701 0.002328183388491002 0.0004928341124258761 0
702 0.002338064010066276 0.0005399032090543427 0
703 0.00237449632138558 0.000508175910145841 0
704 0.002383998061672043 0.0005555524888599074 0
705 0.002420863256419427 0.0005234800962172278 0
706 0.002364299183186578 0.0004614507056080023 0
707 0.001048882932445917 0.0007556457662478777 0
708 0.0008060030810774338 0.0007522401725993498 0
709 0.003492537313432836 0.0007482969908188394 0
710 0.003244700875038164 0.0007530186017261546 0
711 0.003016381577376567 0.0007484886734493638 0
712 0.0005018593163865102 0.000744222781274417 0
713 0.001203162591470072 0.0003814940173002087 0
714 0.0002070201943614959 5.123805768839063e-05 0
715 0.0006232558988749123 4.983329531602537e-05 0
716 0.001324141500072419 0.0003971057048656011 0
717 0.001358683205247567 0.0002237973417424655 0
718 0.001504615454928641 0.0002310531868777 0
719 0.001654502240319101 0.0002399029907136636 0
720 0.001803406082423222 0.0002463088099624875 0
721 0.001954800543541886 0.0002585658089254186 0
722 0.0003532130230655527 0.0004982169608635875 0
723 0.002098523279575854 0.000266293285718453 0
724 0.002253280632516225 0.0002771682625008229 0
725 0.002399419158960055 0.0002895143193463564 0
726 0.001638085397462267 0.0007460693209991525 0
727 0.002556102989636095 0.0002960609684346357 0
728 0.002704633661761597 0.0003076965758152205 0
729 0.002855179917924906 0.0003179277439571618 0
730 0.003005647181074002 0.0003279239525483975 0
731 0.003154824694645744 0.0003373649250952817 0
732 0.0004011427520198812 0.0003060526533402322 0
733 0.003866661729218611 0.0003843855037820479 0
734 0.001539249430680224 0.0005421832706368716 0
735 0.001333088835080167 0.0005351403188197141 0
736 0.001376957353314447 0.0005567974212680603 0
737 0.0003049238413126956 0.0005267005217477924 0
738 0.0003536999196516494 0.0002775505029541131 0
739 0.0003052088510338107 0.0003050143805194935 0
740 0.001650758180211058 0.0004113172540518739 0
741 0.001526180653958228 0.0004018766873677718 0
742 0.001083236616503651 8.560975216480201e-05 0
743 0.0009202033186939003 0.0001615133111957764 0
744 0.0008948783261672792 0.000174415029237889 0
745 0.0010003367143745 4.026723725409064e-05 0
746 0.0009939244240036661 3.994608000889899e-05 0
747 0.001898356521626285 0.0004255564802668077 0
748 0.0006276153031919466 0.0005431056906451105 0
749 0.001002484124556845 0.0003542899592355928 0
750 0.0009946011416884695 9.431974212422496e-05 0
751 0.0009831600729302982 9.415601263695406e-05 0
752 0.0009783462870606048 8.195266250961725e-05 0
753 0.0009688815916429744 9.624831802121814e-05 0
754 0.0009629468631635906 8.096606239199855e-05 0
755 0.000953080120195661 9.593856769400427e-05 0
756 0.0002565110330996531 0.0004426987622402969 0
757 0.001484794500355615 0.0003835074663895974 0
758 0.00243027252890703 0.0005710972854471845 0
759 0.002466827969269884 0.0005385033351069491 0
760 0.002457257118358841 0.0004913214511086377 0
761 0.002502811403988941 0.0005059979707761461 0
762 0.002513043039181699 0.0005535085655200463 0
763 0.002548673649942787 0.0005204960620474603 0
764 0.002559669408104457 0.0005683549510187968 0
765 0.002595235960098014 0.0005349643478545481 0
766 0.002580901864246568 0.0004873432312315445 0
767 0.002627943715752367 0.0005014300734524035 0
768 0.002641037128923379 0.0005489416007537264 0
769 0.002676470581520728 0.0005158500514167242 0
770 0.002687852436633307 0.0005628617679932055 0
771 0.00272357926483049 0.0005296327276245503 0
772 0.002734561876662743 0.0005765314857129176 0
773 0.002769888206063226 0.0005429637083848391 0
774 0.002758803341764129 0.0004964175029738214 0
775 0.002804594282020676 0.0005094404677356432 0
776 0.00281636914463113 0.0005562846659898348 0
777 0.00285059772712005 0.0005222650549332215 0
778 0.002492221196317935 0.0004597939928348097 0
779 0.002863181762936391 0.0005693889285038444 0
780 0.002897274777486221 0.0005350039492663337 0
781 0.0004023924263710343 0.0002504075436607443 0
782 0.002881285415712582 0.0004882049890574623 0
783 0.002928396401868568 0.000500596296517612 0
784 0.00294309604236411 0.0005472024328305382 0
785 0.002977055619086855 0.000513179137081625 0
786 0.002989961276068845 0.0005591418660749991 0
787 0.003024060892792054 0.0005252106870362989 0
788 0.003036192783254385 0.0005707317058987981 0
789 0.003070104936276379 0.0005366715077224376 0
790 0.00166552005833054 0.0005526804656974944 0
791 0.000305553050702959 0.0002488156140085704 0
792 0.0002565731571788612 0.0002763316713806091 0
793 0.002663790650114962 0.0004623527503810786 0
794 0.002134850393080658 0.0005545342420190252 0
795 0.00215287048052398 0.0004347344413758958 0
796 0.0008970283310236022 0.0001438767783764611 0
797 0.0008681738682846316 0.000156629922839007 0
798 0.001920093619150734 0.0005674867034409967 0
799 0.001966249986583701 0.0005859478840596311 0
800 0.002273768496327214 0.0004322967404948732 0
801 0.001028817889993589 0.0001356734988492592 0
802 0.001792448491717216 0.0005612019413196835 0
803 0.001120854901106338 8.920286697755575e-05 0
804 0.00305763045934315 0.0004912749398765465 0
805 0.003102833197915546 0.0005027671023403954 0
806 0.003116328146440805 0.0005482089406728262 0
807 0.003148789506852798 0.0005138674807979674 0
808 0.003162751650227793 0.0005593143150685345 0
809 0.003196056150522772 0.0005248345987456396 0
810 0.003209470759588079 0.0005703532864602027 0
811 0.003243125077463099 0.0005358402395541258 0
812 0.003256515852313831 0.0005818254077840754 0
813 0.003289500390990096 0.0005465536325236523 0
814 0.003276125008921701 0.0005012133830344883 0
815 0.003321755086436453 0.0005113407576126647 0
816 0.003335968653646707 0.0005570628216399962 0
817 0.003367976306264565 0.0005214842677500034 0
818 0.003382642042510184 0.0005672383655624404 0
819 0.003415325001873256 0.0005321349898369824 0
820 0.003429545062435535 0.0005775064989360537 0
821 0.003462555828554106 0.0005423813872793793 0
822 0.003476780599667079 0.0005880769975895361 0
823 0.003509033876710468 0.0005522097477662271 0
824 0.003494864869808935 0.0005072303638109526 0
825 0.00354053778059117 0.000516465520889236 0
826 0.003555571746981082 0.0005617988746251519 0
827 0.003586801582025251 0.0005256890009942882 0
828 0.003602308402979447 0.0005710397215822128 0
829 0.003634169962959856 0.0005353095624157254 0
830 0.003649392052979935 0.0005806952160768867 0
831 0.003681602890160694 0.0005445675486810049 0
832 0.002792463585300158 0.0004639300616713677 0
833 0.002651657560028965 0.0005972275760183216 0
834 0.001054229725581277 0.0002806315950106948 0
835 0.003696769654680114 0.0005901539585620192 0
836 0.003728663205754113 0.0005535836944476728 0
837 0.001005588654356962 9.417172467762953e-05 0
838 0.0003531516082805101 0.0005533036801266646 0
839 0.00282793545582081 0.0006043323067491062 0
840 0.000582424813631339 0.0005701358722941892 0
841 0.003951677242209956 0.0006616417315180431 0
842 0.002302291135550777 0.000570923219656685 0
843 4.948716593053924e-05 0.0006571428571428572 0
844 0.0009457636651070255 7.809211061184562e-05 0
845 0.001031917216069681 4.268942808617989e-05 0
846 0.002962319427959932 0.0004618938428669954 0
847 0.001335174415022681 0.0005842934183190492 0
848 0.001381374800220696 0.0006068006654480417 0
849 0.003183517825341019 0.0004736918119004598 0
850 0.000304952482810367 0.0005831416120155386 0
851 0.0002557520744089705 0.000555077047944255 0
852 0.00239304505312022 0.000604528361119644 0
853 0.003713395838152874 0.0005084275680241665 0
854 0.003760000550107944 0.0005171074350724886 0
855 0.003776064253511013 0.0005627701699353233 0
856 0.003909094974748825 0.0003041233191913803 0
857 0.003400220392399773 0.0004869211407721658 0
858 0.001522614954257496 0.0003577324446698776 0
859 0.003834298178771007 0.000297990074550167 0
860 0.001066687723594371 0.0001389366196647848 0
861 0.003807071085912037 0.0005255125494876066 0
862 0.002955273666110435 0.0005948880047406388 0
863 0.003759049191829753 0.0002946606521579309 0
864 0.0006717134527406605 0.0005170619990271639 0
865 0.0006730117815778693 0.0005682671048265787 0
866 0.0007171406809710558 0.0005421963027106467 0
867 0.0007182777800467666 0.0005932219258405614 0
868 0.0007626341427202489 0.0005667402488866312 0
869 0.003824312567324326 0.0005718218524971769 0
870 0.0005387283106791224 0.0003391328028435571 0
871 0.003619993863111818 0.0004830522450184762 0
872 0.003684278253886978 0.0002882029681252412 0
873 0.0002581798050154674 0.000218049916573509 0
874 0.0009898019335054891 0.0001070084397699324 0
875 0.000710487332185784 0.0002949662611409297 0
876 0.0006693457952985284 0.0002703927693481795 0
877 0.000711832548862569 0.0002470613046643696 0
878 0.0006707177854330117 0.0002222211777625471 0
879 0.0007128732592138695 0.0001994077419034707 0
880 0.0005361054473006252 0.0005441277665720487 0
881 0.0009976242086716658 3.390355754960799e-05 0
882 0.0009896955191568855 3.325116164520675e-05 0
883 0.0009862428497410946 4.15801179724372e-05 0
884 0.0009572490721101003 6.412151459709046e-05 0
885 0.003609261358972095 0.0002832559316841023 0
886 0.001482618970210203 0.0003383711067128076 0
887 0.003089776195528032 0.000458342579813967 0
888 0.003534247375380657 0.0002782858240461075 0
889 0.003128943677072254 0.0005942636845949598 0
890 0.003570729267561081 0.0006073374822946039 0
891 0.0006268410708139545 0.0002452035518566583 0
892 0.002440432187643564 0.0006207511814063016 0
893 0.0002077623570446812 0.0002474845264478893 0
894 0.0002076848063552899 0.0003039625579818978 0
895 0.003458990057619545 0.0002755679406338105 0
896 0.001103421584166371 0.00013874809113071 0
897 0.0008689293127779431 0.0001967589829110972 0
898 0.0008370031403211128 0.0001742585961459969 0
899 0.0008397274336137384 0.0001373827698444719 0
900 0.0009910819445802213 0.0002287252138163606 0
901 0.0006282000365043607 0.0001951092816789215 0
902 0.0005830623861931366 0.0002191124355469798 0
903 0.003352982830748506 0.0006038881118267418 0
904 0.003384833056324406 0.0002681468448526671 0
905 0.001054580501726098 4.180798244773464e-05 0
906 0.003309319709264373 0.0002605761851698246 0
907 0.003907571436110854 0.000128275142622518 0
908 0.003307834502101937 0.0004672002152079419 0
909 0.000536241972783881 0.0005977297083545714 0
910 0.0005818123827982134 0.0006220779586975912 0
911 0.003234183226038128 0.0002581836372290961 0
912 0.00344369141974194 0.0006250266471359482 0
913 0.00315915445604891 0.0002531231965111135 0
914 0.0009356013051818215 9.317565426033246e-05 0
915 0.0009267519926439618 7.479268866100741e-05 0
916 0.003795948673628312 0.0001243385156809834 0
917 0.003525842237539247 0.0004727436284074394 0
918 0.003084132788583836 0.0002481214751039813 0
919 0.0005854653575307982 0.0001644606061474434 0
920 0.0005385129188974782 0.0001855845151043575 0
921 0.003222734780607903 0.0006181233132430343 0
922 0.002403590549962713 0.0006552925654315909 0
923 0.0008025086255656149 0.0001544809385563053 0
924 0.003009096500440611 0.0002432226797856656 0
925 0.0008026790200002076 0.0001913290576972365 0
926 0.00379271901731877 0.0006097854461514287 0
927 0.00372241667255251 0.0001210597559612542 0
928 0.0007635541618102953 0.0006180155540393567 0
929 0.0008071396461743526 0.0005905459959669025 0
930 0.001926569857676807 0.0006173811386638405 0
931 0.001974585699610007 0.0006365707650143481 0
932 0.002934058658811066 0.0002383237072904352 0
933 0.0002080380430805916 0.000190939390531287 0
934 0.0003064795673000662 0.0001920900257296963 0
935 0.003608416840396261 0.0001167090908820545 0
936 0.003867723102589479 0.0002116546353123593 0
937 0.000158221275547799 0.0002757271419130252 0
938 0.002859019307762256 0.0002334280105692752 0
939 0.003664324850825334 0.0006278452968557365 0
940 0.000255773584439806 0.0006121895326036856 0
941 0.0002059413957946165 0.0005836488243200739 0
942 0.003793413826371688 0.0002093118865386512 0
943 0.003495869221839526 0.0001127333415711666 0
944 0.002784004796651211 0.0002281943868245285 0
945 0.0003533090258584946 0.0006087702691167335 0
946 0.0004898282243664762 0.000571029688136537 0
947 0.003743604130657834 0.0004732245815220364 0
948 0.003718379901479518 0.0002063744749340037 0
949 0.0008065956500386867 0.0005405218424780842 0
950 0.0008500785476685192 0.0005637290763999166 0
951 0.0008497101516556488 0.0005145330706984481 0
952 0.0008925847701985179 0.0005384084917254352 0
953 0.0008939468548283774 0.0005847186041942878 0
954 0.0009360576816417011 0.0005603730724909656 0
955 0.0009341412198063904 0.0005127556612468116 0
956 0.0009771110310602617 0.0005348775039830404 0
957 0.0009795619826829857 0.0005832944215497747 0
958 0.001020720995628135 0.0005568795707794501 0
959 0.001023912736617633 0.0006049691196084164 0
960 0.001064835479220648 0.000578952829286604 0
961 0.001068510563399525 0.0006279290048145422 0
962 0.001109458538648357 0.0006014157955545316 0
963 0.0009718077883117081 0.000487931265351861 0
964 0.0009330864549246544 0.0004666556039366095 0
965 0.002708968433070309 0.0002232322829000902 0
966 0.0009807395468474206 3.316284173422843e-05 0
967 0.0009763676742667489 4.153682614978146e-05 0
968 0.0004889184586519062 0.0006260347994161981 0
969 0.0009797851146542353 0.0006382430570097972 0
970 0.003643346789064753 0.0002034173880472384 0
971 0.003699527351488317 0.0004648414435215888 0
972 0.002633972086189469 0.000217684573772349 0
973 0.001005833280868403 3.540163338349226e-05 0
974 0.003482003707735173 0.0004637267199237291 0
975 0.003263991858509633 0.0004573267746274269 0
976 0.0009133652814132826 9.324468262821147e-05 0
977 0.000903123541924229 7.121323638012997e-05 0
978 0.003568314510968828 0.00020044252774307 0
979 0.003383306996350856 0.0001090347381595898 0
980 0.003046245949930141 0.000447296460952437 0
981 0.002748741072928587 0.0004512953298615809 0
982 0.002781880644696892 0.0004203022687979324 0
983 0.002739379497574679 0.0004076601030040255 0
984 0.002558938840640445 0.0002126632308059219 0
985 0.002448630415017378 0.0004455701465090071 0
986 0.002482818950972392 0.0004154385654525695 0
987 0.002444457838788185 0.0004012564931380637 0
988 0.002231164909974098 0.0004176009622814758 0
989 0.002265253283137813 0.0003885343449614067 0
990 0.00222434892230087 0.0003767131068698482 0
991 0.003957228845615916 0.000436331586228883 0
992 0.001022805334109489 1.099570480977502e-05 0
993 0.001002154859007787 2.669403537575166e-05 0
994 0.003493233432312776 0.0001956183661405753 0
995 0.003842252960753278 0.0006194655519343962 0
996 0.001854457161349798 0.0004086708755307105 0
997 0.001891363672961433 0.0003810878938876185 0
998 0.001848806290742385 0.0003645820879126503 0
999 0.001731752078470593 0.000401789500114573 0
1000 0.001768657457908899 0.0003748227947900704 0
1001 0.001725572365605481 0.0003578794090392921 0
1002 0.001761623981958893 0.0003314663353922224 0
1003 0.002483904124432518 0.000207662627583932 0
1004 0.003307702868831107 0.0001012653611149769 0
1005 0.001284618722491502 0.0003775003452184485 0
1006 0.001320551906562059 0.0003533636240707562 0
1007 0.001282430733446465 0.0003343589568502404 0
1008 0.001317348895343456 0.0003109417532368499 0
1009 0.001355145131686301 0.0003293733880885771 0
1010 0.001607050353974135 0.0003934934524769537 0
1011 0.001643782684110316 0.0003667824655138261 0
1012 0.001602656684128127 0.0003496102165647747 0
1013 0.001084178353693912 3.647846288483636e-05 0
1014 0.00342107740979374 0.000196077766933669 0
1015 0.002824269875945882 0.0004322421592714724 0
1016 0.0008085362995127676 0.0001147192006835018 0
1017 0.0007736255155831452 0.0001316185357125839 0
1018 0.002525351557095621 0.0004289756423216797 0
1019 0.002516078270049564 0.0003861037171180335 0
1020 0.002557396850299565 0.0003991986829701956 0
1021 9.129063337793815e-05 4.976480672374872e-05 0
1022 0.0001589191058632517 0.000331814459236828 0
1023 0.002306879343616878 0.0004025579975119031 0
1024 0.001438206464286733 0.0003591618028302571 0
1025 0.001444870782473052 0.0003117695640616432 0
1026 0.001522931764288435 0.0003128355959394921 0
1027 0.002408867964311698 0.0002026861301857836 0
1028 0.001933105429043252 0.0003972283353489871 0
1029 0.001926339367486607 0.0003540630088810672 0
1030 0.001966893876579474 0.000369740706099426 0
1031 0.003194620923235661 9.823105388286768e-05 0
1032 0.0009681568467423164 0.0004431449355556714 0
1033 0.003343940869333754 0.0001921383384788639 0
1034 0.001338554855668835 0.0006353723420012771 0
1035 0.001291959363010091 0.0006120069470144989 0
1036 0.001385556813825067 0.0006586806925034353 0
1037 0.001428427402781777 0.0006303929833361831 0
1038 0.003294406784899664 0.0004251831381422871 0
1039 0.003336794917423097 0.0004339875923780723 0
1040 0.002333830390773685 0.0001977370385974344 0
1041 0.003511697299270488 0.0004311825706693879 0
1042 0.00355401023780416 0.0004391373178994927 0
1043 0.001062951862454918 0.0005303534003697394 0
1044 0.003270506154436735 0.0001887368532361074 0
1045 0.0009816606041355863 4.914990716392575e-05 0
1046 0.001295481955399326 0.000662855890495698 0
1047 0.001249068261804709 0.0006402501021481456 0
1048 0.001639833376131635 0.0003238144157394996 0
1049 0.002258791437888774 0.000192818578249706 0
1050 0.003083261309457344 9.583749261276117e-05 0
1051 0.0002064429158551476 0.0005266811240667369 0
1052 0.00319377016186404 0.0001859296303074482 0
1053 0.0009436844948993151 0.0001115951616305255 0
1054 0.0008876345575096294 9.313964958581781e-05 0
1055 0.003728898605331495 0.0004321334550902597 0
1056 0.002451842921668968 0.0006723350453096132 0
1057 0.0008131847621849013 0.0006465720300533012 0
1058 0.001245374584673869 0.0005888219631144285 0
1059 0.001006287534883232 0.0001846110534227488 0
1060 0.000447468569906733 0.0002794424818231867 0
1061 0.002183751143108503 0.0001879338919820286 0
1062 0.003855646292134685 0.0005340342820217181 0
1063 0.003838438727091688 0.0004885998120445794 0
1064 0.003118139312571944 0.0001823320468775608 0
1065 0.001433399785496475 0.0006825185187737968 0
1066 0.001477966911808721 0.0006512700118799625 0
1067 0.00201499002832653 0.0006035214119479781 0
1068 0.002023602795194402 0.0006553481793650891 0
1069 0.0006748356757352771 0.0006194598663476921 0
1070 0.002813891221467585 0.0003901736334166976 0
1071 0.002855062608915816 0.0004016690566931523 0
1072 0.002298455352157367 0.0003601880516050237 0
1073 0.002338955133631841 0.0003737764283270831 0
1074 0.002108709547055883 0.0001830860324717044 0
1075 0.0008869482316966252 0.000258376515267709 0
1076 0.003077757331422788 0.0004157463243153221 0
1077 0.003119843295505859 0.0004264073142706741 0
1078 0.003036012956777506 0.0004047332073093788 0
1079 0.003045458157533519 0.0001794808884590321 0
1080 0.001113150336946046 0.0006526616212973039 0
1081 0.001837433070696442 0.0005802193599965988 0
1082 0.001798079128363693 0.0006110693739395641 0
1083 0.002875650181794116 0.0006172001336623924 0
1084 0.002840011043914412 0.0006533950536963106 0
1085 0.001709934052682756 0.0005723733308961013 0
1086 0.001670452204030083 0.0006028156347816804 0
1087 0.003272579542256769 0.0006315538594236182 0
1088 0.001583179460538025 0.0005618212234438277 0
1089 0.003492544132631269 0.0006360206268254506 0
1090 0.002523535540934176 0.0006019373680814233 0
1091 0.002570613278620714 0.0006168098841372661 0
1092 0.00127950518963299 0.0002933594813118522 0
1093 0.00124523737776219 0.000315405229400949 0
1094 0.00300823685884422 9.279394252133336e-05 0
1095 0.002033666693301209 0.0001782779551643625 0
1096 0.002791271075675457 0.0006396114657424836 0
1097 0.002798993047643417 0.0006978869646459968 0
1098 0.002970435490136173 0.0001755846065646846 0
1099 0.00371308428625683 0.0006381172951235986 0
1100 0.002349979451555625 0.0006422665491865138 0
1101 0.00125036256820313 0.0006984206598602532 0
1102 0.000205701038001475 0.0006405369094558057 0
1103 0.0001559220942078125 0.0006124055546742856 0
1104 0.0001547991435963125 0.0006723372520500003 0
1105 0.003853628045790432 4.729575723448393e-05 0
1106 0.0009856375601098805 2.480527332705931e-05 0
1107 0.002063256445320889 0.0006225287233521603 0
1108 0.001958622628125501 0.0001735125117365887 0
1109 0.0007643739721465001 0.0006674155616573643 0
1110 0.001719501676370578 0.0003158669105623732 0
1111 0.003679914287205677 0.0006766264499046419 0
1112 0.003633926461253557 0.000663463790356443 0
1113 0.002895412114702122 0.0001716892029275908 0
1114 0.003252997261490773 0.0004155996176362491 0
1115 0.002896248106570245 8.638341236502422e-05 0
1116 0.001174239265528625 0.0001011596086197299 0
1117 0.001599835046129377 0.0003076305382759174 0
1118 0.001844368936525883 0.0006308120481396376 0
1119 0.001716015600965302 0.0006229694972485932 0
1120 0.0002508961902065411 0.000667436358825036 0
1121 0.001883577400273731 0.0001687924441168576 0
1122 0.001242680802371753 0.0002755454972282937 0
1123 0.00121131266723437 0.0002969247332806809 0
1124 0.002783089160126223 8.292295974666092e-05 0
1125 0.002820353797647464 0.0001686435166710615 0
1126 0.0006338203215364871 0.0001435780384861545 0
1127 0.00253540908354797 0.0006520781290661162 0
1128 0.002583429165074955 0.000668123221529425 0
1129 0.0007494841818268335 0.0004585419053819514 0
1130 0.0005372832116017521 0.0002383320692822895 0
1131 0.001201679143350286 0.0006159966600393583 0
1132 0.001813008559893486 0.0001643038020079635 0
1133 0.0004502657369013971 0.0002233905938234429 0
1134 0.0004032225205224417 0.0001943784517300775 0
1135 0.0004495817064119809 0.0001688483027766923 0
1136 0.0004042469886783161 0.0001380578587756193 0
1137 0.002745230891584177 0.000166623960183228 0
1138 0.001675516313686567 0.0006543682529833686 0
1139 0.001629339127873948 0.0006330206280982219 0
1140 0.0004005075606132828 0.0005229061022027219 0
1141 0.0009327880028769506 0.0004221904281259864 0
1142 0.0008930095121034783 0.0004451254000700505 0
1143 0.003889566961284929 0.0004968896784247668 0
1144 0.00394128269721465 0.0002168413232262301 0
1145 0.003282013556190368 0.0003839001999199055 0
1146 0.00173796653883905 0.000160462946054087 0
1147 0.003554701398166082 4.992259840541218e-05 0
1148 0.002670179976646933 0.0001632704763430748 0
1149 0.001960805678089895 0.0003272447746670065 0
1150 0.002000805882690298 0.00034134225567428 0
1151 0.002009097696299285 0.000384691250839606 0
1152 0.002040481513064857 0.0003571346850121455 0
1153 0.001920567700082602 0.000312812087933418 0
1154 0.003670265875413427 5.110055056638761e-05 0
1155 0.00154714862950751 0.0005912006852843711 0
1156 0.001504728172769986 0.0005730450750230019 0
1157 8.841971091911758e-05 0.0007512211996585068 0
1158 0.0001064267991370406 0.0003021996238465663 0
1159 0.002671452564155834 7.887526088441428e-05 0
1160 0.001804227923990291 0.0006632031932226145 0
1161 0.001852605427901295 0.0006839117518386013 0
1162 0.001662924836370015 0.0001566666436631132 0
1163 0.002595128649594688 0.0001599277797615683 0
1164 0.003909339939900603 0.0007474303755265024 0
1165 0.0002567764492978359 0.0003872850435211732 0
1166 0.0002080647807284357 0.0004144491806123069 0
1167 0.0009718287671206362 5.025799574559259e-05 0
1168 0.0009659515692842621 4.152220656656333e-05 0
1169 0.0009776942358441726 5.852146528407062e-05 0
1170 0.001582879162003657 0.0001498763773391841 0
1171 0.002520080440497215 0.0001565992392750136 0
1172 0.001351035510127439 0.0002890787237302897 0
1173 0.0005397835155425273 0.0001383749567777106 0
1174 0.0007572562197852015 0.0002742300512873205 0
1175 0.002412221838265768 0.0007080074736107047 0
1176 0.003469184083165266 0.0004235165044821114 0
1177 0.003809785854391565 0.0006579948946691472 0
1178 0.003860426967903059 0.000668643687980688 0
1179 0.003439567493765092 4.870031119503349e-05 0
1180 0.003773370694936441 0.0004427523116106963 0
1181 0.002445028746151312 0.0001532852756076144 0
1182 0.001506402687431844 0.0001447889552581156 0
1183 0.0009909058775264996 7.052588561728675e-05 0
1184 0.00259207120623551 7.645464089329964e-05 0
1185 0.002745377545932916 0.0006721758122286886 0
1186 0.00236997683186733 0.0001499890890568734 0
1187 0.001431366589800822 0.0001412847586457794 0
1188 0.0004909877478231541 0.0005175084427305407 0
1189 0.003456838162076241 0.0006730200639947125 0
1190 0.003409229261357612 0.0006617851862867571 0
1191 0.002068183428942911 0.0006802090347031926 0
1192 0.002118738644175633 0.0006467449348491025 0
1193 0.002027052888181525 0.0007052790862426563 0
1194 0.001061015842007783 1.821180583969827e-05 0
1195 0.001140632493220754 3.829972071216789e-05 0
1196 0.002889634035223558 0.0006675071919278048 0
1197 0.002483271471711019 7.316016244460086e-05 0
1198 0.003237132341023919 0.0006659995550435072 0
1199 0.003186126895904768 0.0006558814757881115 0
1200 0.00329127006792776 0.0006834476454410736 0
1201 0.003138361099254203 5.199562114352918e-05 0
1202 0.002294924761269395 0.000146712941075865 0
1203 0.003871779321900065 0.0004499550387350912 0
1204 0.001356330908976335 0.0001378300860934525 0
1205 0.0009946120389399012 5.011616506976407e-05 0
1206 0.003107474038060572 0.0003887362794060554 0
1207 0.003145503302330012 0.0003985103367701538 0
1208 0.0004444751820597906 0.0005994151795905619 0
1209 0.0004426028564492198 0.0006551329137560779 0
1210 0.00120700742139599 0.0001291320445905713 0
1211 0.003728338720365688 0.0006900442308299285 0
1212 0.001199514525626142 0.0005645340278310663 0
1213 0.002370509852882434 6.916380130954651e-05 0
1214 0.003499597138043277 0.0003941822900498803 0
1215 0.003253341682043805 5.417274926932059e-05 0
1216 0.001010999013546422 2.791538764566263e-05 0
1217 0.001007374895926569 1.861062860460176e-05 0
1218 0.002219872596102671 0.0001434590535481148 0
1219 0.001281295654377511 0.0001344263501749748 0
1220 0.001030793189483514 0.0004119504106691703 0
1221 0.002548567118931712 0.0003570673881655583 0
1222 0.002588756998039593 0.0003704955243543036 0
1223 0.002598393020627903 0.0004116109896787892 0
1224 0.0026275671832956 0.0003779263876854549 0
1225 0.002507408248855559 0.0003459814606378296 0
1226 0.001095949980860732 0.000209372066965685 0
1227 0.001108765953986683 0.0002382433198009661 0
1228 0.001142969435113826 0.0002411139304173582 0
1229 0.00111826776972116 0.000276627493518136 0
1230 0.001077142047770853 0.0002350891097779949 0
1231 0.001155707292324299 0.0002768822038108416 0
1232 0.001140531633733869 0.0003056901604017381 0
1233 0.000974983854668559 2.449144761599529e-05 0
1234 0.002142356815567017 0.0001478776907138575 0
1235 0.001722048314680277 0.0006725627685034667 0
1236 0.001933597808646224 0.0006695565179919167 0
1237 0.001027835458197186 0.0004565831424671946 0
1238 0.002067857028158314 0.000140384671044113 0
1239 0.0008764252581736122 6.860579215492527e-05 0
1240 0.0008583273636089289 8.98762889093806e-05 0
1241 0.001754355232473623 0.0002875803454450886 0
1242 0.001794745576936427 0.0003065949252420773 0
1243 0.003958399931383371 8.730119030250403e-05 0
1244 0.002453982655428651 0.0007311386798605247 0
1245 0.001992843107069318 0.0001375123892879817 0
1246 0.003200631210433517 0.0007075483421456383 0
1247 0.002727208609093229 4.450257804978802e-05 0
1248 0.00226548537507659 5.738416922494786e-05 0
1249 0.0009678816694685681 0.0004049268722624246 0
1250 0.001123150392462402 0.0001392132389170991 0
1251 0.001113180871453419 0.0001221378196070602 0
1252 0.001094371608281149 0.0001221231159301492 0
1253 0.001102977492108093 0.000104970374433625 0
1254 0.001388131337843846 0.0003056529178226286 0
1255 0.001381641736617728 0.0002626403834320608 0
1256 0.001392903449739739 0.0003468878046292757 0
1257 0.001917829898427698 0.0001346665201276744 0
1258 0.00203378404014477 0.0003147447613064119 0
1259 0.002072201108913718 0.0003310389577298936 0
1260 0.00207953725396824 0.0003722787574286706 0
1261 0.002111679796341095 0.0003458539354876378 0
1262 0.0001108974961294485 0.0002507704240351363 0
1263 0.001113386740130562 2.101561877032701e-05 0
1264 0.0004512071664302436 0.0001147974883943297 0
1265 0.0004065278890113401 9.094657926705626e-05 0
1266 0.001135897766233034 0.0001223517349448596 0
1267 0.001042894226604581 1.946524577876413e-05 0
1268 0.003900685940887582 0.0006304058401227018 0
1269 0.001842817372304705 0.000131848674590955 0
1270 0.000919252362241539 5.197762805925329e-05 0
1271 0.002842145486524849 4.569195467619004e-05 0
1272 0.001074394254816388 0.0006776314809121613 0
1273 0.0008120751577862162 0.0004909386182093679 0
1274 0.003381529677146171 4.285494524276312e-05 0
1275 0.003510045959953629 0.0006942586398807739 0
1276 0.001763771113674856 0.0001285103963284223 0
1277 0.003686408300775862 0.0004224811375172685 0
1278 0.002957974826882184 4.699560976444508e-05 0
1279 0.002182908192389808 5.976556130034283e-05 0
1280 0.0009952804203803543 1.816019309808513e-05 0
1281 0.001562846240192584 0.0003318946216880145 0
1282 0.001560477567943581 0.0002919284571482797 0
1283 0.001680752607722039 0.0003407684271943073 0
1284 0.001676612972641955 0.0003013074297283494 0
1285 0.003696267895328076 0.0007282963574768144 0
1286 0.002331813508298127 0.0003315632512581116 0
1287 0.002368691796930428 0.000346375189348527 0
1288 0.002379174614042077 0.0003867385740798414 0
1289 0.002295400838932823 0.000318141632604577 0
1290 0.002402288869665217 0.0003534670706912198 0
1291 0.001688746058481763 0.000125107363311572 0
1292 0.000933277208639491 0.0003797986942152601 0
1293 0.0007922658005917397 4.486850074917795e-05 0
1294 0.003657640396212403 0.000454156106214993 0
1295 0.003651629230456729 0.0004127440940234598 0
1296 0.001084435667448096 0.0001094507407608047 0
1297 0.002070285779312567 4.637066197349111e-05 0
1298 0.003940109881944319 0.0003918635745823145 0
1299 0.00230999294429563 4.107733091267751e-05 0
1300 0.00381977974166435 0.0004488141755068064 0
1301 0.003332727428852189 5.740211630822007e-05 0
1302 0.00211678440691773 0.0003856149096734985 0
1303 0.002150945781762937 0.0003588235785876115 0
1304 0.002143033232343623 0.000319034176021676 0
1305 0.002176690512218161 0.0003310203938812162 0
1306 0.001164735326076242 3.146342630658315e-05 0
1307 0.0009919393677455975 0.000202032846135482 0
1308 0.00101450972952249 0.000216666970257938 0
1309 0.001015183787382694 0.0002413157495745399 0
1310 0.001032222791962688 0.0002288214437477451 0
1311 0.001612886975496381 0.000121237130931733 0
1312 0.003496903646946789 4.34573291609872e-05 0
1313 0.003439477095508518 0.0004565171650966172 0
1314 0.003429338786053295 0.0004213049053045474 0
1315 0.001636543777524903 0.0002779944495684447 0
1316 0.001064933519692955 0.0002088722298621043 0
1317 0.003222403294268475 0.0004462144615936067 0
1318 0.00321674484652853 0.0004089064194847352 0
1319 0.003612378186456493 4.4744200884258e-05 0
1320 0.0008542864272463857 0.0004671349830021928 0
1321 0.001039519577263813 0.000251161694348127 0
1322 0.003003598783747573 0.0004358806449397625 0
1323 0.002996557022198568 0.0003977034002419458 0
1324 0.0006831729752212023 4.803283355515615e-05 0
1325 0.000712325942079563 8.982052382402306e-05 0
1326 0.001522254713359431 0.0002686116166219746 0
1327 0.001482998898156146 0.0002941200859807547 0
1328 0.001447343626510946 0.0002745257798558825 0
1329 0.00270673795725346 0.000437064874783855 0
1330 0.002697326737595442 0.0003943030575296707 0
1331 0.002729725968124203 0.0003683758377823437 0
1332 0.002690745439960982 0.0003486829355580532 0
1333 0.00240100179019028 0.0004253432539915978 0
1334 0.002190577526318039 0.0004065737305391129 0
1335 0.001810843141712362 0.0003917063358553394 0
1336 0.0004931782665261778 0.0006817897004344836 0
1337 0.001543115622376059 0.0001212504844393971 0
1338 0.0009258358605191061 0.0001324283612895223 0
1339 0.001080897608294112 1.792887378249575e-05 0
1340 0.002639488648872581 0.0004195372528276669 0
1341 0.001210496392162611 0.0002577954369624614 0
1342 0.001242351057311429 0.0002383875941667907 0
1343 0.001062572926234879 0.0004817170165270249 0
1344 0.0009366216635561691 1.625340980136421e-05 0
1345 0.000945824768441184 3.135375451847908e-05 0
1346 0.002065253074042823 0.0002903323844807418 0
1347 0.001989289383377198 0.0002944241891406699 0
1348 0.001956814906917567 4.551575939401023e-05 0
1349 0.0009879257808627939 5.447059642112661e-05 0
1350 0.001210099092486582 0.0003375559085044492 0
1351 0.001021286322294183 7.919952798980136e-05 0
1352 0.001025606387361705 8.90146719541721e-05 0
1353 0.001037454629346858 8.988555427677899e-05 0
1354 0.001031086287771829 0.0001001121408226913 0
1355 0.001044394360513688 0.0001004732235864617 0
1356 0.001038178091063672 0.0001117706806354533 0
1357 0.001023124733201026 0.0001102147088466951 0
1358 0.001052405851676374 0.0001118991206581474 0
1359 0.001058305264522707 9.736150694251929e-05 0
1360 0.00104402132015932 0.000124674967977558 0
1361 0.0003530072388567914 0.0001056097125687417 0
1362 0.00146885623291753 0.000118765773931225 0
1363 0.002429038169244817 3.85815442162878e-05 0
1364 0.0008847198063695581 2.258536157391836e-05 0
1365 0.001116736527666193 0.0007058470613988737 0
1366 0.001161872102511226 0.000676090032445558 0
1367 0.001175062557472044 0.0003133858411457451 0
1368 0.001143769677887369 0.0003431418886928572 0
1369 0.001632266665530129 0.0006867875082962698 0
1370 0.001582115940398281 0.000665763943190705 0
1371 0.001594009083487541 0.0007162705257250991 0
1372 0.001067280586954411 0.0001114704656949906 0
1373 0.003911472615776675 0.0004243431037125161 0
1374 0.001393830327121221 0.0001155124093085784 0
1375 0.001009389836320927 0.0001353151331413939 0
1376 0.0009921542837908366 0.0001336413021677817 0
1377 0.0009997341888785449 0.0001181865326829931 0
1378 0.0007512368950403608 0.0002260907171049476 0
1379 0.0007886800119171426 0.0002462651018178915 0
1380 0.003945956292986425 0.0004991815091175331 0
1381 0.00354035751234147 0.0004004383623003428 0
1382 0.00357947207550845 0.0004060632368214982 0
1383 0.003594127933072661 0.00044265795374261 0
1384 0.003602717514774869 0.0003705707941597721 0
1385 0.002136672654122392 4.174935813603016e-05 0
1386 0.003206098284671208 4.791750549745533e-05 0
1387 0.003158839597697748 0.0004353490741031411 0
1388 0.0007592118346350283 0.000173344429350068 0
1389 0.000712711060132223 0.0001581861141381588 0
1390 0.002844005315385369 0.0003579137439767684 0
1391 0.00288355267898682 0.0003746514630358593 0
1392 0.002895541665457929 0.0004130787997739984 0
1393 0.002924154113335972 0.0003837183940657563 0
1394 0.002936300093141648 0.0004226146742339576 0
1395 0.002797895029270377 0.0003493511068585565 0
1396 0.003422640545361087 0.0007133609095282715 0
1397 0.003066705592992992 0.0003703719770254525 0
1398 0.001165353822605876 0.000211472176307877 0
1399 0.003733507071156964 4.708263700575272e-05 0
1400 0.003795908134679998 5.244590896790027e-05 0
1401 0.0004431629879645402 0.0007121871561762504 0
1402 0.0005472637185242799 0.0006988862748688121 0
1403 0.0003938028389311339 0.0006858251055076213 0
1404 0.0003442581748121809 0.0007128884550331605 0
1405 0.001694112910945758 0.0004295387252025152 0
1406 0.0008697936657568925 0.000120960100160208 0
1407 0.001808605741406209 0.0003475715348829192 0
1408 0.001839544521792261 0.0003154756419719868 0
1409 0.001883892073215541 0.0003373626987977848 0
1410 0.0008656928128436474 0.0007502717597835116 0
1411 0.0008949272948236371 0.000700681270987512 0
1412 0.0009513068164133602 0.0006989237213221784 0
1413 0.0009215750226236445 0.0006541713453766568 0
1414 0.0009963577893170662 0.0006879883269450531 0
1415 0.0009901952784455677 0.0007428800496738939 0
1416 0.0008686805123538691 0.000654337201394144 0
1417 0.0013188045002521 0.0001123046161388873 0
1418 0.0007454278155047639 0.0007524596298862084 0
1419 0.003913190482651641 5.093269202281227e-05 0
1420 0.00157007799610236 0.0004196636742112952 0
1421 0.001243557520733536 0.0001093282396309357 0
1422 0.003326185824767373 0.0003882795537314948 0
1423 0.003366430255260227 0.0004012464046690131 0
1424 0.003383346960909584 0.0003616525891436923 0
1425 0.003376696179306082 0.0004445984339068709 0
1426 0.002477507542696211 0.0003724909873296951 0
1427 0.002256774756985254 0.000342914488215077 0
1428 0.0007635939330448403 0.0005084707406497571 0
1429 0.0007696930805419415 8.845113508986147e-05 0
1430 0.003961188365128812 0.0002620418803263739 0
1431 0.003918507545666106 0.000247681504068968 0
1432 0.001880725707104844 0.0002951276774798883 0
1433 0.001849303284608464 0.0002781065982866353 0
1434 0.0008370443554505454 0.0007005318312112627 0
1435 0.003570218939024051 0.0004799576111585904 0
1436 0.00108512491380994 0.0001387103248997392 0
1437 0.0008216149310490816 7.846952557563939e-05 0
1438 0.001688822596529216 0.0003843156240338091 0
1439 0.002770255056315294 0.0003798448004726637 0
1440 0.003790377488395049 0.0004826684775407023 0
1441 0.003351879563988651 0.0004775887346046198 0
1442 0.0005642250411082429 5.03870948495291e-05 0
1443 0.0005936388218146503 0.0001056097394459747 0
1444 0.001564234545078945 0.0003756711616230648 0
1445 0.001143214806997954 9.883763104293509e-05 0
1446 0.003548771784912873 0.0007469436107567081 0
1447 0.003567438440378876 0.0006967478835237874 0
1448 0.003305232485766439 0.000740984115668255 0
1449 0.003342621965711238 0.0006961292542860924 0
1450 0.001246719890894425 0.0004021072706295249 0
1451 0.003076330040824187 0.0007482806792948966 0
1452 0.003046095505369906 0.0006992736494724682 0
1453 0.002989738965657623 0.0006980088993878117 0
1454 0.003020192083700342 0.0006530506889437247 0
1455 0.003073929506119183 0.000656035667036503 0
1456 0.002958001564403322 0.0007482603476772698 0
1457 0.002971110820605661 0.0006454063514920378 0
1458 0.003103174347579373 0.0006978792251307558 0
1459 0.003128526260230961 0.000648337206208487 0
1460 0.0006541830314300157 9.517478820176911e-05 0
1461 0.003021842676299992 0.0003647451795927431 0
1462 5.93277582291718e-05 0.0002752315905815075 0
1463 0.0001071920953456158 0.0003597263053619908 0
1464 0.001017036502517904 0.000501684530144099 0
1465 0.001101578606176051 0.00050388054460031 0
1466 0.00283652385767607 0.0004764796418882042 0
1467 0.001312217662002092 0.000273159389454943 0
1468 0.00106774611495415 8.509380926261537e-05 0
1469 0.001702586055918511 0.0007526523418876533 0
1470 0.002553338635322651 4.443720459784131e-05 0
1471 0.002536173123777229 0.0004739677193430946 0
1472 0.002317378920121928 0.0004470535964115316 0
1473 0.0007500887709024403 0.0003222956205178305 0
1474 0.001941261425851586 0.0004424499686307232 0
1475 0.000626865671641792 0.0007482969908188398 0
1476 0.0006561922631545527 0.0007019352418921255 0
1477 0.0007166883291077532 0.0006988665672555805 0
1478 0.003850526908558399 0.0007522563126657924 0
1479 0.001817227843388547 0.0004371479274925625 0
1480 0.001086496183327838 0.0002987071313609471 0
1481 0.0008928030893225127 0.0004907688684465913 0
1482 0.0008574834291948251 0.0004241405684490947 0
1483 0.001021848390117863 4.332978284074659e-05 0
1484 0.001025812652727842 3.498979101820062e-05 0
1485 0.001036808460911789 3.242878329295175e-05 0
1486 0.000971416060059675 6.985095302236148e-05 0
1487 0.003667568875788144 0.0004988059377691318 0
1488 0.001068100989178053 4.059629625118922e-05 0
1489 0.001289872579484824 0.0005622341189411333 0
1490 0.001365749953289703 0.0004164608181164074 0
1491 0.001445876877567537 0.0004086712540329479 0
1492 0.001401630824525089 0.0003898385387383551 0
1493 0.001488921465861144 0.0007099132575384207 0
1494 0.001436233002084576 0.0007367539866266375 0
1495 0.002832504447579961 0.0007494209372938379 0
1496 0.002774348914504183 0.0007529072628194584 0
1497 0.002657156009994414 0.0007496996602735817 0
1498 0.002694002876300991 0.0006996839123467116 0
1499 0.002601521943342651 0.0007505346018548478 0
1500 0.002020086363585631 0.0004286061624308501 0
1501 0.001222037794855512 0.0007501176376716614 0
1502 0.001280722005407991 0.0007503183864117534 0
1503 0.001811953017205554 0.0007153920993991659 0
1504 0.001857529352527224 0.0007380345298784472 0
1505 0.001528273450574403 0.0006693656318875915 0
1506 0.002239399528325302 0.0007490807800824642 0
1507 0.0022683194396796 0.00069906886484695 0
1508 0.002211872096599952 0.0006990268489395594 0
1509 0.00223981368528838 0.0006511834138792235 0
1510 0.002183384050656711 0.0006500614499110295 0
1511 0.002213229152981515 0.0005959287236029353 0
1512 0.002322829445082614 0.0006958527220131403 0
1513 0.002156910540429625 0.0006966764980451929 0
1514 0.002159935935176932 0.0006032518402647664 0
1515 0.002362507595701444 0.000742774824644226 0
1516 0.002293327910501479 0.0006510252464081509 0
1517 0.003953857515718214 0.0006080746761472631 0
1518 0.00219572269755176 0.0004488538597827173 0
1519 0.002411091347426347 0.000475890260596719 0
1520 0.002713442530058437 0.0004834391719063817 0
1521 0.002573102887379481 0.0003310977578681848 0
1522 0.002611604430368826 0.0003367342382886575 0
1523 0.003944339248689949 0.0003050110719893035 0
1524 0.003012552651188351 0.0004800946438678698 0
1525 0.001917687562042609 0.0002763644809609957 0
1526 0.00323077637991379 0.0004908190735074041 0
1527 0.003449074482646627 0.0004981519611199711 0
1528 0.0001049163796852637 0.0006391856147638003 0
1529 0.000105340569994302 0.0005825699872137809 0
1530 0.002628484248500069 0.0006937278846577212 0
1531 0.00266107580714972 0.0006498466494177803 0
1532 0.0001525008595147333 0.0007379117126938815 0
1533 0.0001557830922468699 0.0005548033953802689 0
1534 0.0001565521207307339 0.0004974471002185856 0
1535 0.0001058940951732177 0.0005262607321124648 0
1536 0.0001067083686725205 0.0004687538899859635 0
1537 0.0001571799079622834 0.0004420732067541459 0
1538 0.0001484164806716363 5.082874448643365e-05 0
1539 0.0001189896505793516 0.0001015837832510012 0
1540 5.496710851564846e-05 9.501000512572946e-05 0
1541 8.806036445858662e-05 0.0001468528179597646 0
1542 0.0001529733926153511 0.0001569799329886022 0
1543 0.0009926734622268535 0.0002578341475745169 0
1544 0.000177493459238314 0.0001019191286962549 0
1545 0.0002360972564484001 0.0001003453668424822 0
1546 0.0002657387919493548 5.099256570658181e-05 0
1547 0.0002927221658793359 0.0001010766796258714 0
1548 0.002181967002118199 0.0007491300080330599 0
1549 0.0009399218155107306 6.052803086730146e-05 0
1550 0.0009509224483858698 5.196111599485982e-05 0
1551 0.001085432141887726 0.0002665620861060922 0
1552 0.0002690334229412178 0.0007548355489088838 0
1553 0.0006694286433034172 0.0004654613961493406 0
1554 0.001997314645249165 0.0001755224683560001 0
1555 0.00207280945126415 0.000180040883214652 0
1556 0.002027998836572321 0.0001408080211848186 0
1557 0.002146244485694777 0.0001855040889470822 0
1558 0.002104077991738834 0.0001453956756668759 0
1559 0.002221284731849006 0.0001903711072439891 0
1560 0.002296323628402398 0.000195273444837225 0
1561 0.002371361138095453 0.0002002080021582 0
1562 0.002446397227085788 0.0002051715931602113 0
1563 0.002521431865140044 0.0002101609531312718 0
1564 0.002596445534168537 0.0002151717518551093 0
1565 0.002671478844838378 0.0002202026035704027 0
1566 0.002746465549810126 0.000225954274636101 0
1567 0.002821483620900046 0.0002312368755988244 0
1568 0.002840170017966124 0.0002012023202045345 0
1569 0.002896523054424253 0.0002361290133398139 0
1570 0.002915223444028616 0.0002053648941119592 0
1571 0.002971565415574483 0.0002409686587952538 0
1572 0.002990270483759291 0.0002096624904344206 0
1573 0.003046606271338139 0.0002458098349109871 0
1574 0.003067574073795923 0.0002143118014898987 0
1575 0.003121643391134909 0.0002506668706742992 0
1576 0.00314190855691599 0.0002190700514739689 0
1577 0.003179406082382934 0.0002215007131533308 0
1578 0.003196554731067042 0.0002555876536005847 0
1579 0.003216923141858538 0.0002240325458456988 0
1580 0.003252726912837347 0.0002231556121227073 0
1581 0.003231812015276732 0.0001887801070849273 0
1582 0.003290161200461566 0.0002248445831331074 0
1583 0.003270900591433569 0.0002588590167639533 0
1584 0.003329681166849929 0.0002285632291758708 0
1585 0.0033470742609595 0.0002645693604133173 0
1586 0.00336849222516102 0.000233095964433623 0
1587 0.003407865265359381 0.0002364755169109299 0
1588 0.003381899739961919 0.000197096903300417 0
1589 0.003445677423913969 0.0002230160815910745 0
1590 0.003496702375615963 0.0002761736251010856 0
1591 0.003521042644332804 0.0002469469930103577 0
1592 0.003559114323369934 0.0002496246289602652 0
1593 0.003572416291523343 0.00028120339345336 0
1594 0.003596821490447251 0.0002520710893913812 0
1595 0.003634247632829945 0.0002543271352473657 0
1596 0.003647453398770773 0.0002861187077147028 0
1597 0.003830810329081033 0.0002106796968846889 0
1598 0.003807122095392184 0.0002413882925761993 0
1599 0.00376900651472119 0.0002365848375135806 0
1600 0.003843164735133924 0.0002422432907579505 0
1601 0.003721600423336092 0.0002909944942503383 0
1602 0.003708383315507801 0.0002587046891787768 0
1603 0.003672387980868609 0.000256973314601007 0
1604 0.003680863242300322 0.0002048982732165308 0
1605 0.003796734128709463 0.0002963714916704098 0
1606 0.003605830544441207 0.0002019320587720569 0
1607 0.003530839408052106 0.0001977944330554537 0
1608 0.003871714303562558 0.0003016056933639278 0
1609 0.003478093804537306 0.0002438919741775657 0
1610 0.00315622732287371 0.0001842188220547368 0
1611 0.00375522694224373 0.0002055694482729049 0
1612 0.002783510429863205 0.0001679675043322121 0
1613 0.002708438051545493 0.0001647246094183521 0
1614 0.002633376854822417 0.0001612680216561052 0
1615 0.002558317247092119 0.0001578239760788459 0
1616 0.002483256944665543 0.0001543961178013522 0
1617 0.00240819395549741 0.0001509844525157187 0
1618 0.002333130433372898 0.0001475925187670927 0
1619 0.002258066468788905 0.0001442226604964515 0
1620 0.0021825915534147 0.000142151864234835 0
1621 0.00195533667860345 0.0001360791157647962 0
1622 5.020895484384347e-05 0.0004305921340129805 0
1623 5.015423126082381e-05 0.0004868252271671269 0
1624 0.002052233105874874 0.0005717327646542286 0
1625 0.0001584931306892938 0.0002190576918867111 0
1626 0.001042886114587705 4.18457871428446e-05 0
1627 0.0009028451996784459 0.0001158556653196923 0
1628 5.002115723439773e-05 0.000600943860282937 0
1629 0.0009280701717989531 3.287949874843202e-05 0
1630 0.001027040782898499 0.0001868164489277943 0
1631 0.001842312333416402 4.207787955922868e-05 0
1632 0.001245378068091873 0.0003580702879839701 0
1633 0.002361891690134355 0.0003065220612756763 0
1634 0.000260167803962814 0.000155729558677815 0
1635 0.003133108086564558 0.0004696451683146236 0
1636 0.000256584584516635 0.0004986633752279468 0
1637 0.0005834870943523291 0.0002674799007381667 0
1638 0.0003995895422968855 0.0004685810433249839 0
1639 0.002467822872496556 0.0003289221112054012 0
1640 0.003104356892528521 0.000216837439247074 0
1641 0.0003049705278541097 0.0003599564592190858 0
1642 0.001421528407970377 0.0005794580612858186 0
1643 0.0005825359608874531 0.0003657707283192128 0
1644 0.000300780575457067 0.0006392410341020743 0
1645 0.001065208174010034 0.0001871818347447667 0
1646 0.0004469530391781461 0.0003345154321177426 0
1647 0.00110044922122037 8.706337580922908e-05 0
1648 0.001319861791118861 0.000219383428501034 0
1649 0.001395464483428552 0.0002244795824427447 0
1650 0.001467354497553781 0.0002254419986353141 0
1651 0.001542265671925467 0.0002323093396020772 0
1652 0.001617002658586884 0.0002376249354624018 0
1653 0.0003544850275464448 0.0002214461476048284 0
1654 0.001693015826018495 0.0002414673461730143 0
1655 0.001767453237937276 0.0002467969907929783 0
1656 0.003089919072741917 4.760178523676003e-05 0
1657 0.003038857272717638 5.050054740627627e-05 0
1658 0.002140148030073449 0.0002770584051511551 0
1659 0.002217114220128046 0.0002743344993967546 0
1660 0.002233593417397602 0.0003101676314831728 0
1661 0.002289429679119772 0.0002803119498355323 0
1662 0.001922242193471456 0.0001712443860484493 0
1663 0.002442076720205908 0.0002901376518756106 0
1664 0.002517243591957704 0.0002941165696465458 0
1665 0.002667124627562166 0.0003051711374921381 0
1666 0.002742467775867305 0.0003089511545122899 0
1667 0.002892274324484669 0.0003194998415480412 0
1668 0.002967359981003769 0.0003248195628516064 0
1669 0.002865932259957071 0.0004427951186600583 0
1670 0.003117351367098167 0.0003342310002059446 0
1671 0.003192332885537013 0.0003395571154027968 0
1672 0.003266719824231999 0.0003464606080945528 0
1673 0.003305217887676124 0.000350134770587997 0
1674 0.002567079071071519 0.0004411994168469275 0
1675 0.00235128149746493 0.0004161534259883265 0
1676 0.00371747867028056 0.0003702580158948603 0
1677 0.001976104656925346 0.0004136287215863192 0
1678 0.00124798749392371 0.0005388558039205303 0
1679 0.003761820108820118 8.960788088766014e-05 0
1680 0.0009204956224490714 0.0003417010360673668 0
1681 0.0009513080198598639 0.0003491778591462107 0
1682 0.0002068892238154816 0.0004703354581866698 0
1683 0.001358762369813679 0.0003721013710589122 0
1684 0.0006261732023744781 0.0003423681860368224 0
1685 0.0004927153636748265 0.0003096906143711943 0
1686 0.002004707353795728 0.0005545550168223627 0
1687 0.003749934716028051 0.0003769162454956277 0
1688 0.0005377296968437138 0.0004919323467062933 0
1689 0.0006728677819788724 0.0001754461087587556 0
1690 0.003081599904474039 0.0001805414385608954 0
1691 0.0008958716769014844 0.0004035331228334019 0
1692 0.0003557680459666385 0.0001662446365220314 0
1693 0.003827831404822301 0.0003829397478429419 0
1694 0.002935918694132014 0.0006947675224076039 0
1695 0.003905823040896024 0.0005418055100543787 0
1696 0.0006281075262810605 0.0005960338958183297 0
1697 0.003745641768005298 0.0002636756765298172 0
1698 0.001415544388438753 0.0005290797666284228 0
1699 0.0002567728552231694 0.0003319216039737442 0
1700 0.001008118730701819 4.562997913543006e-05 0
1701 0.0007139282520171417 0.0004893528652042249 0
1702 0.001879107435068788 0.0001327457620706183 0
1703 0.003881176581259538 8.927814509659601e-05 0
1704 0.003832954603460443 9.432415695882632e-05 0
1705 0.001012072712763714 7.749577375774539e-05 0
1706 0.001014753749178196 8.702043348166001e-05 0
1707 0.001017429672086241 9.802410286333856e-05 0
1708 0.001009843000568237 0.0001075929596496879 0
1709 0.00342200673902552 0.0002731477676515827 0
1710 0.001621888622994809 0.0005332606654972037 0
1711 0.001748218791049902 0.0005424820320408465 0
1712 0.001983557811745534 0.0006876155096294792 0
1713 0.001875359601876613 0.0005495331237560964 0
1714 0.001497230095996718 0.000522190497113771 0
1715 0.00129008636814172 0.0005138900479790228 0
1716 0.002255309270390716 0.00055772997752928 0
1717 0.002269666538828753 0.0006065384748788587 0
1718 0.002476973394182058 0.000586804127202705 0
1719 0.001105352716780263 0.0005527397954561367 0
1720 0.001153437103274943 0.0005737239322536556 0
1721 0.001136044960383267 0.0004751983385323518 0
1722 0.002605967091739963 0.0005823764027830543 0
1723 0.00138916195151726 0.0007115017542138534 0
1724 0.00278083538211102 0.0005905167118977043 0
1725 0.0002088586868023692 0.000359586814155125 0
1726 0.0029095606540482 0.0005817291002827886 0
1727 0.003082813455941649 0.0005808947423910028 0
1728 0.0009161697255940268 0.0002459052649673246 0
1729 0.0008911363857468471 0.0002260521343007512 0
1730 0.0008591767535801589 0.0002378173359177161 0
1731 0.0008354068246483014 0.0002099484111943179 0
1732 0.003306063184380815 0.0005950687316335552 0
1733 0.001342253844449219 0.0006869637833588116 0
1734 0.00394188842451928 0.0001280674153312521 0
1735 0.0007197002296793645 0.0006433258461298003 0
1736 0.003903919657198029 0.0002135399498365494 0
1737 0.00387298678775836 0.0005804199203640199 0
1738 0.003523680163294802 0.0005980719541225184 0
1739 0.001772543854271553 4.022029910224958e-05 0
1740 0.001658017125908388 3.747110348225219e-05 0
1741 0.003027447385113934 0.000211388042496046 0
1742 0.0007097015976622986 0.0004384875100671713 0
1743 0.001099360330301993 0.0004565920120634241 0
1744 0.003744774138439716 0.0006002230756040738 0
1745 0.003529224974047769 0.0003631187877635494 0
1746 0.0006272257373514379 0.0002937558244171024 0
1747 0.002026509901535011 4.196495213331926e-05 0
1748 0.002347593388664983 0.0005868093429050318 0
1749 0.001847831025945636 0.0001672312450554587 0
1750 0.0006013760260733983 0.0007032396475582759 0
1751 0.002697412923526922 0.000610940447736225 0
1752 0.0009872292015237652 6.286741705163756e-05 0
1753 0.003176375828642954 0.0006047918791239424 0
1754 0.0009820800522560272 1.470251294623519e-05 0
1755 0.003398021145542627 0.0006132625507962691 0
1756 0.003868296903601742 0.0001270462970258061 0
1757 0.0006289452007517185 0.0006531568820988167 0
1758 0.0009856649121475717 0.0001193111551084867 0
1759 0.0009747405474150358 0.0001108421654423743 0
1760 0.0009729038203469215 0.0001285995051061713 0
1761 0.002103145435406099 0.000307135853786619 0
1762 0.003618003202100972 0.0006165130664967963 0
1763 0.003322592307914512 0.0006423696829401257 0
1764 0.003683424067644663 0.0001199297024401506 0
1765 0.00304227827085194 0.0003298462859871333 0
1766 0.003645913890384633 0.0001185061762605652 0
1767 0.003570885334301603 0.00011576956394979 0
1768 0.00353335334413483 0.0001148751363198748 0
1769 0.003458322575037085 0.0001121432241004692 0
1770 0.003420794626200405 0.0001111100456035538 0
1771 0.003345839526958613 0.0001064601244237862 0
1772 0.002424289450129113 0.0003228920828460061 0
1773 0.001048436791181261 3.140322039387551e-05 0
1774 0.001994543865634632 0.0007432524891071088 0
1775 0.003270707507979155 0.0001001600027037404 0
1776 0.0004916942224795536 0.0004662906645120416 0
1777 0.003231459316321638 9.488095103487107e-05 0
1778 0.003007271213535905 0.0001772255718186249 0
1779 0.001142518243243816 0.0005283338005573551 0
1780 0.003158284783505923 9.887996293640321e-05 0
1781 0.003118123127493231 9.233423904505151e-05 0
1782 0.003954758673823455 0.0007161979066788256 0
1783 0.003046374531281403 9.404832443060017e-05 0
1784 0.001800580992596602 0.0001308213117608032 0
1785 0.002817229750559832 0.0003143033431187163 0
1786 0.0009455956332392967 0.0001533651778165963 0
1787 0.000856015574109702 0.0002733905763000558 0
1788 0.001592120068908246 0.0002680057234670488 0
1789 0.003908086933135152 0.0006917180849039893 0
1790 0.002973223851160989 8.874303226804947e-05 0
1791 0.001178463725331536 0.0003512042542557414 0
1792 0.002934586057107528 8.535775542148436e-05 0
1793 0.00291628205803175 4.555052586083621e-05 0
1794 0.001015571497728892 3.675677145465746e-05 0
1795 0.002858975032576174 8.508576082269563e-05 0
1796 0.001166124130844538 0.0001291486793542532 0
1797 0.002821055974019448 8.274108280291752e-05 0
1798 0.0009183519028508366 0.000216571991861736 0
1799 4.81870339496147e-05 0.0007136394576350886 0
1800 0.003541347784793158 0.0006470622170497098 0
1801 0.0001570136047222455 0.0003870773915940595 0
1802 0.002633682247499454 7.529013492819459e-05 0
1803 0.001275871565567752 0.0002572195912263132 0
1804 0.000537357635999742 0.0006487404771393669 0
1805 0.003640729540858593 0.0003734263553358481 0
1806 0.001031755973732033 0.0003733020869806797 0
1807 0.0001029509051163726 0.000413454366229225 0
1808 0.003003200746249735 0.0006063680028005215 0
1809 0.001147919444946172 0.0006239776083180815 0
1810 0.002087546566579012 0.0005399038376906705 0
1811 0.002952041712519221 0.0002069418089015913 0
1812 0.002911629210682955 0.0004548639535183473 0
1813 0.0001020308967167312 0.0006955769832958764 0
1814 0.002522703435069461 7.414187245740283e-05 0
1815 0.001775556617500666 0.0001621129317166669 0
1816 0.00261293282844765 0.0004539122857364017 0
1817 0.0005722582856540535 0.0007512380746065161 0
1818 0.003703609840804026 8.417347601165787e-05 0
1819 0.0008928252810809782 4.655667571518227e-05 0
1820 0.002063600772410268 0.0007401726743244306 0
1821 0.002221658082331076 6.096763216990994e-05 0
1822 0.00162657748454114 0.0005818985993635976 0
1823 0.001754419362819446 0.0005916337799786332 0
1824 0.001882432155702276 0.0005986690777399521 0
1825 0.00293221101668093 0.0001733626256770338 0
1826 0.001920843064727424 5.162978049414103e-05 0
1827 0.001724869285286877 0.0001275337718330027 0
1828 0.0009358339458086279 0.0006079143153071044 0
1829 0.001460392975716168 0.0005519362747893362 0
1830 0.002488008515560299 0.0006372986100523562 0
1831 0.002757182724376897 0.000342309680597854 0
1832 0.00390185532534698 0.0003877190448707164 0
1833 0.000448269433306488 5.488624161767278e-05 0
1834 0.001886674685139228 4.254038890962551e-05 0
1835 0.002743067834754013 0.000624009336300358 0
1836 0.0005831553794597125 0.0003165387043039721 0
1837 0.003244858115990277 0.0003776893681357355 0
1838 0.001711874316387019 0.0002776870415372873 0
1839 0.001732687705659088 4.270449865586022e-05 0
1840 0.001807186604775864 4.764527167734801e-05 0
1841 0.002501564501480666 0.0006996334316579406 0
1842 0.000856526816539833 0.0003850575206283915 0
1843 0.003423523960788876 0.0003563937022179891 0
1844 0.0004455783764504531 0.0004925991447456281 0
1845 0.002051356379244202 0.0003993674001764772 0
1846 0.002877010580719701 0.0002025779003363534 0
1847 0.001700411536496284 0.0001581931730083753 0
1848 0.001621770295120983 4.338192587975226e-05 0
1849 0.001693644461510595 4.55617180102397e-05 0
1850 0.001585625714514263 3.68511392074217e-05 0
1851 0.0007885569658423125 0.0003081868760573601 0
1852 0.003308054481846997 0.0001915246142569932 0
1853 0.0002036870632132872 0.0006967983985872881 0
1854 0.001543984145488338 3.494712950260337e-05 0
1855 0.003761280923477776 0.0006488190926739904 0
1856 0.001243511711734693 2.711963768365933e-05 0
1857 0.003455915241099415 0.0001922671632988198 0
1858 0.002593699503101206 0.0003005497490314347 0
1859 0.001103228674426229 3.809978514013128e-05 0
1860 0.001076296714653482 0.00012420993001237 0
1861 0.003152140129012658 0.0006905750198290099 0
1862 0.002982727394857449 0.0003608938937316092 0
1863 0.001042953490476704 8.099500450763325e-05 0
1864 0.001028656819958353 2.357209402063375e-05 0
1865 0.002922858008652331 0.0006335830507522111 0
1866 0.0009822199074008794 7.053479306632986e-05 0
1867 0.002857460762693123 0.0007033331196443409 0
1868 0.001649688992884867 0.0001241833981857381 0
1869 0.002857780668505902 0.0001704172164847329 0
1870 0.002803413664889443 4.739446731940531e-05 0
1871 0.002616871191852397 0.0006346852697572614 0
1872 0.002102760181701333 0.0005897827238049922 0
1873 0.003758904591000188 0.0001291448577340286 0
1874 0.001196206791586297 2.630992806052683e-05 0
1875 0.0008257979269970486 0.0002515154610020166 0
1876 0.001177487236422445 0.0002461589553131029 0
1877 0.001992391940548541 0.0002568449697958506 0
1878 0.002650848174047343 0.00034126920946485 0
1879 0.0009672240661357456 5.956775799818891e-05 0
1880 0.001587620921198099 0.0006113822173466724 0
1881 0.001036450088960302 0.000206697044490406 0
1882 0.001017255559248459 0.0002693788385786144 0
1883 0.001760888672717012 0.0006422886884077292 0
1884 0.001104477611940298 0.0007568574814025555 0
1885 0.002087119385696445 0.0004072695118874102 0
1886 0.0008523861710657791 0.0006108662561979508 0
1887 0.001889705577542902 0.0006509065620897057 0
1888 0.003647794093492895 0.0007114342661423815 0
1889 0.001622548531262801 0.000155414951939389 0
1890 0.002803980526674478 0.0002004869923256488 0
1891 0.003915453471880451 0.0004626181102679273 0
1892 0.0009525435074877993 0.0001319302576643058 0
1893 0.001058987099035078 0.0001252177180475794 0
1894 0.001902659346753152 0.0007085481480886611 0
1895 0.00382673214178883 0.0007052484058829004 0
1896 0.001680263667157001 0.0007042377273265225 0
1897 0.003195126743575777 0.0007607591587487699 0
1898 0.002745360749408289 8.148592772573457e-05 0
1899 0.002945602676653108 0.0003554885826447824 0
1900 0.001075293715496215 9.749458004114511e-05 0
1901 0.00101698098157908 0.0001216195701073631 0
1902 0.00158035385197522 0.000114369530525791 0
1903 0.0009457307678316306 0.0003212104682097083 0
1904 0.002766271929640138 0.0001984004675044525 0
1905 0.003492686959500264 0.0003567181479315638 0
1906 0.0004459102204995465 0.0005454838818819927 0
1907 0.0005015078695204979 0.0001012654543010778 0
1908 0.0008209286570841745 0.0004049300230735363 0
1909 0.002608969613990058 3.893539528855946e-05 0
1910 0.00384419950277707 0.0004162234037875477 0
1911 0.001210853245872779 0.0006684096219009917 0
1912 0.0009622687937240399 2.850586236334665e-05 0
1913 0.0009883060659990441 4.785509840023129e-05 0
1914 0.00104723039717251 0.0001401152042776249 0
1915 0.001123225167579767 0.0001075000854012071 0
1916 0.0001053959087021759 0.0001996447002277345 0
1917 0.003894038334446941 0.0002746758888959761 0
1918 0.003880334766970827 0.0002440448567289473 0
1919 0.003740437916191996 0.000753547779404351 0
1920 0.001544051994362312 0.0001554502181604472 0
1921 0.003777151678342828 0.0007010512986560984 0
1922 0.002729133056444234 0.0001967294513743884 0
1923 0.002547289452116925 0.0007006854637462805 0
1924 0.0009683059092213356 1.383299471352333e-05 0
1925 0.003050797994611144 0.0006147093550049581 0
1926 0.0004896019114690078 0.0002519154810355842 0
1927 0.001469187246041224 0.0006062164642638982 0
1928 0.002412906596983649 0.0007563841956230911 0
1929 0.0005374952118727921 0.0002871815954291273 0
1930 0.003169095331653391 0.0003696066548712328 0
1931 0.001948630173426838 0.0002938822683255018 0
1932 0.002708059192628119 8.238892922478417e-05 0
1933 0.001768213452464723 0.0006948920778042211 0
1934 0.001506242408545087 0.0001117882740475427 0
1935 0.001000690362658972 0.0003895652059450313 0
1936 0.003800694593914812 0.0004161585619848793 0
1937 0.002705343970006822 0.0006546356840287509 0
1938 0.0004926075363156134 0.0002011201896766532 0
1939 0.002691440384749618 0.0001945326026969015 0
1940 0.001841535709009792 0.000246860464076016 0
1941 0.003590040737708967 0.0006550996965214955 0
1942 0.001210951903216142 0.0005135196165994764 0
1943 0.0003996966189493806 0.0005761183256062669 0
1944 4.720433666446141e-05 0.0003227798801461867 0
1945 0.001030592752087248 0.0001217428006420657 0
1946 0.001121816907452509 3.9488806520181e-05 0
1947 0.001515315112030049 0.0006234191029763752 0
1948 0.001468887602030039 0.0001514642077766655 0
1949 0.0009940785134653146 2.736284419914214e-05 0
1950 0.001061211811735656 3.232401327608392e-05 0
1951 0.002654460526264375 0.0001930993731427634 0
1952 0.003588872003375167 8.279857931578483e-05 0
1953 0.003629731898008175 8.45829341001928e-05 0
1954 0.0003982520979884279 0.0006296125671002122 0
1955 0.001339436665088256 0.0002527267467819405 0
1956 0.003207134218434966 0.0003722857659338778 0
1957 0.0002069539910690942 0.0001411826755472883 0
1958 0.002664473368691238 0.0003810316882201326 0
1959 0.0038323175361381 0.0001324561747496915 0
1960 0.001431368129967915 0.0001088845423496533 0
1961 0.002198697018971339 0.0003044140010746476 0
1962 0.002176885584695244 0.0005647906055469429 0
1963 0.002616527378193766 0.0001906552683014665 0
1964 0.00142894102280947 3.274164834269559e-05 0
1965 0.001473114303503227 3.337684208674918e-05 0
1966 0.002153805291685639 0.0003961153713160436 0
1967 0.0009719041368293913 3.369976778339989e-05 0
1968 0.002659108059720736 3.743039131202128e-05 0
1969 0.002331518041003964 6.929119007711428e-05 0
1970 0.003435949990878661 0.0007559657358332166 0
1971 0.001359151863891953 3.158466098821997e-05 0
1972 0.002958940028170058 0.0003936742766070153 0
1973 0.002908638144444914 0.0003493106504394457 0
1974 3.906215425249432e-05 0.0001432329514379054 0
1975 0.002370225776113633 0.0006888388269772352 0
1976 0.002762997280271105 5.12611865683178e-05 0
1977 0.001991450636990551 5.150643094327758e-05 0
1978 0.003131869125241233 0.0003642519514758015 0
1979 0.001393858065179675 0.0001476751000385042 0
1980 0.0009234135018481616 0.0001114844198779331 0
1981 0.002109559053256669 0.000702547059850059 0
1982 0.003916954131235405 0.0005836382916043567 0
1983 0.002104889234028201 5.336141119883597e-05 0
1984 0.002533444728354812 0.0003234759334641076 0
1985 0.0004477611940298524 0.0007608427172752975 0
1986 0.00257935124406 0.0001891117479049054 0
1987 0.001201190945921134 0.0007071460934720674 0
1988 0.002216712200895659 0.000339999317536928 0
1989 0.00206747103893063 0.00025867804545044 0
1990 0.003855207493093358 0.0002738794317940702 0
1991 0.0004953448814961621 0.0001507135075477142 0
1992 0.00147859693829735 0.0002571208052157077 0
1993 0.0003467844101571497 0.000663526018428693 0
1994 0.001356340647269931 0.0001058607677627464 0
1995 0.003290714665294204 6.260004587925163e-05 0
1996 0.002408067571936236 7.210209774297381e-05 0
1997 0.0009603007361467077 0.0001144353340596491 0
1998 0.001785090958679403 0.00027375140362882 0
1999 0.002437828498055444 0.0003615612195744199 0
2000 0.002185513372530218 0.0003682075831217934 0
2001 0.0007763519221455025 0.0007127027534618929 0
2002 0.002541291541800257 0.0001864423066507543 0
2003 0.0009387201342549393 4.441368686376171e-05 0
2004 0.0003760525528870406 4.610666319411857e-05 0
2005 0.0009617860773580441 5.114094694836833e-05 0
2006 0.0003274371810704337 0.0007594782276224218 0
2007 0.0002955371328273331 0.0007023336672143839 0
2008 0.001030255643568851 0.0006549003727393479 0
2009 0.003408375128621297 0.0003870140454880521 0
2010 0.003817110559232427 0.0002725818272251766 0
2011 0.002312571685020324 0.0006115125666070481 0
2012 0.003454384201782584 0.0003880289485708419 0
2013 0.002674689095195114 0.0004217017963010072 0
2014 0.003659177926081144 0.0007567420214411303 0
2015 0.002503210011511093 3.691327174525078e-05 0
2016 0.001318828712721189 0.0001439399976680009 0
2017 0.002392266917496836 4.17308312822444e-05 0
2018 0.003666589114450985 9.165856787579082e-05 0
2019 0.00181681259322896 0.000761157774171916 0
2020 0.001394763829675969 0.0007586521516605647 0
2021 0.001083278473237142 0.0001909171301557601 0
2022 0.001063220405335479 0.000255584428334271 0
2023 0.001508352876933651 4.049202563966567e-05 0
2024 0.0003134026632515656 0.0001450001634893505 0
2025 0.0009902963354176881 8.233582434712941e-06 0
2026 0.003475637788646299 8.034499948133969e-05 0
2027 0.002556330155325525 8.184270842461166e-05 0
2028 0.002503713065834274 0.0001843912202369348 0
2029 0.0006869853360245092 0.0001306299937000248 0
2030 0.003781044798295313 0.000269080891114024 0
2031 0.001302313444760544 0.0007083670034762737 0
2032 0.001280542488235231 0.0001028883935395828 0
2033 0.001672733956678184 0.0002669276175046081 0
2034 0.002971543071043556 0.0004223533677779354 0
2035 0.0008965618039576473 0.0002002714759868344 0
2036 0.003518293704675152 8.118202895212971e-05 0
2037 0.001019406318128887 2.945075175785501e-05 0
2038 0.0005458884908857127 9.25193638371735e-05 0
2039 0.002724014367174331 0.0003349983914868854 0
2040 0.003960929604218269 3.899856659786335e-05 0
2041 0.00124512829992766 0.0001402070006173558 0
2042 0.003734889265269108 0.000231435859739681 0
2043 0.00246595247716506 0.0001820693518661388 0
2044 0.003974381683042285 0.0003916859420153143 0
2045 0.002367628648028845 0.0002766088597964045 0
2046 0.0007358288188776371 0.0001266463410611679 0
2047 0.003615247316363478 0.0004075978870920409 0
2048 0.0006801593185736536 0.0006630727692524065 0
2049 0.0008202738940385689 0.0004456657176461871 0
2050 0.003368270371438856 0.0006524133147677025 0
2051 0.003405264708226254 7.913828674425147e-05 0
2052 0.002996198661335202 5.569072132609819e-05 0
2053 0.001206544576745473 9.900896163662454e-05 0
2054 0.001072473907236524 2.934929663105389e-05 0
2055 0.001146947459313629 1.905592574893771e-05 0
2056 0.001047530301490534 9.036203983218028e-05 0
2057 0.003095860219310444 0.0006196587848056557 0
2058 0.003917529967227174 9.327133123091777e-05 0
2059 0.002445985943459537 7.234251135449958e-05 0
2060 0.003925433693736127 0.0002787067328944004 0
2061 0.001580408116599763 0.000761109542640491 0
2062 0.003755253704649466 0.0004108905434751685 0
2063 4.370569909620042e-05 4.317348012130716e-05 0
2064 0.002428389254057722 0.0001800279402605556 0
2065 0.001559281581901445 0.0002587693563945495 0
2066 0.002873569463512092 0.0003438597907765283 0
2067 0.003698026375904697 0.0002289123949436495 0
2068 4.323743340271542e-05 0.0007574424803929905 0
2069 0.001474561492457681 0.0007601897011123714 0
2070 0.001242584280272236 0.0002068141069629667 0
2071 0.0008656021404829046 4.198094958224004e-05 0
2072 0.001178640007953884 0.0005336422959546041 0
2073 0.001096560491555989 2.263652056872439e-05 0
2074 0.001054561529872667 0.0002301155120788542 0
2075 0.003975342684504354 0.000215081064507349 0
2076 0.002390873349784684 0.0003229522472568438 0
2077 0.002390549059736291 0.0001775370516697968 0
2078 0.001003037682105805 9.188129653380081e-06 0
2079 0.003173594913845178 5.9404828692051e-05 0
2080 0.001314681572830626 3.080273400263127e-05 0
2081 0.003660335286627315 0.0002271597767256848 0
2082 0.0009819643313061792 0.0001446446323763987 0
2083 0.001007132219293757 8.419299749980842e-05 0
2084 0.000806504066534815 0.0002217766821888204 0
2085 0.003255305091759724 0.0007089689002430194 0
2086 0.001393839892434448 3.811505140354843e-05 0
2087 0.0009556801630151478 4.037166931818734e-05 0
2088 0.003796657880147218 9.017911562384255e-05 0
2089 0.001186458947148113 0.000278015238054589 0
2090 0.001005338683803679 4.162535272239783e-05 0
2091 0.002352973283993524 0.0001754559803189931 0
2092 0.003181632038296481 0.000403416408923672 0
2093 0.002464241782650025 4.41994979521278e-05 0
2094 0.003465051295900187 0.0007158989614205503 0
2095 0.003384174717358643 0.0006970451024702285 0
2096 0.003871022578257209 0.0007130593733919745 0
2097 0.001410796219960422 0.0002831191276681488 0
2098 0.001418793636850801 0.0002529280791034478 0
2099 0.003960178283073761 0.0007613513380976693 0
2100 0.0009986021637147994 0.0004282700630716459 0
2101 0.003622789486207269 0.0002251540189113951 0
2102 0.002494301565461073 0.0007579327503991226 0
2103 0.002263659284074649 0.0003066573324445826 0
2104 0.001815755171993278 0.0002776728097613858 0
2105 0.003553221156930567 8.890958138859826e-05 0
2106 0.003397152142908712 0.0004185492685015763 0
2107 0.001077659643296348 0.0007219102806630361 0
2108 0.003627727747843418 0.000440041657218316 0
2109 0.0009748275213078801 0.0003708895113093921 0
2110 0.001547406375329862 0.0007128555827993128 0
2111 0.002877609852349446 5.254233074494921e-05 0
2112 0.002691844087867934 5.198709273862134e-05 0
2113 0.0009750813990346808 0.0003332935681919756 0
2114 0.001730418187790526 0.0007163238755778048 0
2115 0.002315015370421378 0.0001726907373400548 0
2116 0.00099441942365151 6.469198502429035e-05 0
2117 0.0023555045854518 3.6646346251048e-05 0
2118 0.002746023682063738 0.000717135092044214 0
2119 0.003878450225142278 0.0004150873948735194 0
2120 0.00101033847816443 4.10205276095258e-05 0
2121 0.0005767310167139935 0.0006659244210645458 0
2122 0.003584894771561259 0.0002235377874322002 0
2123 0.0008372289817230559 0.0001089418228192492 0
2124 0.002496818605692479 0.0003167430062560613 0
2125 0.003475382712361747 0.0002147905368834168 0
2126 0.001279148099966053 3.529029298464571e-05 0
2127 0.0002459432014435205 0.0007137063035172415 0
2128 0.002277412649569308 0.0001705239490014127 0
2129 0.003096966017659512 0.0003570625125061408 0
2130 0.003715939711281498 0.0004022419104714337 0
2131 0.001017065334615677 2.011149010356815e-05 0
2132 0.002411215073551255 0.0003891241693984865 0
2133 0.002167080225991056 0.0002996419682609661 0
2134 0.0008515076606415933 6.323999789529746e-05 0
2135 0.003441574598384087 0.000251707731217543 0
2136 0.003547711670712206 0.0002210441682922659 0
2137 0.001552094810741669 0.000632226316137143 0
2138 0.003369733667506817 7.897804217572212e-05 0
2139 0.001113918219469167 0.0003504023859261228 0
2140 0.00397275517118053 0.0001306609269761959 0
2141 0.002239870311175743 0.0001684827502215515 0
2142 0.0008018806590880008 0.000682289388701489 0
2143 0.003408576919235276 0.0004455781827163555 0
2144 0.0009962554557382381 0.000463449811530383 0
2145 0.0039748875288502 0.0003083199289742544 0
2146 0.002587366473691846 0.0007088293384440174 0
2147 0.0008946891557783305 0.0006233472049023415 0
2148 0.002894633970027099 0.0007034762061996473 0
2149 0.001896601279946248 0.0007591594765272786 0
2150 0.002115687004025753 0.0004263769231763039 0
2151 0.001949613776946358 0.0007107775676913784 0
2152 0.001918031404601025 0.000245708434849945 0
2153 0.003507717278718158 0.0002200144119266059 0
2154 0.002296550725076654 7.282026886932581e-05 0
2155 0.002202268126935557 0.0001666612444084829 0
2156 0.001012861251634356 1.178119063426498e-05 0
2157 0.001130550779746452 2.357201435032277e-05 0
2158 0.001038933983190415 0.0007079807946281415 0
2159 0.001448518002904976 0.0002467696201419164 0
2160 0.003192627520426451 0.000433515635201123 0
2161 0.002240387288641698 3.13207814803894e-05 0
2162 0.001301507219122029 0.000244048506583389 0
2163 0.0007843909931518418 0.000467274129124818 0
2164 0.001111752806736309 0.0003153532737458758 0
2165 0.002205270121834315 3.026635824037957e-05 0
2166 0.001162655482191657 0.0003773684341353481 0
2167 0.000779956549111374 0.0002098253792326398 0
2168 0.003439917438375027 8.628737342492954e-05 0
2169 0.0009920885875540275 4.497803238395174e-05 0
2170 6.558089226980706e-05 0.0002285611583611109 0
2171 0.0009999137837995405 0.0001042558797808936 0
2172 0.002166238425962719 0.0001675687992203785 0
2173 0.0009874174586649495 7.721426428105866e-05 0
2174 0.0007953768348700481 0.0002764729569282824 0
2175 0.003609548758465898 0.0006941450240261125 0
2176 0.001413781213556682 0.0003227894348204086 0
2177 0.001015245500802024 0.0001993648726468738 0
2178 0.001090372916594952 9.622499947069675e-05 0
2179 0.001034407998037756 1.080532656816749e-05 0
2180 0.003065078079228381 7.040581115978219e-05 0
2181 0.003355699396661254 0.000375079108365199 0
$EndNodes
$Elements
4688
1 15 2 0 167 1
2 15 2 0 168 2
3 15 2 0 169 3
4 15 2 0 170 4
5 15 2 0 171 5
6 15 2 0 172 6
7 15 2 0 173 7
8 15 2 0 174 8
9 15 2 0 175 9
10 15 2 0 176 10
11 15 2 0 177 11
12 15 2 0 178 12
13 15 2 0 179 13
14 15 2 0 180 14
15 15 2 0 181 15
16 15 2 0 182 16
17 15 2 0 183 17
18 15 2 0 184 18
19 15 2 0 185 19
20 15 2 0 186 20
21 15 2 0 187 21
22 15 2 0 188 22
23 15 2 0 189 23
24 15 2 0 190 24
25 15 2 0 191 25
26 15 2 0 192 26
27 15 2 0 193 27
28 15 2 0 194 28
29 15 2 0 195 29
30 15 2 0 196 30
31 15 2 0 197 31
32 15 2 0 198 32
33 15 2 0 199 33
34 15 2 0 200 34
35 15 2 0 201 35
36 15 2 0 202 36
37 15 2 0 203 37
38 15 2 0 204 38
39 15 2 0 205 39
40 15 2 0 206 40
41 15 2 0 207 41
42 15 2 0 208 42
43 15 2 0 209 43
44 15 2 0 210 44
45 15 2 0 211 45
46 15 2 0 212 46
47 15 2 0 213 47
48 15 2 0 214 48
49 15 2 0 215 49
50 15 2 0 216 50
51 15 2 0 217 51
52 15 2 0 218 52
53 15 2 0 219 53
54 15 2 0 220 54
55 15 2 0 221 55
56 15 2 0 222 56
57 15 2 0 223 57
58 15 2 0 224 58
59 15 2 0 225 59
60 15 2 0 226 60
61 15 2 0 227 61
62 15 2 0 228 62
63 15 2 0 229 63
64 15 2 0 230 64
65 15 2 0 231 65
66 15 2 0 232 66
67 15 2 0 233 67
68 15 2 0 234 68
69 15 2 0 235 69
70 15 2 0 236 70
71 15 2 0 237 71
72 15 2 0 238 72
73 15 2 0 239 73
74 15 2 0 240 74
75 15 2 0 241 75
76 15 2 0 242 76
77 15 2 0 243 77
78 15 2 0 244 78
79 15 2 0 245 79
80 15 2 0 246 80
81 15 2 0 247 81
82 15 2 0 248 82
83 15 2 0 249 83
84 15 2 0 250 84
85 15 2 0 251 85
86 15 2 0 252 86
87 15 2 0 253 87
88 15 2 0 254 88
89 15 2 0 255 89
90 15 2 0 256 90
91 15 2 0 257 91
92 15 2 0 258 92
93 15 2 0 259 93
94 15 2 0 260 94
95 15 2 0 261 95
96 15 2 0 262 96
97 15 2 0 263 97
98 15 2 0 264 98
99 15 2 0 265 99
100 15 2 0 266 100
101 15 2 0 267 101
102 15 2 0 268 102
103 15 2 0 269 103
104 15 2 0 270 104
105 15 2 0 271 105
106 15 2 0 272 106
107 15 2 0 273 107
108 15 2 0 274 108
109 15 2 0 275 109
110 15 2 0 276 110
111 15 2 0 277 111
112 15 2 0 278 112
113 15 2 0 279 113
114 15 2 0 280 114
115 15 2 0 281 115
116 15 2 0 282 116
117 15 2 0 283 117
118 15 2 0 284 118
119 15 2 0 285 119
120 15 2 0 286 120
121 15 2 0 287 121
122 15 2 0 288 122
123 15 2 0 289 123
124 15 2 0 290 124
125 15 2 0 291 125
126 15 2 0 292 126
127 15 2 0 293 127
128 15 2 0 294 128
129 15 2 0 295 129
130 15 2 0 296 130
131 15 2 0 297 131
132 15 2 0 298 132
133 15 2 0 299 133
134 15 2 0 300 134
135 15 2 0 301 135
136 15 2 0 302 136
137 15 2 0 303 137
138 15 2 0 304 138
139 15 2 0 305 139
140 15 2 0 306 140
141 15 2 0 307 141
142 15 2 0 308 142
143 15 2 0 309 143
144 15 2 0 310 144
145 15 2 0 311 145
146 15 2 0 312 146
147 15 2 0 313 147
148 15 2 0 314 148
149 15 2 0 315 149
150 15 2 0 316 150
151 15 2 0 317 151
152 15 2 0 318 152
153 15 2 0 319 153
154 15 2 0 320 154
155 15 2 0 321 155
156 15 2 0 322 156
157 15 2 0 323 157
158 15 2 0 324 158
159 15 2 0 325 159
160 15 2 0 326 160
161 15 2 0 327 161
162 15 2 0 328 162
163 15 2 0 329 163
164 15 2 0 330 164
165 15 2 0 331 165
166 15 2 0 332 166
167 15 2 0 333 167
168 15 2 0 334 168
169 15 2 0 335 169
170 15 2 0 336 170
171 15 2 0 337 171
172 15 2 0 338 172
173 15 2 0 339 173
174 15 2 0 340 174
175 15 2 0 341 175
176 15 2 0 342 176
177 15 2 0 343 177
178 15 2 0 344 178
179 15 2 0 345 179
180 15 2 0 346 180
181 15 2 0 347 181
182 15 2 0 348 182
183 15 2 0 349 183
184 15 2 0 350 184
185 15 2 0 351 185
186 15 2 0 352 186
187 15 2 0 353 187
188 15 2 0 354 188
189 15 2 0 355 189
190 15 2 0 356 190
191 15 2 0 357 191
192 15 2 0 358 192
193 15 2 0 359 193
194 15 2 0 360 194
195 15 2 0 361 195
196 15 2 0 362 196
197 15 2 0 363 197
198 15 2 0 364 198
199 15 2 0 365 199
200 15 2 0 366 200
201 15 2 0 367 201
202 15 2 0 368 202
203 15 2 0 369 203
204 15 2 0 370 204
205 15 2 0 371 205
206 15 2 0 372 206
207 15 2 0 373 207
208 15 2 0 374 208
209 15 2 0 375 209
210 15 2 0 376 210
211 15 2 0 377 211
212 15 2 0 378 212
213 15 2 0 379 213
214 15 2 0 380 214
215 15 2 0 381 215
216 15 2 0 382 216
217 15 2 0 383 217
218 15 2 0 384 218
219 15 2 0 385 219
220 15 2 0 386 220
221 15 2 0 387 221
222 15 2 0 388 222
223 15 2 0 389 223
224 15 2 0 390 224
225 15 2 0 391 225
226 15 2 0 392 226
227 15 2 0 393 227
228 15 2 0 394 228
229 15 2 0 395 229
230 15 2 0 396 230
231 15 2 0 397 231
232 15 2 0 398 232
233 15 2 0 399 233
234 15 2 0 400 234
235 15 2 0 401 235
236 15 2 0 402 236
237 15 2 0 403 237
238 15 2 0 404 238
239 15 2 0 405 239
240 15 2 0 406 240
241 15 2 0 407 241
242 15 2 0 408 242
243 15 2 0 409 243
244 15 2 0 410 244
245 15 2 0 411 245
246 15 2 0 412 246
247 15 2 0 413 247
248 15 2 0 414 248
249 15 2 0 415 249
250 15 2 0 416 250
251 15 2 0 417 251
252 15 2 0 418 252
253 15 2 0 419 253
254 15 2 0 420 254
255 15 2 0 421 255
256 15 2 0 422 256
257 15 2 0 423 257
258 15 2 0 424 258
259 15 2 0 425 259
260 15 2 0 426 260
261 15 2 0 427 261
262 15 2 0 428 262
263 15 2 0 429 263
264 15 2 0 430 264
265 15 2 0 431 265
266 15 2 0 432 266
267 15 2 0 433 267
268 15 2 0 434 268
269 15 2 0 435 269
270 15 2 0 436 270
271 15 2 0 437 271
272 15 2 0 438 272
273 15 2 0 439 273
274 15 2 0 440 274
275 15 2 0 441 275
276 15 2 0 442 276
277 15 2 0 443 277
278 15 2 0 444 278
279 15 2 0 445 279
280 15 2 0 446 280
281 15 2 0 447 281
282 15 2 0 448 282
283 15 2 0 449 283
284 15 2 0 450 284
285 15 2 0 451 285
286 15 2 0 452 286
287 15 2 0 453 287
288 15 2 0 454 288
289 15 2 0 455 289
290 15 2 0 456 290
291 15 2 0 457 291
292 15 2 0 458 292
293 15 2 0 459 293
294 15 2 0 460 294
295 15 2 0 461 295
296 15 2 0 462 296
297 15 2 0 463 297
298 15 2 0 464 298
299 15 2 0 465 299
300 15 2 0 466 300
301 15 2 0 467 301
302 15 2 0 468 302
303 15 2 0 469 303
304 15 2 0 470 304
305 15 2 0 471 305
306 15 2 0 472 306
307 15 2 0 473 307
308 15 2 0 474 308
309 15 2 0 475 309
310 15 2 0 476 310
311 15 2 0 477 311
312 15 2 0 478 312
313 15 2 0 479 313
314 15 2 0 480 314
315 15 2 0 481 315
316 15 2 0 482 316
317 15 2 0 483 317
318 15 2 0 484 318
319 15 2 0 485 319
320 15 2 0 486 320
321 15 2 0 487 321
322 15 2 0 488 322
323 15 2 0 489 323
324 15 2 0 490 324
325 15 2 0 491 325
326 15 2 0 492 326
327 15 2 0 493 327
328 15 2 0 494 328
329 1 2 0 167 1 329
330 1 2 0 167 329 3
331 1 2 0 168 3 330
332 1 2 0 168 330 5
333 1 2 0 169 5 331
334 1 2 0 169 331 7
335 1 2 0 170 7 9
336 1 2 0 171 9 11
337 1 2 0 172 11 13
338 1 2 0 173 13 15
339 1 2 0 174 15 17
340 1 2 0 175 17 19
341 1 2 0 176 19 21
342 1 2 0 177 21 23
343 1 2 0 178 23 25
344 1 2 0 179 25 27
345 1 2 0 180 27 29
346 1 2 0 181 29 31
347 1 2 0 182 31 33
348 1 2 0 183 33 35
349 1 2 0 184 35 37
350 1 2 0 185 37 39
351 1 2 0 186 39 41
352 1 2 0 187 41 43
353 1 2 0 188 43 45
354 1 2 0 189 45 47
355 1 2 0 190 47 49
356 1 2 0 191 49 51
357 1 2 0 192 51 53
358 1 2 0 193 53 55
359 1 2 0 194 55 57
360 1 2 0 195 57 59
361 1 2 0 196 59 61
362 1 2 0 197 61 63
363 1 2 0 198 63 65
364 1 2 0 199 65 67
365 1 2 0 200 67 69
366 1 2 0 201 69 71
367 1 2 0 202 71 73
368 1 2 0 203 73 75
369 1 2 0 204 75 77
370 1 2 0 205 77 79
371 1 2 0 206 79 81
372 1 2 0 207 81 83
373 1 2 0 208 83 85
374 1 2 0 209 85 87
375 1 2 0 210 87 89
376 1 2 0 211 89 91
377 1 2 0 212 91 93
378 1 2 0 213 93 95
379 1 2 0 214 95 97
380 1 2 0 215 97 99
381 1 2 0 216 99 101
382 1 2 0 217 101 103
383 1 2 0 218 103 105
384 1 2 0 219 105 107
385 1 2 0 220 107 109
386 1 2 0 221 109 111
387 1 2 0 222 111 113
388 1 2 0 223 113 115
389 1 2 0 224 115 117
390 1 2 0 225 117 119
391 1 2 0 226 119 121
392 1 2 0 227 121 123
393 1 2 0 228 123 125
394 1 2 0 229 125 127
395 1 2 0 230 127 129
396 1 2 0 231 129 131
397 1 2 0 232 131 133
398 1 2 0 233 133 135
399 1 2 0 234 135 137
400 1 2 0 235 137 139
401 1 2 0 236 139 141
402 1 2 0 237 141 143
403 1 2 0 238 143 145
404 1 2 0 239 145 147
405 1 2 0 240 147 149
406 1 2 0 241 149 151
407 1 2 0 242 151 153
408 1 2 0 243 153 155
409 1 2 0 244 155 157
410 1 2 0 245 157 159
411 1 2 0 249 160 158
412 1 2 0 250 158 156
413 1 2 0 251 156 154
414 1 2 0 252 154 152
415 1 2 0 253 152 150
416 1 2 0 254 150 148
417 1 2 0 255 148 146
418 1 2 0 256 146 144
419 1 2 0 257 144 142
420 1 2 0 258 142 140
421 1 2 0 259 140 138
422 1 2 0 260 138 136
423 1 2 0 261 136 134
424 1 2 0 262 134 132
425 1 2 0 263 132 130
426 1 2 0 264 130 128
427 1 2 0 265 128 126
428 1 2 0 266 126 124
429 1 2 0 267 124 122
430 1 2 0 268 122 120
431 1 2 0 269 120 118
432 1 2 0 270 118 116
433 1 2 0 271 116 114
434 1 2 0 272 114 112
435 1 2 0 273 112 110
436 1 2 0 274 110 108
437 1 2 0 275 108 106
438 1 2 0 276 106 104
439 1 2 0 277 104 102
440 1 2 0 278 102 100
441 1 2 0 279 100 98
442 1 2 0 280 98 96
443 1 2 0 281 96 94
444 1 2 0 282 94 92
445 1 2 0 283 92 90
446 1 2 0 284 90 88
447 1 2 0 285 88 86
448 1 2 0 286 86 84
449 1 2 0 287 84 82
450 1 2 0 288 82 80
451 1 2 0 289 80 78
452 1 2 0 290 78 76
453 1 2 0 291 76 74
454 1 2 0 292 74 72
455 1 2 0 293 72 70
456 1 2 0 294 70 68
457 1 2 0 295 68 66
458 1 2 0 296 66 64
459 1 2 0 297 64 62
460 1 2 0 298 62 60
461 1 2 0 299 60 58
462 1 2 0 300 58 56
463 1 2 0 301 56 54
464 1 2 0 302 54 52
465 1 2 0 303 52 50
466 1 2 0 304 50 48
467 1 2 0 305 48 46
468 1 2 0 306 46 44
469 1 2 0 307 44 42
470 1 2 0 308 42 40
471 1 2 0 309 40 38
472 1 2 0 310 38 36
473 1 2 0 311 36 34
474 1 2 0 312 34 32
475 1 2 0 313 32 30
476 1 2 0 314 30 28
477 1 2 0 315 28 26
478 1 2 0 316 26 24
479 1 2 0 317 24 22
480 1 2 0 318 22 20
481 1 2 0 319 20 18
482 1 2 0 320 18 16
483 1 2 0 321 16 14
484 1 2 0 322 14 12
485 1 2 0 323 12 10
486 1 2 0 324 10 8
487 1 2 0 325 8 6
488 1 2 0 326 6 332
489 1 2 0 326 332 4
490 1 2 0 327 4 333
491 1 2 0 327 333 2
492 1 2 0 328 2 1
493 1 2 0 329 161 334
494 1 2 0 329 334 335
495 1 2 0 329 335 336
496 1 2 0 329 336 337
497 1 2 0 329 337 338
498 1 2 0 329 338 339
499 1 2 0 329 339 340
500 1 2 0 329 340 341
501 1 2 0 329 341 342
502 1 2 0 329 342 343
503 1 2 0 329 343 344
504 1 2 0 329 344 345
505 1 2 0 329 345 346
506 1 2 0 329 346 347
507 1 2 0 329 347 348
508 1 2 0 329 348 349
509 1 2 0 329 349 350
510 1 2 0 329 350 351
511 1 2 0 329 351 352
512 1 2 0 329 352 353
513 1 2 0 329 353 354
514 1 2 0 329 354 355
515 1 2 0 329 355 356
516 1 2 0 329 356 357
517 1 2 0 329 357 358
518 1 2 0 329 358 359
519 1 2 0 329 359 360
520 1 2 0 329 360 361
521 1 2 0 329 361 362
522 1 2 0 329 362 363
523 1 2 0 329 363 364
524 1 2 0 329 364 365
525 1 2 0 329 365 366
526 1 2 0 329 366 367
527 1 2 0 329 367 368
528 1 2 0 329 368 369
529 1 2 0 329 369 370
530 1 2 0 329 370 371
531 1 2 0 329 371 372
532 1 2 0 329 372 373
533 1 2 0 329 373 374
534 1 2 0 329 374 375
535 1 2 0 329 375 376
536 1 2 0 329 376 377
537 1 2 0 329 377 378
538 1 2 0 329 378 379
539 1 2 0 329 379 380
540 1 2 0 329 380 381
541 1 2 0 329 381 382
542 1 2 0 329 382 383
543 1 2 0 329 383 384
544 1 2 0 329 384 385
545 1 2 0 329 385 386
546 1 2 0 329 386 387
547 1 2 0 329 387 388
548 1 2 0 329 388 389
549 1 2 0 329 389 390
550 1 2 0 329 390 391
551 1 2 0 329 391 392
552 1 2 0 329 392 393
553 1 2 0 329 393 394
554 1 2 0 329 394 395
555 1 2 0 329 395 396
556 1 2 0 329 396 397
557 1 2 0 329 397 398
558 1 2 0 329 398 399
559 1 2 0 329 399 162
560 1 2 0 330 163 400
561 1 2 0 330 400 401
562 1 2 0 330 401 402
563 1 2 0 330 402 403
564 1 2 0 330 403 404
565 1 2 0 330 404 405
566 1 2 0 330 405 406
567 1 2 0 330 406 161
568 1 2 0 331 163 160
569 1 2 0 332 159 164
570 1 2 0 333 165 407
571 1 2 0 333 407 408
572 1 2 0 333 408 164
573 1 2 0 334 165 166
574 1 2 0 335 166 167
575 1 2 0 336 167 168
576 1 2 0 337 168 169
577 1 2 0 338 169 170
578 1 2 0 339 170 171
579 1 2 0 340 171 172
580 1 2 0 341 172 173
581 1 2 0 342 173 174
582 1 2 0 343 174 175
583 1 2 0 344 175 176
584 1 2 0 345 176 177
585 1 2 0 346 177 178
586 1 2 0 347 178 179
587 1 2 0 348 179 180
588 1 2 0 349 180 181
589 1 2 0 350 181 182
590 1 2 0 351 182 183
591 1 2 0 352 183 184
592 1 2 0 353 184 185
593 1 2 0 354 185 186
594 1 2 0 355 186 187
595 1 2 0 356 187 188
596 1 2 0 357 188 189
597 1 2 0 358 189 190
598 1 2 0 359 190 191
599 1 2 0 360 191 192
600 1 2 0 361 192 193
601 1 2 0 362 193 194
602 1 2 0 363 194 195
603 1 2 0 364 195 196
604 1 2 0 365 196 197
605 1 2 0 366 197 198
606 1 2 0 367 198 199
607 1 2 0 368 199 200
608 1 2 0 369 200 201
609 1 2 0 370 201 202
610 1 2 0 371 202 203
611 1 2 0 372 203 204
612 1 2 0 373 204 205
613 1 2 0 374 205 206
614 1 2 0 375 206 207
615 1 2 0 376 207 208
616 1 2 0 377 208 209
617 1 2 0 378 209 210
618 1 2 0 379 210 211
619 1 2 0 380 211 212
620 1 2 0 381 212 213
621 1 2 0 382 213 214
622 1 2 0 383 214 215
623 1 2 0 384 215 216
624 1 2 0 385 216 217
625 1 2 0 386 217 218
626 1 2 0 387 218 219
627 1 2 0 388 219 220
628 1 2 0 389 220 221
629 1 2 0 390 221 222
630 1 2 0 391 222 223
631 1 2 0 392 223 224
632 1 2 0 393 224 225
633 1 2 0 394 225 226
634 1 2 0 395 226 227
635 1 2 0 396 227 228
636 1 2 0 397 228 229
637 1 2 0 398 229 230
638 1 2 0 399 230 231
639 1 2 0 400 231 232
640 1 2 0 401 232 233
641 1 2 0 402 233 234
642 1 2 0 403 234 235
643 1 2 0 404 235 236
644 1 2 0 405 236 237
645 1 2 0 406 237 238
646 1 2 0 407 238 239
647 1 2 0 408 239 240
648 1 2 0 409 240 241
649 1 2 0 410 241 409
650 1 2 0 410 409 242
651 1 2 0 411 242 410
652 1 2 0 411 410 243
653 1 2 0 412 243 411
654 1 2 0 412 411 412
655 1 2 0 412 412 244
656 1 2 0 413 244 413
657 1 2 0 413 413 414
658 1 2 0 413 414 415
659 1 2 0 413 415 245
660 1 2 0 414 245 416
661 1 2 0 414 416 417
662 1 2 0 414 417 246
663 1 2 0 415 246 418
664 1 2 0 415 418 419
665 1 2 0 415 419 420
666 1 2 0 415 420 421
667 1 2 0 415 421 247
668 1 2 0 416 247 422
669 1 2 0 416 422 423
670 1 2 0 416 423 248
671 1 2 0 417 248 424
672 1 2 0 417 424 249
673 1 2 0 418 249 425
674 1 2 0 418 425 250
675 1 2 0 419 250 251
676 1 2 0 420 251 252
677 1 2 0 421 252 253
678 1 2 0 422 253 254
679 1 2 0 423 254 255
680 1 2 0 424 255 256
681 1 2 0 425 256 257
682 1 2 0 426 257 258
683 1 2 0 427 258 259
684 1 2 0 428 259 260
685 1 2 0 429 260 261
686 1 2 0 430 261 262
687 1 2 0 431 262 263
688 1 2 0 432 263 264
689 1 2 0 433 264 265
690 1 2 0 434 265 266
691 1 2 0 435 266 267
692 1 2 0 436 267 268
693 1 2 0 437 268 269
694 1 2 0 438 269 270
695 1 2 0 439 270 271
696 1 2 0 440 271 272
697 1 2 0 441 272 273
698 1 2 0 442 273 274
699 1 2 0 443 274 275
700 1 2 0 444 275 276
701 1 2 0 445 276 277
702 1 2 0 446 277 278
703 1 2 0 447 278 279
704 1 2 0 448 279 280
705 1 2 0 449 280 281
706 1 2 0 450 281 282
707 1 2 0 451 282 283
708 1 2 0 452 283 284
709 1 2 0 453 284 285
710 1 2 0 454 285 286
711 1 2 0 455 286 287
712 1 2 0 456 287 288
713 1 2 0 457 288 289
714 1 2 0 458 289 290
715 1 2 0 459 290 291
716 1 2 0 460 291 292
717 1 2 0 461 292 293
718 1 2 0 462 293 294
719 1 2 0 463 294 295
720 1 2 0 464 295 296
721 1 2 0 465 296 297
722 1 2 0 466 297 298
723 1 2 0 467 298 299
724 1 2 0 468 299 300
725 1 2 0 469 300 301
726 1 2 0 470 301 302
727 1 2 0 471 302 303
728 1 2 0 472 303 304
729 1 2 0 473 304 305
730 1 2 0 474 305 306
731 1 2 0 475 306 307
732 1 2 0 476 307 308
733 1 2 0 477 308 309
734 1 2 0 478 309 310
735 1 2 0 479 310 311
736 1 2 0 480 311 312
737 1 2 0 481 312 313
738 1 2 0 482 313 314
739 1 2 0 483 314 315
740 1 2 0 484 315 316
741 1 2 0 485 316 317
742 1 2 0 486 317 318
743 1 2 0 487 318 319
744 1 2 0 488 319 320
745 1 2 0 489 320 321
746 1 2 0 490 321 322
747 1 2 0 491 322 323
748 1 2 0 492 323 324
749 1 2 0 493 324 325
750 1 2 0 494 325 326
751 1 2 0 495 327 426
752 1 2 0 495 426 427
753 1 2 0 495 427 326
754 1 2 0 496 328 428
755 1 2 0 496 428 429
756 1 2 0 496 429 430
757 1 2 0 496 430 431
758 1 2 0 496 431 432
759 1 2 0 496 432 433
760 1 2 0 496 433 434
761 1 2 0 496 434 435
762 1 2 0 496 435 436
763 1 2 0 496 436 437
764 1 2 0 496 437 438
765 1 2 0 496 438 439
766 1 2 0 496 439 440
767 1 2 0 496 440 441
768 1 2 0 496 441 442
769 1 2 0 496 442 443
770 1 2 0 496 443 444
771 1 2 0 496 444 445
772 1 2 0 496 445 446
773 1 2 0 496 446 447
774 1 2 0 496 447 448
775 1 2 0 496 448 449
776 1 2 0 496 449 450
777 1 2 0 496 450 451
778 1 2 0 496 451 452
779 1 2 0 496 452 453
780 1 2 0 496 453 454
781 1 2 0 496 454 455
782 1 2 0 496 455 456
783 1 2 0 496 456 457
784 1 2 0 496 457 458
785 1 2 0 496 458 459
786 1 2 0 496 459 460
787 1 2 0 496 460 461
788 1 2 0 496 461 462
789 1 2 0 496 462 463
790 1 2 0 496 463 464
791 1 2 0 496 464 465
792 1 2 0 496 465 466
793 1 2 0 496 466 467
794 1 2 0 496 467 468
795 1 2 0 496 468 469
796 1 2 0 496 469 470
797 1 2 0 496 470 471
798 1 2 0 496 471 472
799 1 2 0 496 472 473
800 1 2 0 496 473 474
801 1 2 0 496 474 475
802 1 2 0 496 475 476
803 1 2 0 496 476 477
804 1 2 0 496 477 478
805 1 2 0 496 478 479
806 1 2 0 496 479 480
807 1 2 0 496 480 481
808 1 2 0 496 481 482
809 1 2 0 496 482 483
810 1 2 0 496 483 484
811 1 2 0 496 484 485
812 1 2 0 496 485 486
813 1 2 0 496 486 487
814 1 2 0 496 487 488
815 1 2 0 496 488 489
816 1 2 0 496 489 490
817 1 2 0 496 490 491
818 1 2 0 496 491 492
819 1 2 0 496 492 493
820 1 2 0 496 493 494
821 1 2 0 496 494 495
822 1 2 0 496 495 496
823 1 2 0 496 496 497
824 1 2 0 496 497 498
825 1 2 0 496 498 499
826 1 2 0 496 499 500
827 1 2 0 496 500 501
828 1 2 0 496 501 502
829 1 2 0 496 502 327
830 1 2 0 497 162 503
831 1 2 0 497 503 504
832 1 2 0 497 504 505
833 1 2 0 497 505 506
834 1 2 0 497 506 507
835 1 2 0 497 507 508
836 1 2 0 497 508 509
837 1 2 0 497 509 510
838 1 2 0 497 510 511
839 1 2 0 497 511 512
840 1 2 0 497 512 513
841 1 2 0 497 513 514
842 1 2 0 497 514 515
843 1 2 0 497 515 328
844 2 2 0 1 1510 1513 1192
845 2 2 0 1 706 1675 1333
846 2 2 0 1 1234 1557 1074
847 2 2 0 1 1380 1695 1143
848 2 2 0 1 1210 1796 1116
849 2 2 0 1 1275 1447 1446
850 2 2 0 1 1104 1853 1532
851 2 2 0 1 925 1388 923
852 2 2 0 1 557 1629 1270
853 2 2 0 1 1333 1675 1288
854 2 2 0 1 1304 1761 1658
855 2 2 0 1 1470 1909 1184
856 2 2 0 1 537 1205 417
857 2 2 0 1 1412 1413 969
858 2 2 0 1 562 1861 1246
859 2 2 0 1 1074 1558 1234
860 2 2 0 1 834 1882 1321
861 2 2 0 1 1277 1295 544
862 2 2 0 1 1286 1289 530
863 2 2 0 1 1275 1446 709
864 2 2 0 1 8 2021 6
865 2 2 0 1 927 1818 1679
866 2 2 0 1 969 1414 1412
867 2 2 0 1 1191 1981 1820
868 2 2 0 1 721 1877 1347
869 2 2 0 1 524 1429 1325
870 2 2 0 1 1759 1997 753
871 2 2 0 1 276 1385 277
872 2 2 0 1 612 1293 441
873 2 2 0 1 906 1583 1582
874 2 2 0 1 1116 2053 1210
875 2 2 0 1 783 1812 846
876 2 2 0 1 1242 2104 1408
877 2 2 0 1 1191 1820 1193
878 2 2 0 1 753 1997 755
879 2 2 0 1 1729 1730 897
880 2 2 0 1 1258 1347 528
881 2 2 0 1 1246 1897 562
882 2 2 0 1 1332 1665 728
883 2 2 0 1 1238 1555 1095
884 2 2 0 1 528 1346 1258
885 2 2 0 1 1316 1881 516
886 2 2 0 1 846 1812 1394
887 2 2 0 1 1347 1931 721
888 2 2 0 1 417 1205 246
889 2 2 0 1 1253 1647 803
890 2 2 0 1 1448 2085 1200
891 2 2 0 1 1366 1809 1131
892 2 2 0 1 1390 1785 729
893 2 2 0 1 7 1250 9
894 2 2 0 1 1587 1588 1014
895 2 2 0 1 767 1816 793
896 2 2 0 1 409 1445 803
897 2 2 0 1 1192 1514 1510
898 2 2 0 1 1025 1327 886
899 2 2 0 1 1095 1556 1238
900 2 2 0 1 1215 1777 1386
901 2 2 0 1 491 1995 1215
902 2 2 0 1 696 1716 1511
903 2 2 0 1 1301 1995 491
904 2 2 0 1 1532 1813 1104
905 2 2 0 1 525 1655 1241
906 2 2 0 1 1026 1282 1281
907 2 2 0 1 1048 1315 1284
908 2 2 0 1 683 1468 1359
909 2 2 0 1 628 1882 834
910 2 2 0 1 1658 1761 723
911 2 2 0 1 1045 1349 1169
912 2 2 0 1 712 1401 1336
913 2 2 0 1 1149 1347 1150
914 2 2 0 1 1752 1866 1169
915 2 2 0 1 793 1816 1340
916 2 2 0 1 1463 1944 1158
917 2 2 0 1 1298 2044 991
918 2 2 0 1 1295 1805 544
919 2 2 0 1 1639 1772 1663
920 2 2 0 1 1033 1586 1584
921 2 2 0 1 717 1649 1255
922 2 2 0 1 1429 1437 1016
923 2 2 0 1 1584 1852 1033
924 2 2 0 1 923 1388 1017
925 2 2 0 1 1200 1449 1448
926 2 2 0 1 1131 1911 1366
927 2 2 0 1 715 1460 1443
928 2 2 0 1 874 2171 1377
929 2 2 0 1 1357 1708 1707
930 2 2 0 1 1143 1891 1380
931 2 2 0 1 1025 1328 1327
932 2 2 0 1 1301 1771 1004
933 2 2 0 1 241 1445 409
934 2 2 0 1 1395 1785 1390
935 2 2 0 1 1053 1892 1338
936 2 2 0 1 252 1874 1856
937 2 2 0 1 1001 1283 1110
938 2 2 0 1 1128 1871 1530
939 2 2 0 1 512 1462 511
940 2 2 0 1 1026 1281 858
941 2 2 0 1 1445 1796 1266
942 2 2 0 1 1365 1366 535
943 2 2 0 1 1173 1443 919
944 2 2 0 1 1255 1955 717
945 2 2 0 1 1162 1889 1868
946 2 2 0 1 1386 1777 1031
947 2 2 0 1 1868 1889 1311
948 2 2 0 1 1429 2046 1325
949 2 2 0 1 1443 1460 1126
950 2 2 0 1 489 2079 1201
951 2 2 0 1 1337 1902 1170
952 2 2 0 1 1245 1554 1108
953 2 2 0 1 1241 1838 525
954 2 2 0 1 1170 1920 1337
955 2 2 0 1 1530 1871 1531
956 2 2 0 1 1582 1852 1584
957 2 2 0 1 1033 1588 1586
958 2 2 0 1 1357 1901 1708
959 2 2 0 1 1270 1819 557
960 2 2 0 1 512 2170 1462
961 2 2 0 1 1144 2075 1430
962 2 2 0 1 1024 1492 1256
963 2 2 0 1 441 1293 440
964 2 2 0 1 1238 1558 1555
965 2 2 0 1 474 1299 1248
966 2 2 0 1 1146 1847 1827
967 2 2 0 1 515 1540 514
968 2 2 0 1 1582 1584 906
969 2 2 0 1 1827 1847 1291
970 2 2 0 1 1108 1621 1245
971 2 2 0 1 1522 1858 533
972 2 2 0 1 1833 1907 1264
973 2 2 0 1 1364 2071 442
974 2 2 0 1 1132 1815 1784
975 2 2 0 1 1366 1987 535
976 2 2 0 1 1447 2175 585
977 2 2 0 1 933 1625 1542
978 2 2 0 1 1289 1661 530
979 2 2 0 1 1784 1815 1276
980 2 2 0 1 1131 1720 1212
981 2 2 0 1 1446 1447 585
982 2 2 0 1 471 1983 1297
983 2 2 0 1 1026 1326 1282
984 2 2 0 1 1408 2104 1433
985 2 2 0 1 1121 1749 1702
986 2 2 0 1 1386 2079 489
987 2 2 0 1 627 1794 1483
988 2 2 0 1 1108 1662 1621
989 2 2 0 1 130 1424 128
990 2 2 0 1 1702 1749 1269
991 2 2 0 1 1621 1662 1257
992 2 2 0 1 1106 1754 1280
993 2 2 0 1 1349 1752 1169
994 2 2 0 1 1359 2056 683
995 2 2 0 1 1343 1464 1237
996 2 2 0 1 1268 1517 841
997 2 2 0 1 841 1789 1268
998 2 2 0 1 1483 1794 1484
999 2 2 0 1 1245 1556 1554
1000 2 2 0 1 1229 2164 1480
1001 2 2 0 1 1043 1464 1343
1002 2 2 0 1 1242 1408 1407
1003 2 2 0 1 1256 2176 1024
1004 2 2 0 1 521 1907 1833
1005 2 2 0 1 1555 1558 1074
1006 2 2 0 1 1554 1556 1095
1007 2 2 0 1 1315 1652 719
1008 2 2 0 1 919 1443 1126
1009 2 2 0 1 1833 2004 434
1010 2 2 0 1 1002 1407 1000
1011 2 2 0 1 1283 1284 1110
1012 2 2 0 1 555 1786 595
1013 2 2 0 1 1459 1753 1199
1014 2 2 0 1 844 1549 884
1015 2 2 0 1 1397 1765 538
1016 2 2 0 1 1586 1588 1587
1017 2 2 0 1 1754 1924 447
1018 2 2 0 1 933 1634 873
1019 2 2 0 1 1521 1858 1522
1020 2 2 0 1 516 1645 1316
1021 2 2 0 1 1332 1878 1665
1022 2 2 0 1 128 1424 541
1023 2 2 0 1 1422 1673 541
1024 2 2 0 1 1362 1934 1182
1025 2 2 0 1 1182 1948 1362
1026 2 2 0 1 1231 1367 1232
1027 2 2 0 1 1730 1731 897
1028 2 2 0 1 1244 2102 359
1029 2 2 0 1 1480 1551 1229
1030 2 2 0 1 359 1928 1244
1031 2 2 0 1 1192 1872 1514
1032 2 2 0 1 1316 2074 1881
1033 2 2 0 1 471 1297 470
1034 2 2 0 1 1843 2012 2009
1035 2 2 0 1 1656 1781 1050
1036 2 2 0 1 1905 2012 542
1037 2 2 0 1 1416 1434 1057
1038 2 2 0 1 1495 1496 1097
1039 2 2 0 1 889 1753 1459
1040 2 2 0 1 1257 1662 1121
1041 2 2 0 1 1194 1267 451
1042 2 2 0 1 1196 1865 1694
1043 2 2 0 1 1150 1347 1258
1044 2 2 0 1 1194 1773 1267
1045 2 2 0 1 531 1944 1463
1046 2 2 0 1 1214 2012 1905
1047 2 2 0 1 277 1385 1279
1048 2 2 0 1 479 1909 1470
1049 2 2 0 1 1121 1702 1257
1050 2 2 0 1 1248 2161 474
1051 2 2 0 1 1532 1853 617
1052 2 2 0 1 515 2063 1540
1053 2 2 0 1 1512 1516 1100
1054 2 2 0 1 1513 1981 1192
1055 2 2 0 1 1265 2004 1833
1056 2 2 0 1 1993 2007 1644
1057 2 2 0 1 1293 1437 1429
1058 2 2 0 1 2 1059 548
1059 2 2 0 1 1694 1865 1457
1060 2 2 0 1 1414 2158 1415
1061 2 2 0 1 1294 1487 871
1062 2 2 0 1 560 1786 555
1063 2 2 0 1 537 1752 1349
1064 2 2 0 1 1430 1431 1144
1065 2 2 0 1 1131 1809 1720
1066 2 2 0 1 524 1325 1324
1067 2 2 0 1 1300 1440 1180
1068 2 2 0 1 1826 1834 468
1069 2 2 0 1 1388 2046 1017
1070 2 2 0 1 712 1985 1401
1071 2 2 0 1 1732 1763 1087
1072 2 2 0 1 542 2012 1843
1073 2 2 0 1 1582 1583 1580
1074 2 2 0 1 1048 1284 1283
1075 2 2 0 1 1211 1921 1919
1076 2 2 0 1 1687 2130 1676
1077 2 2 0 1 1775 1777 1215
1078 2 2 0 1 1350 1632 713
1079 2 2 0 1 803 1915 1253
1080 2 2 0 1 444 1344 557
1081 2 2 0 1 603 1695 1380
1082 2 2 0 1 991 1373 1298
1083 2 2 0 1 1250 1266 9
1084 2 2 0 1 1639 1663 532
1085 2 2 0 1 1201 1781 1656
1086 2 2 0 1 1679 1873 927
1087 2 2 0 1 1377 1758 874
1088 2 2 0 1 1313 1527 857
1089 2 2 0 1 1357 1707 1354
1090 2 2 0 1 240 1116 241
1091 2 2 0 1 1461 1765 1397
1092 2 2 0 1 612 1437 1293
1093 2 2 0 1 1014 1589 1587
1094 2 2 0 1 494 1312 1179
1095 2 2 0 1 1657 2052 486
1096 2 2 0 1 1514 1872 794
1097 2 2 0 1 1142 1481 1320
1098 2 2 0 1 1354 1707 1352
1099 2 2 0 1 273 1747 274
1100 2 2 0 1 1169 1866 1486
1101 2 2 0 1 1374 1960 1187
1102 2 2 0 1 1187 1979 1374
1103 2 2 0 1 559 2148 1694
1104 2 2 0 1 1317 1526 849
1105 2 2 0 1 1320 1482 1142
1106 2 2 0 1 1704 2088 1400
1107 2 2 0 1 1145 1673 1422
1108 2 2 0 1 1011 1438 740
1109 2 2 0 1 563 1307 900
1110 2 2 0 1 1149 1931 1347
1111 2 2 0 1 996 1335 998
1112 2 2 0 1 710 2085 1448
1113 2 2 0 1 530 1633 1286
1114 2 2 0 1 1716 1717 1511
1115 2 2 0 1 1322 1524 846
1116 2 2 0 1 1154 1319 497
1117 2 2 0 1 1292 1691 577
1118 2 2 0 1 554 2102 1841
1119 2 2 0 1 250 1306 251
1120 2 2 0 1 1580 1581 1044
1121 2 2 0 1 1269 1749 1132
1122 2 2 0 1 1414 1415 1412
1123 2 2 0 1 1293 1429 524
1124 2 2 0 1 1063 1440 1300
1125 2 2 0 1 1052 1579 1577
1126 2 2 0 1 1242 1407 1002
1127 2 2 0 1 499 1400 1399
1128 2 2 0 1 1428 1701 1129
1129 2 2 0 1 1132 1784 1269
1130 2 2 0 1 1881 2074 1310
1131 2 2 0 1 685 1677 1500
1132 2 2 0 1 1404 2007 1993
1133 2 2 0 1 1105 1704 1400
1134 2 2 0 1 454 1263 453
1135 2 2 0 1 142 1384 140
1136 2 2 0 1 1329 1520 793
1137 2 2 0 1 713 1632 1450
1138 2 2 0 1 1536 1623 1622
1139 2 2 0 1 559 1694 1456
1140 2 2 0 1 1679 1818 1399
1141 2 2 0 1 537 1349 1205
1142 2 2 0 1 2062 2130 1687
1143 2 2 0 1 577 1680 1292
1144 2 2 0 1 1500 1677 1151
1145 2 2 0 1 1870 1976 482
1146 2 2 0 1 440 1293 524
1147 2 2 0 1 886 1327 1026
1148 2 2 0 1 1281 1444 858
1149 2 2 0 1 884 1486 754
1150 2 2 0 1 1243 2140 1734
1151 2 2 0 1 1535 1623 1536
1152 2 2 0 1 1333 1519 706
1153 2 2 0 1 556 1307 563
1154 2 2 0 1 1001 1438 1283
1155 2 2 0 1 1052 1581 1579
1156 2 2 0 1 1336 1402 712
1157 2 2 0 1 524 1324 439
1158 2 2 0 1 1059 1307 548
1159 2 2 0 1 1528 1628 1529
1160 2 2 0 1 1301 2138 1771
1161 2 2 0 1 1334 1518 795
1162 2 2 0 1 1415 2158 707
1163 2 2 0 1 583 1535 1529
1164 2 2 0 1 1232 2164 1229
1165 2 2 0 1 695 1342 1341
1166 2 2 0 1 583 1623 1535
1167 2 2 0 1 857 2143 1313
1168 2 2 0 1 1010 1444 1012
1169 2 2 0 1 843 1628 1528
1170 2 2 0 1 1577 1610 1052
1171 2 2 0 1 874 1759 751
1172 2 2 0 1 1175 1928 1515
1173 2 2 0 1 1529 1628 583
1174 2 2 0 1 843 1813 1799
1175 2 2 0 1 1774 1820 366
1176 2 2 0 1 1417 1994 1204
1177 2 2 0 1 803 1647 242
1178 2 2 0 1 1204 2016 1417
1179 2 2 0 1 1285 1919 338
1180 2 2 0 1 1511 1962 696
1181 2 2 0 1 1375 1901 801
1182 2 2 0 1 518 1226 8
1183 2 2 0 1 1185 2118 1498
1184 2 2 0 1 1154 1953 1319
1185 2 2 0 1 1231 2089 1367
1186 2 2 0 1 751 1759 753
1187 2 2 0 1 1360 1914 801
1188 2 2 0 1 400 2044 163
1189 2 2 0 1 1542 1957 933
1190 2 2 0 1 498 1399 1154
1191 2 2 0 1 452 1194 451
1192 2 2 0 1 871 2108 1294
1193 2 2 0 1 243 1468 411
1194 2 2 0 1 1926 1929 1685
1195 2 2 0 1 1344 1629 557
1196 2 2 0 1 1576 1610 1577
1197 2 2 0 1 383 1415 707
1198 2 2 0 1 1678 1715 1489
1199 2 2 0 1 411 1468 683
1200 2 2 0 1 1315 2033 1284
1201 2 2 0 1 1389 2046 1388
1202 2 2 0 1 487 1657 486
1203 2 2 0 1 1498 1937 1185
1204 2 2 0 1 1926 1938 1130
1205 2 2 0 1 1279 1385 472
1206 2 2 0 1 1579 1581 1580
1207 2 2 0 1 1276 1815 1146
1208 2 2 0 1 1549 1550 884
1209 2 2 0 1 537 2116 1752
1210 2 2 0 1 644 1715 1678
1211 2 2 0 1 1528 1813 843
1212 2 2 0 1 1307 1308 900
1213 2 2 0 1 1335 1407 998
1214 2 2 0 1 338 2014 1285
1215 2 2 0 1 1227 1551 1230
1216 2 2 0 1 1408 1433 1432
1217 2 2 0 1 871 1435 1383
1218 2 2 0 1 1146 1827 1276
1219 2 2 0 1 1219 2041 1421
1220 2 2 0 1 710 1897 1246
1221 2 2 0 1 544 2130 1277
1222 2 2 0 1 1130 1938 920
1223 2 2 0 1 447 1924 446
1224 2 2 0 1 1912 1924 1233
1225 2 2 0 1 469 1348 468
1226 2 2 0 1 468 1834 467
1227 2 2 0 1 1515 1975 1175
1228 2 2 0 1 740 1438 1405
1229 2 2 0 1 996 1479 1335
1230 2 2 0 1 1490 1683 1492
1231 2 2 0 1 1421 2032 1219
1232 2 2 0 1 1445 1915 803
1233 2 2 0 1 1400 1679 1399
1234 2 2 0 1 857 1441 1425
1235 2 2 0 1 1324 1460 715
1236 2 2 0 1 1000 1407 1335
1237 2 2 0 1 903 1763 1732
1238 2 2 0 1 861 1440 1063
1239 2 2 0 1 1116 1796 1445
1240 2 2 0 1 1101 1502 1501
1241 2 2 0 1 1936 2062 545
1242 2 2 0 1 1553 1742 1701
1243 2 2 0 1 1463 1807 531
1244 2 2 0 1 1064 1610 1576
1245 2 2 0 1 1432 1433 527
1246 2 2 0 1 1522 1878 1224
1247 2 2 0 1 873 1634 934
1248 2 2 0 1 1513 1548 551
1249 2 2 0 1 329 1375 801
1250 2 2 0 1 1193 1820 1774
1251 2 2 0 1 181 1588 182
1252 2 2 0 1 1640 1690 1064
1253 2 2 0 1 1395 1831 534
1254 2 2 0 1 827 1435 871
1255 2 2 0 1 1283 1438 1011
1256 2 2 0 1 1230 1316 1226
1257 2 2 0 1 1622 1807 1536
1258 2 2 0 1 1312 2026 1179
1259 2 2 0 1 548 1307 556
1260 2 2 0 1 1156 1947 1927
1261 2 2 0 1 140 1384 543
1262 2 2 0 1 242 1647 410
1263 2 2 0 1 251 1874 252
1264 2 2 0 1 1576 1640 1064
1265 2 2 0 1 884 1879 1486
1266 2 2 0 1 440 524 439
1267 2 2 0 1 849 1635 1387
1268 2 2 0 1 11 1796 1210
1269 2 2 0 1 1841 1923 554
1270 2 2 0 1 1574 1690 1640
1271 2 2 0 1 817 1441 857
1272 2 2 0 1 1343 1465 1043
1273 2 2 0 1 636 2139 1368
1274 2 2 0 1 1315 1788 1652
1275 2 2 0 1 559 1456 351
1276 2 2 0 1 1184 2027 1470
1277 2 2 0 1 1268 1789 1178
1278 2 2 0 1 1492 1683 1256
1279 2 2 0 1 442 2071 612
1280 2 2 0 1 450 992 449
1281 2 2 0 1 1376 1760 1758
1282 2 2 0 1 1029 1409 1153
1283 2 2 0 1 1466 1669 782
1284 2 2 0 1 1343 1743 1465
1285 2 2 0 1 1741 1778 1079
1286 2 2 0 1 1434 2142 1057
1287 2 2 0 1 326 2140 427
1288 2 2 0 1 896 1252 1251
1289 2 2 0 1 675 1479 996
1290 2 2 0 1 860 1914 1893
1291 2 2 0 1 1901 1945 801
1292 2 2 0 1 991 2044 400
1293 2 2 0 1 1378 1379 1174
1294 2 2 0 1 1341 1876 695
1295 2 2 0 1 862 1808 1457
1296 2 2 0 1 1012 1444 1281
1297 2 2 0 1 1229 1551 1227
1298 2 2 0 1 1572 1778 1741
1299 2 2 0 1 543 1382 1381
1300 2 2 0 1 1129 2163 1428
1301 2 2 0 1 1537 1807 1801
1302 2 2 0 1 718 1651 1326
1303 2 2 0 1 407 2075 165
1304 2 2 0 1 401 1380 991
1305 2 2 0 1 695 1398 12
1306 2 2 0 1 1437 2123 1016
1307 2 2 0 1 1829 1927 1642
1308 2 2 0 1 897 2035 1729
1309 2 2 0 1 782 1812 783
1310 2 2 0 1 777 1466 782
1311 2 2 0 1 531 1807 1622
1312 2 2 0 1 1811 1825 1098
1313 2 2 0 1 413 1351 414
1314 2 2 0 1 483 1870 482
1315 2 2 0 1 1328 1992 1327
1316 2 2 0 1 1025 2097 1328
1317 2 2 0 1 1274 1301 492
1318 2 2 0 1 1639 1999 1772
1319 2 2 0 1 1471 1674 766
1320 2 2 0 1 723 1761 1346
1321 2 2 0 1 1801 1807 1463
1322 2 2 0 1 1291 1847 1162
1323 2 2 0 1 1155 1947 1156
1324 2 2 0 1 1179 1274 493
1325 2 2 0 1 1570 1825 1811
1326 2 2 0 1 1224 1958 1340
1327 2 2 0 1 1325 2046 2029
1328 2 2 0 1 857 1527 819
1329 2 2 0 1 763 1471 766
1330 2 2 0 1 1408 1432 1409
1331 2 2 0 1 215 1558 216
1332 2 2 0 1 1162 1868 1291
1333 2 2 0 1 797 1406 796
1334 2 2 0 1 526 1403 1401
1335 2 2 0 1 1846 1869 1113
1336 2 2 0 1 899 1406 797
1337 2 2 0 1 1376 1377 1375
1338 2 2 0 1 1430 2145 1523
1339 2 2 0 1 608 2170 512
1340 2 2 0 1 1267 2179 451
1341 2 2 0 1 1024 2176 1025
1342 2 2 0 1 1147 1312 495
1343 2 2 0 1 482 1247 481
1344 2 2 0 1 1430 2075 407
1345 2 2 0 1 849 1526 809
1346 2 2 0 1 896 1436 1252
1347 2 2 0 1 446 624 445
1348 2 2 0 1 1472 1675 706
1349 2 2 0 1 877 1378 1174
1350 2 2 0 1 469 1977 1348
1351 2 2 0 1 871 1487 829
1352 2 2 0 1 1878 1958 1224
1353 2 2 0 1 1361 1547 553
1354 2 2 0 1 740 1405 664
1355 2 2 0 1 766 1816 767
1356 2 2 0 1 701 1472 706
1357 2 2 0 1 1383 2108 871
1358 2 2 0 1 1568 1869 1846
1359 2 2 0 1 496 1319 1147
1360 2 2 0 1 1368 2166 636
1361 2 2 0 1 1701 1742 1129
1362 2 2 0 1 925 2167 1388
1363 2 2 0 1 1500 1845 689
1364 2 2 0 1 1246 2085 710
1365 2 2 0 1 1367 1368 1232
1366 2 2 0 1 1956 2092 1930
1367 2 2 0 1 1100 1975 1512
1368 2 2 0 1 793 2013 1329
1369 2 2 0 1 726 1371 1369
1370 2 2 0 1 933 1957 1634
1371 2 2 0 1 484 1271 483
1372 2 2 0 1 1352 1707 1706
1373 2 2 0 1 741 1420 658
1374 2 2 0 1 2029 2046 1389
1375 2 2 0 1 846 1524 785
1376 2 2 0 1 1105 1400 500
1377 2 2 0 1 1180 1936 1300
1378 2 2 0 1 329 801 3
1379 2 2 0 1 719 2033 1315
1380 2 2 0 1 1267 1773 1485
1381 2 2 0 1 486 1278 485
1382 2 2 0 1 1754 2025 1280
1383 2 2 0 1 1226 2021 8
1384 2 2 0 1 678 1474 685
1385 2 2 0 1 1376 2082 1760
1386 2 2 0 1 1320 1481 951
1387 2 2 0 1 1409 1432 1153
1388 2 2 0 1 695 1876 1398
1389 2 2 0 1 1331 1439 983
1390 2 2 0 1 825 1435 827
1391 2 2 0 1 588 1473 581
1392 2 2 0 1 1465 1743 1721
1393 2 2 0 1 793 1520 769
1394 2 2 0 1 1464 2144 1237
1395 2 2 0 1 1474 1677 685
1396 2 2 0 1 1263 2073 453
1397 2 2 0 1 489 1201 488
1398 2 2 0 1 438 1324 715
1399 2 2 0 1 801 1945 1360
1400 2 2 0 1 1340 2013 793
1401 2 2 0 1 672 1479 675
1402 2 2 0 1 1958 2013 1340
1403 2 2 0 1 1295 2047 1805
1404 2 2 0 1 492 1301 491
1405 2 2 0 1 1919 1921 602
1406 2 2 0 1 526 1404 1403
1407 2 2 0 1 1856 1874 456
1408 2 2 0 1 807 1635 849
1409 2 2 0 1 815 1441 817
1410 2 2 0 1 518 1227 1226
1411 2 2 0 1 1019 1426 1225
1412 2 2 0 1 1893 1914 1360
1413 2 2 0 1 997 1409 1029
1414 2 2 0 1 1708 1901 1377
1415 2 2 0 1 706 1519 703
1416 2 2 0 1 331 1436 896
1417 2 2 0 1 453 1339 452
1418 2 2 0 1 491 1215 490
1419 2 2 0 1 712 1817 391
1420 2 2 0 1 1072 1427 1289
1421 2 2 0 1 708 1434 1410
1422 2 2 0 1 1079 1690 1574
1423 2 2 0 1 1227 1230 1226
1424 2 2 0 1 708 1410 386
1425 2 2 0 1 387 1418 708
1426 2 2 0 1 520 1803 1342
1427 2 2 0 1 1491 1492 1024
1428 2 2 0 1 494 1179 493
1429 2 2 0 1 1455 1458 1452
1430 2 2 0 1 330 860 5
1431 2 2 0 1 581 1473 579
1432 2 2 0 1 795 1518 692
1433 2 2 0 1 1411 1434 1416
1434 2 2 0 1 1486 1879 1169
1435 2 2 0 1 1721 1779 1465
1436 2 2 0 1 1439 1831 1395
1437 2 2 0 1 384 1415 383
1438 2 2 0 1 1841 2102 1244
1439 2 2 0 1 1848 1850 463
1440 2 2 0 1 1420 1444 1010
1441 2 2 0 1 1097 1867 1495
1442 2 2 0 1 1839 1849 464
1443 2 2 0 1 1574 1741 1079
1444 2 2 0 1 1485 1864 1267
1445 2 2 0 1 1109 2001 1477
1446 2 2 0 1 1211 1919 1285
1447 2 2 0 1 1413 1828 969
1448 2 2 0 1 715 1442 437
1449 2 2 0 1 496 1147 495
1450 2 2 0 1 543 1384 1382
1451 2 2 0 1 1044 1582 1580
1452 2 2 0 1 274 1747 1297
1453 2 2 0 1 472 2165 1279
1454 2 2 0 1 833 1751 1531
1455 2 2 0 1 1424 2009 1423
1456 2 2 0 1 553 2004 1361
1457 2 2 0 1 1174 1851 1473
1458 2 2 0 1 351 1456 350
1459 2 2 0 1 1252 1296 1253
1460 2 2 0 1 1087 1763 1200
1461 2 2 0 1 1862 1972 1899
1462 2 2 0 1 1448 1449 584
1463 2 2 0 1 498 1154 497
1464 2 2 0 1 467 1631 466
1465 2 2 0 1 499 1399 498
1466 2 2 0 1 1311 1889 1170
1467 2 2 0 1 535 1884 1365
1468 2 2 0 1 442 612 441
1469 2 2 0 1 1402 1817 712
1470 2 2 0 1 501 1105 500
1471 2 2 0 1 1014 1588 181
1472 2 2 0 1 182 1588 1033
1473 2 2 0 1 1410 1434 1411
1474 2 2 0 1 711 1452 1451
1475 2 2 0 1 1499 1530 1497
1476 2 2 0 1 517 1477 1418
1477 2 2 0 1 964 1481 1142
1478 2 2 0 1 715 1443 1442
1479 2 2 0 1 971 1487 1294
1480 2 2 0 1 728 2039 1332
1481 2 2 0 1 1170 1902 1311
1482 2 2 0 1 1452 1458 1451
1483 2 2 0 1 713 1450 641
1484 2 2 0 1 1774 2151 1712
1485 2 2 0 1 1477 2001 1418
1486 2 2 0 1 1805 2047 1384
1487 2 2 0 1 12 1398 10
1488 2 2 0 1 1633 2045 725
1489 2 2 0 1 915 1549 844
1490 2 2 0 1 1457 1808 1454
1491 2 2 0 1 1157 1813 1532
1492 2 2 0 1 1455 1459 1458
1493 2 2 0 1 1026 1327 1326
1494 2 2 0 1 501 1419 1105
1495 2 2 0 1 444 557 443
1496 2 2 0 1 1297 1747 470
1497 2 2 0 1 1496 2118 1097
1498 2 2 0 1 844 884 754
1499 2 2 0 1 1658 2133 1304
1500 2 2 0 1 1130 1929 1926
1501 2 2 0 1 963 1464 956
1502 2 2 0 1 1116 1445 241
1503 2 2 0 1 545 2062 1687
1504 2 2 0 1 410 742 243
1505 2 2 0 1 1063 1300 1203
1506 2 2 0 1 1141 1249 1032
1507 2 2 0 1 1625 1916 1542
1508 2 2 0 1 1910 1936 1693
1509 2 2 0 1 664 1405 666
1510 2 2 0 1 1059 2177 1307
1511 2 2 0 1 1328 2159 1992
1512 2 2 0 1 658 1420 660
1513 2 2 0 1 646 1779 1721
1514 2 2 0 1 955 1481 964
1515 2 2 0 1 378 1502 539
1516 2 2 0 1 1141 1292 1249
1517 2 2 0 1 1482 1691 1142
1518 2 2 0 1 1845 1885 689
1519 2 2 0 1 1323 1461 1078
1520 2 2 0 1 185 1581 186
1521 2 2 0 1 1521 1984 727
1522 2 2 0 1 964 1141 1032
1523 2 2 0 1 987 2132 1999
1524 2 2 0 1 964 1032 963
1525 2 2 0 1 986 1426 1019
1526 2 2 0 1 1025 2176 2097
1527 2 2 0 1 1780 1781 1201
1528 2 2 0 1 853 1487 971
1529 2 2 0 1 849 2160 1317
1530 2 2 0 1 527 1525 1432
1531 2 2 0 1 551 1548 364
1532 2 2 0 1 439 1324 438
1533 2 2 0 1 125 1585 127
1534 2 2 0 1 427 1243 426
1535 2 2 0 1 1348 1826 468
1536 2 2 0 1 1541 1916 608
1537 2 2 0 1 340 1446 585
1538 2 2 0 1 877 1174 875
1539 2 2 0 1 1004 1995 1301
1540 2 2 0 1 989 1427 1072
1541 2 2 0 1 1680 1681 1292
1542 2 2 0 1 971 1055 947
1543 2 2 0 1 1501 1987 1101
1544 2 2 0 1 1624 1686 687
1545 2 2 0 1 1158 1944 1462
1546 2 2 0 1 1221 1984 1521
1547 2 2 0 1 1233 1967 1912
1548 2 2 0 1 401 991 400
1549 2 2 0 1 389 1475 517
1550 2 2 0 1 1385 1983 471
1551 2 2 0 1 216 1558 1238
1552 2 2 0 1 1234 1558 215
1553 2 2 0 1 1475 1476 517
1554 2 2 0 1 992 2156 449
1555 2 2 0 1 344 1448 584
1556 2 2 0 1 451 2179 450
1557 2 2 0 1 1321 2022 834
1558 2 2 0 1 1497 1498 558
1559 2 2 0 1 1552 2007 2006
1560 2 2 0 1 879 1378 877
1561 2 2 0 1 1 1375 329
1562 2 2 0 1 1215 1386 490
1563 2 2 0 1 741 1444 1420
1564 2 2 0 1 641 1450 643
1565 2 2 0 1 1 1376 1375
1566 2 2 0 1 1070 1439 1395
1567 2 2 0 1 711 1451 349
1568 2 2 0 1 1078 1397 1076
1569 2 2 0 1 361 1515 360
1570 2 2 0 1 628 834 630
1571 2 2 0 1 1506 1507 552
1572 2 2 0 1 1747 1977 469
1573 2 2 0 1 353 1496 1495
1574 2 2 0 1 1407 1408 998
1575 2 2 0 1 1410 1411 519
1576 2 2 0 1 217 1556 218
1577 2 2 0 1 983 1439 982
1578 2 2 0 1 1252 1253 1251
1579 2 2 0 1 1275 1800 1447
1580 2 2 0 1 1656 1657 487
1581 2 2 0 1 1078 1461 1397
1582 2 2 0 1 164 2145 408
1583 2 2 0 1 493 1274 492
1584 2 2 0 1 356 1499 1497
1585 2 2 0 1 971 1277 1055
1586 2 2 0 1 1156 1927 1829
1587 2 2 0 1 974 1041 917
1588 2 2 0 1 949 1428 1273
1589 2 2 0 1 1176 1214 1041
1590 2 2 0 1 331 896 7
1591 2 2 0 1 955 964 963
1592 2 2 0 1 974 1527 1313
1593 2 2 0 1 1057 1886 1416
1594 2 2 0 1 1691 1842 577
1595 2 2 0 1 975 1526 1317
1596 2 2 0 1 495 1312 494
1597 2 2 0 1 1490 1492 653
1598 2 2 0 1 533 1878 1522
1599 2 2 0 1 985 1519 1333
1600 2 2 0 1 981 1520 1329
1601 2 2 0 1 980 1524 1322
1602 2 2 0 1 603 1380 402
1603 2 2 0 1 988 1518 1334
1604 2 2 0 1 1114 1145 1038
1605 2 2 0 1 438 715 437
1606 2 2 0 1 975 1038 908
1607 2 2 0 1 1154 2018 1953
1608 2 2 0 1 2001 2142 1434
1609 2 2 0 1 853 947 854
1610 2 2 0 1 1453 1454 1452
1611 2 2 0 1 1338 1892 1786
1612 2 2 0 1 713 1791 1350
1613 2 2 0 1 853 971 947
1614 2 2 0 1 1338 1980 1053
1615 2 2 0 1 1193 1774 1712
1616 2 2 0 1 757 1491 1024
1617 2 2 0 1 1273 1320 951
1618 2 2 0 1 980 1076 887
1619 2 2 0 1 796 1338 743
1620 2 2 0 1 917 1435 825
1621 2 2 0 1 1381 1382 1042
1622 2 2 0 1 1067 1686 1624
1623 2 2 0 1 497 1319 496
1624 2 2 0 1 1266 1796 9
1625 2 2 0 1 371 1469 549
1626 2 2 0 1 1394 2034 846
1627 2 2 0 1 500 1400 499
1628 2 2 0 1 824 917 825
1629 2 2 0 1 824 1527 974
1630 2 2 0 1 981 982 832
1631 2 2 0 1 1450 1632 1005
1632 2 2 0 1 814 1526 975
1633 2 2 0 1 743 1786 560
1634 2 2 0 1 716 1490 648
1635 2 2 0 1 1537 1682 1534
1636 2 2 0 1 854 1440 861
1637 2 2 0 1 804 1524 980
1638 2 2 0 1 1422 1423 1039
1639 2 2 0 1 352 1495 559
1640 2 2 0 1 908 1441 815
1641 2 2 0 1 1955 2162 1648
1642 2 2 0 1 774 1520 981
1643 2 2 0 1 987 1426 986
1644 2 2 0 1 760 1519 985
1645 2 2 0 1 1515 1928 360
1646 2 2 0 1 1296 1860 1372
1647 2 2 0 1 985 986 778
1648 2 2 0 1 244 613 413
1649 2 2 0 1 814 908 815
1650 2 2 0 1 1266 1915 1445
1651 2 2 0 1 846 2034 1322
1652 2 2 0 1 1838 2033 1654
1653 2 2 0 1 698 1518 988
1654 2 2 0 1 949 951 950
1655 2 2 0 1 355 1497 558
1656 2 2 0 1 866 1701 1428
1657 2 2 0 1 1173 2038 1443
1658 2 2 0 1 130 1843 1424
1659 2 2 0 1 958 1464 1043
1660 2 2 0 1 1584 1585 906
1661 2 2 0 1 385 1410 519
1662 2 2 0 1 1063 1203 1143
1663 2 2 0 1 1337 1920 1182
1664 2 2 0 1 708 2001 1434
1665 2 2 0 1 801 1914 3
1666 2 2 0 1 775 1466 777
1667 2 2 0 1 408 1430 407
1668 2 2 0 1 990 1427 989
1669 2 2 0 1 1076 1206 1077
1670 2 2 0 1 1508 1509 1507
1671 2 2 0 1 517 1418 388
1672 2 2 0 1 988 989 800
1673 2 2 0 1 1377 2171 1708
1674 2 2 0 1 1495 1867 559
1675 2 2 0 1 875 1473 588
1676 2 2 0 1 427 2140 1243
1677 2 2 0 1 1041 1381 1042
1678 2 2 0 1 1270 1549 915
1679 2 2 0 1 974 1176 1041
1680 2 2 0 1 804 887 805
1681 2 2 0 1 657 1491 757
1682 2 2 0 1 1510 1511 1509
1683 2 2 0 1 711 1453 1452
1684 2 2 0 1 362 1506 552
1685 2 2 0 1 1465 1719 1043
1686 2 2 0 1 1069 1757 1696
1687 2 2 0 1 686 1500 689
1688 2 2 0 1 975 1114 1038
1689 2 2 0 1 879 1388 1378
1690 2 2 0 1 824 974 917
1691 2 2 0 1 1507 1516 1512
1692 2 2 0 1 1330 1331 983
1693 2 2 0 1 996 997 747
1694 2 2 0 1 539 1733 1723
1695 2 2 0 1 1411 1413 1412
1696 2 2 0 1 980 1078 1076
1697 2 2 0 1 1070 1390 1071
1698 2 2 0 1 982 1070 1015
1699 2 2 0 1 814 975 908
1700 2 2 0 1 999 1000 684
1701 2 2 0 1 1999 2132 1290
1702 2 2 0 1 1038 1422 1039
1703 2 2 0 1 1141 1691 1292
1704 2 2 0 1 1001 1002 1000
1705 2 2 0 1 1110 1241 1002
1706 2 2 0 1 847 1489 735
1707 2 2 0 1 981 983 982
1708 2 2 0 1 1307 2177 1308
1709 2 2 0 1 827 871 829
1710 2 2 0 1 774 832 775
1711 2 2 0 1 1182 1934 1337
1712 2 2 0 1 761 1471 763
1713 2 2 0 1 955 963 956
1714 2 2 0 1 804 980 887
1715 2 2 0 1 1076 1397 1206
1716 2 2 0 1 335 1478 1164
1717 2 2 0 1 985 987 986
1718 2 2 0 1 821 824 823
1719 2 2 0 1 1631 1840 466
1720 2 2 0 1 1325 1460 1324
1721 2 2 0 1 1123 1341 1122
1722 2 2 0 1 1508 1548 1513
1723 2 2 0 1 1012 1048 1011
1724 2 2 0 1 1451 1458 562
1725 2 2 0 1 1399 1818 1154
1726 2 2 0 1 1330 1332 1331
1727 2 2 0 1 1008 1467 1172
1728 2 2 0 1 817 857 819
1729 2 2 0 1 982 1439 1070
1730 2 2 0 1 1098 1778 1572
1731 2 2 0 1 1820 1981 551
1732 2 2 0 1 10 518 8
1733 2 2 0 1 1117 1315 1048
1734 2 2 0 1 774 981 832
1735 2 2 0 1 1070 1395 1390
1736 2 2 0 1 986 1019 1018
1737 2 2 0 1 1010 1011 740
1738 2 2 0 1 956 1464 958
1739 2 2 0 1 1019 1221 1020
1740 2 2 0 1 1506 1548 1508
1741 2 2 0 1 567 1543 625
1742 2 2 0 1 1174 2174 1851
1743 2 2 0 1 988 990 989
1744 2 2 0 1 1482 1842 1691
1745 2 2 0 1 861 1063 1062
1746 2 2 0 1 760 985 778
1747 2 2 0 1 1019 1225 1221
1748 2 2 0 1 760 778 761
1749 2 2 0 1 996 998 997
1750 2 2 0 1 811 814 813
1751 2 2 0 1 949 1273 951
1752 2 2 0 1 1318 2092 1956
1753 2 2 0 1 999 1001 1000
1754 2 2 0 1 1273 2049 1320
1755 2 2 0 1 698 988 800
1756 2 2 0 1 1001 1110 1002
1757 2 2 0 1 807 849 809
1758 2 2 0 1 886 1026 858
1759 2 2 0 1 1072 1289 1286
1760 2 2 0 1 989 1072 1023
1761 2 2 0 1 1072 1286 1073
1762 2 2 0 1 1010 1012 1011
1763 2 2 0 1 725 2076 1633
1764 2 2 0 1 541 2181 1422
1765 2 2 0 1 699 1472 701
1766 2 2 0 1 757 858 741
1767 2 2 0 1 1431 1736 1144
1768 2 2 0 1 1672 1673 1145
1769 2 2 0 1 698 800 699
1770 2 2 0 1 1012 1117 1048
1771 2 2 0 1 829 1487 831
1772 2 2 0 1 675 996 747
1773 2 2 0 1 1454 1455 1452
1774 2 2 0 1 1966 2150 1302
1775 2 2 0 1 1453 1457 1454
1776 2 2 0 1 1029 1153 1149
1777 2 2 0 1 1369 1896 726
1778 2 2 0 1 787 804 789
1779 2 2 0 1 783 846 785
1780 2 2 0 1 669 999 684
1781 2 2 0 1 1058 1678 1489
1782 2 2 0 1 1507 1512 552
1783 2 2 0 1 1461 1862 730
1784 2 2 0 1 1665 1878 533
1785 2 2 0 1 1506 1508 1507
1786 2 2 0 1 1258 1346 1259
1787 2 2 0 1 663 1010 740
1788 2 2 0 1 757 886 858
1789 2 2 0 1 777 782 780
1790 2 2 0 1 1572 1811 1098
1791 2 2 0 1 385 519 384
1792 2 2 0 1 465 1839 464
1793 2 2 0 1 1411 1412 519
1794 2 2 0 1 387 708 386
1795 2 2 0 1 1131 1212 1058
1796 2 2 0 1 997 1029 1028
1797 2 2 0 1 1476 1477 517
1798 2 2 0 1 389 517 388
1799 2 2 0 1 685 1500 686
1800 2 2 0 1 998 1409 997
1801 2 2 0 1 1029 1149 1030
1802 2 2 0 1 1035 1489 847
1803 2 2 0 1 868 1428 949
1804 2 2 0 1 1005 1006 716
1805 2 2 0 1 767 793 769
1806 2 2 0 1 771 774 773
1807 2 2 0 1 675 747 676
1808 2 2 0 1 1005 1007 1006
1809 2 2 0 1 657 757 741
1810 2 2 0 1 1044 1581 185
1811 2 2 0 1 186 1581 1052
1812 2 2 0 1 424 1859 249
1813 2 2 0 1 952 955 954
1814 2 2 0 1 1055 1180 947
1815 2 2 0 1 1288 2132 1333
1816 2 2 0 1 866 1428 868
1817 2 2 0 1 1093 1122 1092
1818 2 2 0 1 1509 1516 1507
1819 2 2 0 1 831 853 836
1820 2 2 0 1 1214 1381 1041
1821 2 2 0 1 1323 1862 1461
1822 2 2 0 1 10 1398 518
1823 2 2 0 1 763 766 765
1824 2 2 0 1 647 1005 716
1825 2 2 0 1 676 1474 678
1826 2 2 0 1 1058 1489 1035
1827 2 2 0 1 669 684 670
1828 2 2 0 1 1041 1042 917
1829 2 2 0 1 402 1380 401
1830 2 2 0 1 127 1585 904
1831 2 2 0 1 906 1585 125
1832 2 2 0 1 1508 1510 1509
1833 2 2 0 1 860 1893 1860
1834 2 2 0 1 705 760 759
1835 2 2 0 1 1510 1514 1511
1836 2 2 0 1 1007 1008 1006
1837 2 2 0 1 1007 1092 1008
1838 2 2 0 1 1426 1639 1225
1839 2 2 0 1 709 1446 341
1840 2 2 0 1 490 1386 489
1841 2 2 0 1 455 2055 454
1842 2 2 0 1 958 1043 960
1843 2 2 0 1 701 706 703
1844 2 2 0 1 1145 1422 1038
1845 2 2 0 1 951 1481 952
1846 2 2 0 1 819 1527 821
1847 2 2 0 1 1038 1039 908
1848 2 2 0 1 868 949 929
1849 2 2 0 1 1166 1682 1537
1850 2 2 0 1 663 740 664
1851 2 2 0 1 1092 1467 1008
1852 2 2 0 1 694 698 697
1853 2 2 0 1 858 1444 741
1854 2 2 0 1 670 1479 672
1855 2 2 0 1 690 795 692
1856 2 2 0 1 809 1526 811
1857 2 2 0 1 502 1419 501
1858 2 2 0 1 710 1448 345
1859 2 2 0 1 1261 1304 1303
1860 2 2 0 1 1174 1473 875
1861 2 2 0 1 1346 1989 723
1862 2 2 0 1 785 1524 787
1863 2 2 0 1 1150 1258 1152
1864 2 2 0 1 824 825 823
1865 2 2 0 1 686 689 688
1866 2 2 0 1 1076 1077 887
1867 2 2 0 1 1432 1525 1153
1868 2 2 0 1 348 1451 562
1869 2 2 0 1 519 1415 384
1870 2 2 0 1 1793 2111 484
1871 2 2 0 1 709 2094 1275
1872 2 2 0 1 1294 1295 1277
1873 2 2 0 1 1361 2004 1265
1874 2 2 0 1 142 1805 1384
1875 2 2 0 1 769 1520 771
1876 2 2 0 1 657 741 658
1877 2 2 0 1 678 685 680
1878 2 2 0 1 1341 1342 1122
1879 2 2 0 1 1206 1207 1077
1880 2 2 0 1 553 1547 1546
1881 2 2 0 1 558 1496 354
1882 2 2 0 1 383 707 382
1883 2 2 0 1 1703 1756 1704
1884 2 2 0 1 403 603 402
1885 2 2 0 1 218 1556 1245
1886 2 2 0 1 1238 1556 217
1887 2 2 0 1 703 1519 705
1888 2 2 0 1 1093 1123 1122
1889 2 2 0 1 814 815 813
1890 2 2 0 1 554 1499 357
1891 2 2 0 1 648 1490 650
1892 2 2 0 1 672 675 674
1893 2 2 0 1 535 1501 380
1894 2 2 0 1 692 1518 694
1895 2 2 0 1 1696 1757 910
1896 2 2 0 1 1047 1058 1035
1897 2 2 0 1 982 1015 832
1898 2 2 0 1 421 1483 845
1899 2 2 0 1 466 1739 465
1900 2 2 0 1 436 1442 521
1901 2 2 0 1 666 669 668
1902 2 2 0 1 1501 1502 379
1903 2 2 0 1 1411 1416 1413
1904 2 2 0 1 485 1793 484
1905 2 2 0 1 350 1456 711
1906 2 2 0 1 1730 1875 1731
1907 2 2 0 1 653 1492 1491
1908 2 2 0 1 1390 1391 1071
1909 2 2 0 1 951 952 950
1910 2 2 0 1 804 805 789
1911 2 2 0 1 1070 1071 1015
1912 2 2 0 1 831 1487 853
1913 2 2 0 1 477 1363 476
1914 2 2 0 1 650 1490 653
1915 2 2 0 1 660 663 662
1916 2 2 0 1 340 585 339
1917 2 2 0 1 437 1442 436
1918 2 2 0 1 643 1450 647
1919 2 2 0 1 726 1469 372
1920 2 2 0 1 986 1018 778
1921 2 2 0 1 782 783 780
1922 2 2 0 1 342 709 341
1923 2 2 0 1 742 1468 243
1924 2 2 0 1 1373 1891 1203
1925 2 2 0 1 344 584 343
1926 2 2 0 1 1172 1255 1254
1927 2 2 0 1 1024 1025 886
1928 2 2 0 1 1240 2123 1437
1929 2 2 0 1 1281 1282 1117
1930 2 2 0 1 1008 1172 1009
1931 2 2 0 1 952 1481 955
1932 2 2 0 1 1221 1222 1020
1933 2 2 0 1 660 1420 663
1934 2 2 0 1 1408 1409 998
1935 2 2 0 1 346 710 345
1936 2 2 0 1 1019 1020 1018
1937 2 2 0 1 390 1475 389
1938 2 2 0 1 853 854 836
1939 2 2 0 1 774 775 773
1940 2 2 0 1 1584 1586 1585
1941 2 2 0 1 654 657 656
1942 2 2 0 1 348 562 347
1943 2 2 0 1 989 1023 800
1944 2 2 0 1 1329 1330 983
1945 2 2 0 1 350 711 349
1946 2 2 0 1 1192 1981 1191
1947 2 2 0 1 352 559 351
1948 2 2 0 1 949 950 929
1949 2 2 0 1 353 1495 352
1950 2 2 0 1 883 1045 967
1951 2 2 0 1 1322 1323 1078
1952 2 2 0 1 666 1405 669
1953 2 2 0 1 1317 1318 1114
1954 2 2 0 1 1313 1314 1176
1955 2 2 0 1 766 767 765
1956 2 2 0 1 355 558 354
1957 2 2 0 1 1286 1287 1073
1958 2 2 0 1 1077 1635 887
1959 2 2 0 1 1280 1949 1106
1960 2 2 0 1 647 716 648
1961 2 2 0 1 356 1497 355
1962 2 2 0 1 1072 1073 1023
1963 2 2 0 1 653 1491 654
1964 2 2 0 1 602 1478 336
1965 2 2 0 1 381 535 380
1966 2 2 0 1 553 1546 432
1967 2 2 0 1 386 1410 385
1968 2 2 0 1 388 1418 387
1969 2 2 0 1 479 1470 478
1970 2 2 0 1 358 554 357
1971 2 2 0 1 760 761 759
1972 2 2 0 1 876 877 875
1973 2 2 0 1 1380 1891 991
1974 2 2 0 1 362 552 361
1975 2 2 0 1 528 1989 1346
1976 2 2 0 1 795 1966 1334
1977 2 2 0 1 363 1506 362
1978 2 2 0 1 379 1502 378
1979 2 2 0 1 1497 1530 1498
1980 2 2 0 1 650 653 652
1981 2 2 0 1 365 551 364
1982 2 2 0 1 1043 1719 960
1983 2 2 0 1 997 1028 747
1984 2 2 0 1 534 1785 1395
1985 2 2 0 1 1530 1531 1498
1986 2 2 0 1 368 550 367
1987 2 2 0 1 955 956 954
1988 2 2 0 1 1477 1735 1109
1989 2 2 0 1 373 726 372
1990 2 2 0 1 698 699 697
1991 2 2 0 1 1241 1242 1002
1992 2 2 0 1 371 549 370
1993 2 2 0 1 654 1491 657
1994 2 2 0 1 1273 2163 2049
1995 2 2 0 1 445 1344 444
1996 2 2 0 1 1000 1335 684
1997 2 2 0 1 1304 1305 1303
1998 2 2 0 1 375 546 374
1999 2 2 0 1 421 845 247
2000 2 2 0 1 1657 1783 1094
2001 2 2 0 1 1149 1150 1030
2002 2 2 0 1 378 539 377
2003 2 2 0 1 1029 1030 1028
2004 2 2 0 1 11 1210 13
2005 2 2 0 1 563 900 565
2006 2 2 0 1 1387 1635 1077
2007 2 2 0 1 689 690 688
2008 2 2 0 1 1258 1259 1152
2009 2 2 0 1 452 1339 1194
2010 2 2 0 1 1425 2143 857
2011 2 2 0 1 1048 1283 1011
2012 2 2 0 1 1396 1970 584
2013 2 2 0 1 337 602 336
2014 2 2 0 1 1221 1521 1222
2015 2 2 0 1 685 686 680
2016 2 2 0 1 1194 1950 1773
2017 2 2 0 1 647 1450 1005
2018 2 2 0 1 403 1517 603
2019 2 2 0 1 864 866 865
2020 2 2 0 1 1007 1093 1092
2021 2 2 0 1 1080 1809 1366
2022 2 2 0 1 675 676 674
2023 2 2 0 1 1644 2007 1120
2024 2 2 0 1 1990 2010 1600
2025 2 2 0 1 1505 2110 1493
2026 2 2 0 1 694 1518 698
2027 2 2 0 1 705 1519 760
2028 2 2 0 1 1535 1536 1534
2029 2 2 0 1 335 1164 334
2030 2 2 0 1 1362 1948 1187
2031 2 2 0 1 669 670 668
2032 2 2 0 1 590 1553 592
2033 2 2 0 1 341 1446 340
2034 2 2 0 1 1553 1701 864
2035 2 2 0 1 1157 1532 398
2036 2 2 0 1 771 1520 774
2037 2 2 0 1 1261 1761 1304
2038 2 2 0 1 5 1436 331
2039 2 2 0 1 345 1448 344
2040 2 2 0 1 552 1515 361
2041 2 2 0 1 1509 1717 1516
2042 2 2 0 1 432 1546 431
2043 2 2 0 1 1539 1544 1542
2044 2 2 0 1 475 1299 474
2045 2 2 0 1 787 1524 804
2046 2 2 0 1 860 1436 5
2047 2 2 0 1 643 647 645
2048 2 2 0 1 834 1480 630
2049 2 2 0 1 1268 1982 1517
2050 2 2 0 1 349 1451 348
2051 2 2 0 1 811 1526 814
2052 2 2 0 1 663 664 662
2053 2 2 0 1 354 1496 353
2054 2 2 0 1 821 1527 824
2055 2 2 0 1 1110 1838 1241
2056 2 2 0 1 357 1499 356
2057 2 2 0 1 1533 1535 1534
2058 2 2 0 1 1047 1131 1058
2059 2 2 0 1 380 1501 379
2060 2 2 0 1 841 1517 404
2061 2 2 0 1 964 1142 1141
2062 2 2 0 1 941 1533 1051
2063 2 2 0 1 1600 2010 1598
2064 2 2 0 1 392 712 391
2065 2 2 0 1 488 1656 487
2066 2 2 0 1 372 1469 371
2067 2 2 0 1 1222 1522 1224
2068 2 2 0 1 1187 1960 1362
2069 2 2 0 1 722 1638 1140
2070 2 2 0 1 2 547 1
2071 2 2 0 1 1538 1544 1539
2072 2 2 0 1 1350 1367 1123
2073 2 2 0 1 443 1364 442
2074 2 2 0 1 714 1538 430
2075 2 2 0 1 618 864 748
2076 2 2 0 1 1539 1540 1021
2077 2 2 0 1 657 658 656
2078 2 2 0 1 638 713 641
2079 2 2 0 1 1008 1009 1006
2080 2 2 0 1 1493 2110 546
2081 2 2 0 1 330 1914 860
2082 2 2 0 1 714 1544 1538
2083 2 2 0 1 1533 1534 1051
2084 2 2 0 1 525 1838 1654
2085 2 2 0 1 1381 1745 543
2086 2 2 0 1 1060 1646 732
2087 2 2 0 1 653 654 652
2088 2 2 0 1 746 2169 883
2089 2 2 0 1 336 1478 335
2090 2 2 0 1 716 1683 1490
2091 2 2 0 1 757 1024 886
2092 2 2 0 1 663 1420 1010
2093 2 2 0 1 1214 1745 1381
2094 2 2 0 1 14 695 12
2095 2 2 0 1 1172 1254 1009
2096 2 2 0 1 618 1553 864
2097 2 2 0 1 1539 1541 1540
2098 2 2 0 1 1012 1281 1117
2099 2 2 0 1 717 1955 1648
2100 2 2 0 1 1103 1533 941
2101 2 2 0 1 1538 1539 1021
2102 2 2 0 1 1405 1438 999
2103 2 2 0 1 999 1438 1001
2104 2 2 0 1 669 1405 999
2105 2 2 0 1 971 1294 1277
2106 2 2 0 1 592 1553 618
2107 2 2 0 1 411 683 412
2108 2 2 0 1 238 1421 239
2109 2 2 0 1 1336 1804 1402
2110 2 2 0 1 1458 1861 562
2111 2 2 0 1 399 1157 398
2112 2 2 0 1 1326 1992 718
2113 2 2 0 1 2017 2117 476
2114 2 2 0 1 397 1532 617
2115 2 2 0 1 2050 2095 1449
2116 2 2 0 1 1342 2070 520
2117 2 2 0 1 1536 1537 1534
2118 2 2 0 1 988 1334 990
2119 2 2 0 1 429 1538 1021
2120 2 2 0 1 1521 1522 1222
2121 2 2 0 1 878 879 877
2122 2 2 0 1 1419 1703 1105
2123 2 2 0 1 721 1931 1525
2124 2 2 0 1 1346 1761 1259
2125 2 2 0 1 985 1333 987
2126 2 2 0 1 429 1021 428
2127 2 2 0 1 781 1060 732
2128 2 2 0 1 805 1635 807
2129 2 2 0 1 457 1856 456
2130 2 2 0 1 1763 2050 1449
2131 2 2 0 1 1063 1143 1062
2132 2 2 0 1 1536 1807 1537
2133 2 2 0 1 1201 1656 488
2134 2 2 0 1 866 868 867
2135 2 2 0 1 714 1545 1544
2136 2 2 0 1 617 1552 396
2137 2 2 0 1 647 648 645
2138 2 2 0 1 363 1548 1506
2139 2 2 0 1 981 1329 983
2140 2 2 0 1 825 827 826
2141 2 2 0 1 1265 1833 1264
2142 2 2 0 1 2010 2030 1598
2143 2 2 0 1 1529 1533 1103
2144 2 2 0 1 613 1351 413
2145 2 2 0 1 1528 1529 1103
2146 2 2 0 1 397 617 396
2147 2 2 0 1 815 817 816
2148 2 2 0 1 1314 2143 2106
2149 2 2 0 1 1286 1633 1287
2150 2 2 0 1 1347 1877 528
2151 2 2 0 1 398 1532 397
2152 2 2 0 1 431 714 430
2153 2 2 0 1 1546 1547 1545
2154 2 2 0 1 1539 1542 1541
2155 2 2 0 1 980 1322 1078
2156 2 2 0 1 1529 1535 1533
2157 2 2 0 1 606 875 588
2158 2 2 0 1 722 1140 838
2159 2 2 0 1 624 1345 1344
2160 2 2 0 1 832 1466 775
2161 2 2 0 1 805 807 806
2162 2 2 0 1 987 1999 1426
2163 2 2 0 1 2006 2007 1404
2164 2 2 0 1 821 823 822
2165 2 2 0 1 431 1546 714
2166 2 2 0 1 1534 1682 1051
2167 2 2 0 1 819 821 820
2168 2 2 0 1 817 819 818
2169 2 2 0 1 977 1270 915
2170 2 2 0 1 975 1317 1114
2171 2 2 0 1 364 1548 363
2172 2 2 0 1 1391 1393 1392
2173 2 2 0 1 1051 1636 851
2174 2 2 0 1 941 1051 851
2175 2 2 0 1 430 1538 429
2176 2 2 0 1 781 1133 1060
2177 2 2 0 1 783 785 784
2178 2 2 0 1 433 553 432
2179 2 2 0 1 396 1552 395
2180 2 2 0 1 778 1471 761
2181 2 2 0 1 974 1313 1176
2182 2 2 0 1 809 811 810
2183 2 2 0 1 1351 1705 414
2184 2 2 0 1 827 829 828
2185 2 2 0 1 807 809 808
2186 2 2 0 1 811 813 812
2187 2 2 0 1 1306 2055 455
2188 2 2 0 1 436 521 435
2189 2 2 0 1 1585 1586 904
2190 2 2 0 1 947 1440 854
2191 2 2 0 1 775 777 776
2192 2 2 0 1 1222 1224 1223
2193 2 2 0 1 785 787 786
2194 2 2 0 1 800 1472 699
2195 2 2 0 1 1598 2030 1599
2196 2 2 0 1 864 865 748
2197 2 2 0 1 1917 1990 1918
2198 2 2 0 1 1108 1554 53
2199 2 2 0 1 787 789 788
2200 2 2 0 1 1095 1555 57
2201 2 2 0 1 546 2110 2061
2202 2 2 0 1 119 1578 911
2203 2 2 0 1 1074 1557 61
2204 2 2 0 1 1061 1559 65
2205 2 2 0 1 1577 1579 1578
2206 2 2 0 1 868 929 928
2207 2 2 0 1 1104 1528 1103
2208 2 2 0 1 767 769 768
2209 2 2 0 1 1049 1560 69
2210 2 2 0 1 1578 1579 911
2211 2 2 0 1 1040 1561 73
2212 2 2 0 1 1027 1562 77
2213 2 2 0 1 1003 1563 81
2214 2 2 0 1 1567 1568 938
2215 2 2 0 1 87 1564 972
2216 2 2 0 1 1569 1570 932
2217 2 2 0 1 91 1565 965
2218 2 2 0 1 1571 1572 924
2219 2 2 0 1 95 1566 944
2220 2 2 0 1 139 1593 885
2221 2 2 0 1 1586 1587 904
2222 2 2 0 1 1573 1574 918
2223 2 2 0 1 99 1567 938
2224 2 2 0 1 1593 1594 885
2225 2 2 0 1 1595 1603 1596
2226 2 2 0 1 117 1578 119
2227 2 2 0 1 1575 1576 913
2228 2 2 0 1 103 1569 932
2229 2 2 0 1 107 1571 924
2230 2 2 0 1 1592 1594 1593
2231 2 2 0 1 1596 1603 872
2232 2 2 0 1 143 1596 872
2233 2 2 0 1 1580 1583 911
2234 2 2 0 1 111 1573 918
2235 2 2 0 1 394 526 393
2236 2 2 0 1 115 1575 913
2237 2 2 0 1 1579 1580 911
2238 2 2 0 1 137 1593 139
2239 2 2 0 1 777 780 779
2240 2 2 0 1 1590 1591 888
2241 2 2 0 1 761 763 762
2242 2 2 0 1 911 1583 121
2243 2 2 0 1 1576 1577 913
2244 2 2 0 1 1287 1290 1288
2245 2 2 0 1 1594 1595 885
2246 2 2 0 1 53 1554 55
2247 2 2 0 1 55 1554 1095
2248 2 2 0 1 59 1555 1074
2249 2 2 0 1 57 1555 59
2250 2 2 0 1 63 1557 1061
2251 2 2 0 1 67 1559 1049
2252 2 2 0 1 71 1560 1040
2253 2 2 0 1 75 1561 1027
2254 2 2 0 1 79 1562 1003
2255 2 2 0 1 61 1557 63
2256 2 2 0 1 83 1563 984
2257 2 2 0 1 65 1559 67
2258 2 2 0 1 984 1564 85
2259 2 2 0 1 972 1565 89
2260 2 2 0 1 1591 1592 888
2261 2 2 0 1 965 1566 93
2262 2 2 0 1 944 1567 97
2263 2 2 0 1 69 1560 71
2264 2 2 0 1 938 1569 101
2265 2 2 0 1 872 1602 1601
2266 2 2 0 1 932 1571 105
2267 2 2 0 1 924 1573 109
2268 2 2 0 1 918 1575 113
2269 2 2 0 1 792 894 893
2270 2 2 0 1 73 1561 75
2271 2 2 0 1 123 1583 906
2272 2 2 0 1 77 1562 79
2273 2 2 0 1 47 1121 49
2274 2 2 0 1 51 1108 53
2275 2 2 0 1 43 1132 45
2276 2 2 0 1 55 1095 57
2277 2 2 0 1 39 1146 41
2278 2 2 0 1 59 1074 61
2279 2 2 0 1 35 1162 37
2280 2 2 0 1 63 1061 65
2281 2 2 0 1 31 1170 33
2282 2 2 0 1 67 1049 69
2283 2 2 0 1 27 1182 29
2284 2 2 0 1 71 1040 73
2285 2 2 0 1 23 1187 25
2286 2 2 0 1 872 1603 1602
2287 2 2 0 1 75 1027 77
2288 2 2 0 1 19 1204 21
2289 2 2 0 1 79 1003 81
2290 2 2 0 1 15 1219 17
2291 2 2 0 1 135 1590 888
2292 2 2 0 1 83 984 85
2293 2 2 0 1 81 1563 83
2294 2 2 0 1 87 972 89
2295 2 2 0 1 91 965 93
2296 2 2 0 1 895 1590 133
2297 2 2 0 1 95 944 97
2298 2 2 0 1 99 938 101
2299 2 2 0 1 103 932 105
2300 2 2 0 1 107 924 109
2301 2 2 0 1 111 918 113
2302 2 2 0 1 85 1564 87
2303 2 2 0 1 115 913 117
2304 2 2 0 1 119 911 121
2305 2 2 0 1 123 906 125
2306 2 2 0 1 127 904 129
2307 2 2 0 1 89 1565 91
2308 2 2 0 1 131 895 133
2309 2 2 0 1 135 888 137
2310 2 2 0 1 139 885 141
2311 2 2 0 1 1590 1609 1591
2312 2 2 0 1 143 872 145
2313 2 2 0 1 93 1566 95
2314 2 2 0 1 147 863 149
2315 2 2 0 1 141 1596 143
2316 2 2 0 1 151 859 153
2317 2 2 0 1 913 1578 117
2318 2 2 0 1 155 856 157
2319 2 2 0 1 97 1567 99
2320 2 2 0 1 101 1569 103
2321 2 2 0 1 147 1601 863
2322 2 2 0 1 105 1571 107
2323 2 2 0 1 872 1601 145
2324 2 2 0 1 109 1573 111
2325 2 2 0 1 113 1575 115
2326 2 2 0 1 151 1605 859
2327 2 2 0 1 863 1605 149
2328 2 2 0 1 888 1593 137
2329 2 2 0 1 155 1608 856
2330 2 2 0 1 121 1583 123
2331 2 2 0 1 895 1609 1590
2332 2 2 0 1 859 1608 153
2333 2 2 0 1 404 1517 403
2334 2 2 0 1 133 1590 135
2335 2 2 0 1 1669 1812 782
2336 2 2 0 1 1433 1940 527
2337 2 2 0 1 885 1596 141
2338 2 2 0 1 1595 1596 885
2339 2 2 0 1 145 1601 147
2340 2 2 0 1 169 1597 170
2341 2 2 0 1 1577 1578 913
2342 2 2 0 1 1592 1593 888
2343 2 2 0 1 149 1605 151
2344 2 2 0 1 153 1608 155
2345 2 2 0 1 168 936 169
2346 2 2 0 1 170 942 171
2347 2 2 0 1 171 1611 172
2348 2 2 0 1 170 1597 942
2349 2 2 0 1 172 948 173
2350 2 2 0 1 173 1604 174
2351 2 2 0 1 174 970 175
2352 2 2 0 1 175 1606 176
2353 2 2 0 1 176 978 177
2354 2 2 0 1 177 1607 178
2355 2 2 0 1 178 994 179
2356 2 2 0 1 952 954 953
2357 2 2 0 1 180 1014 181
2358 2 2 0 1 182 1033 183
2359 2 2 0 1 184 1044 185
2360 2 2 0 1 186 1052 187
2361 2 2 0 1 187 1610 188
2362 2 2 0 1 188 1064 189
2363 2 2 0 1 190 1079 191
2364 2 2 0 1 936 1597 169
2365 2 2 0 1 192 1098 193
2366 2 2 0 1 194 1113 195
2367 2 2 0 1 236 1417 237
2368 2 2 0 1 196 1125 197
2369 2 2 0 1 234 1374 235
2370 2 2 0 1 198 1137 199
2371 2 2 0 1 232 1362 233
2372 2 2 0 1 200 1148 201
2373 2 2 0 1 230 1337 231
2374 2 2 0 1 202 1163 203
2375 2 2 0 1 228 1311 229
2376 2 2 0 1 204 1171 205
2377 2 2 0 1 226 1291 227
2378 2 2 0 1 206 1181 207
2379 2 2 0 1 224 1276 225
2380 2 2 0 1 208 1186 209
2381 2 2 0 1 222 1269 223
2382 2 2 0 1 210 1202 211
2383 2 2 0 1 220 1257 221
2384 2 2 0 1 212 1218 213
2385 2 2 0 1 218 1245 219
2386 2 2 0 1 214 1234 215
2387 2 2 0 1 216 1238 217
2388 2 2 0 1 1188 1688 880
2389 2 2 0 1 1598 1599 942
2390 2 2 0 1 1597 1600 1598
2391 2 2 0 1 197 1612 198
2392 2 2 0 1 942 1611 171
2393 2 2 0 1 747 1474 676
2394 2 2 0 1 172 1611 948
2395 2 2 0 1 1597 1598 942
2396 2 2 0 1 199 1613 200
2397 2 2 0 1 948 1604 173
2398 2 2 0 1 174 1604 970
2399 2 2 0 1 201 1614 202
2400 2 2 0 1 1599 1611 942
2401 2 2 0 1 970 1606 175
2402 2 2 0 1 176 1606 978
2403 2 2 0 1 203 1615 204
2404 2 2 0 1 978 1607 177
2405 2 2 0 1 936 1600 1597
2406 2 2 0 1 769 771 770
2407 2 2 0 1 178 1607 994
2408 2 2 0 1 205 1616 206
2409 2 2 0 1 829 831 830
2410 2 2 0 1 207 1617 208
2411 2 2 0 1 209 1618 210
2412 2 2 0 1 211 1619 212
2413 2 2 0 1 1092 1803 1467
2414 2 2 0 1 213 1620 214
2415 2 2 0 1 1052 1610 187
2416 2 2 0 1 188 1610 1064
2417 2 2 0 1 219 1621 220
2418 2 2 0 1 1125 1612 197
2419 2 2 0 1 198 1612 1137
2420 2 2 0 1 1137 1613 199
2421 2 2 0 1 200 1613 1148
2422 2 2 0 1 771 773 772
2423 2 2 0 1 1148 1614 201
2424 2 2 0 1 202 1614 1163
2425 2 2 0 1 1163 1615 203
2426 2 2 0 1 204 1615 1171
2427 2 2 0 1 1171 1616 205
2428 2 2 0 1 206 1616 1181
2429 2 2 0 1 1181 1617 207
2430 2 2 0 1 208 1617 1186
2431 2 2 0 1 1186 1618 209
2432 2 2 0 1 210 1618 1202
2433 2 2 0 1 1202 1619 211
2434 2 2 0 1 212 1619 1218
2435 2 2 0 1 1218 1620 213
2436 2 2 0 1 214 1620 1234
2437 2 2 0 1 1245 1621 219
2438 2 2 0 1 220 1621 1257
2439 2 2 0 1 699 701 700
2440 2 2 0 1 1125 1890 1612
2441 2 2 0 1 1681 2109 1292
2442 2 2 0 1 1259 1261 1260
2443 2 2 0 1 684 1479 670
2444 2 2 0 1 763 765 764
2445 2 2 0 1 509 1622 508
2446 2 2 0 1 1299 2154 1248
2447 2 2 0 1 1342 1803 1122
2448 2 2 0 1 690 692 691
2449 2 2 0 1 486 2052 1278
2450 2 2 0 1 1150 1152 1151
2451 2 2 0 1 1511 1717 1509
2452 2 2 0 1 894 1022 937
2453 2 2 0 1 795 2150 1966
2454 2 2 0 1 1151 1845 1500
2455 2 2 0 1 686 688 687
2456 2 2 0 1 705 759 758
2457 2 2 0 1 510 531 509
2458 2 2 0 1 1158 1462 1262
2459 2 2 0 1 701 703 702
2460 2 2 0 1 703 705 704
2461 2 2 0 1 1102 1103 941
2462 2 2 0 1 248 1488 1013
2463 2 2 0 1 1261 1303 1302
2464 2 2 0 1 508 1623 507
2465 2 2 0 1 1318 1837 1114
2466 2 2 0 1 1022 1463 1158
2467 2 2 0 1 714 1546 1545
2468 2 2 0 1 946 1188 880
2469 2 2 0 1 248 1013 424
2470 2 2 0 1 676 678 677
2471 2 2 0 1 694 697 696
2472 2 2 0 1 711 1456 1453
2473 2 2 0 1 692 694 693
2474 2 2 0 1 1113 1825 1570
2475 2 2 0 1 1494 2069 376
2476 2 2 0 1 513 608 512
2477 2 2 0 1 1373 1832 1298
2478 2 2 0 1 894 937 893
2479 2 2 0 1 1158 1262 937
2480 2 2 0 1 1022 1158 937
2481 2 2 0 1 531 1622 509
2482 2 2 0 1 755 1997 1053
2483 2 2 0 1 507 583 506
2484 2 2 0 1 1622 1623 508
2485 2 2 0 1 1009 1683 1006
2486 2 2 0 1 1512 1515 552
2487 2 2 0 1 1401 1985 526
2488 2 2 0 1 670 672 671
2489 2 2 0 1 1067 1624 1107
2490 2 2 0 1 678 680 679
2491 2 2 0 1 1022 1801 1463
2492 2 2 0 1 1860 1893 1372
2493 2 2 0 1 1107 1192 1191
2494 2 2 0 1 506 1628 505
2495 2 2 0 1 1574 1640 918
2496 2 2 0 1 1067 1107 1068
2497 2 2 0 1 860 1860 1436
2498 2 2 0 1 600 870 598
2499 2 2 0 1 792 893 873
2500 2 2 0 1 1575 1640 1576
2501 2 2 0 1 1005 1632 1007
2502 2 2 0 1 887 1635 805
2503 2 2 0 1 1508 1513 1510
2504 2 2 0 1 593 1643 591
2505 2 2 0 1 1890 1904 1612
2506 2 2 0 1 1212 1942 1678
2507 2 2 0 1 1200 1763 1449
2508 2 2 0 1 505 843 504
2509 2 2 0 1 672 674 673
2510 2 2 0 1 1412 1415 519
2511 2 2 0 1 1102 1104 1103
2512 2 2 0 1 664 666 665
2513 2 2 0 1 756 1165 681
2514 2 2 0 1 1547 1634 1545
2515 2 2 0 1 1676 2130 544
2516 2 2 0 1 1134 1135 1133
2517 2 2 0 1 940 941 851
2518 2 2 0 1 1097 2118 1185
2519 2 2 0 1 507 1623 583
2520 2 2 0 1 726 2061 1371
2521 2 2 0 1 1014 1857 1589
2522 2 2 0 1 850 851 737
2523 2 2 0 1 666 668 667
2524 2 2 0 1 1121 1662 49
2525 2 2 0 1 51 1662 1108
2526 2 2 0 1 854 861 855
2527 2 2 0 1 937 1625 893
2528 2 2 0 1 866 867 865
2529 2 2 0 1 1093 1350 1123
2530 2 2 0 1 1570 1846 1113
2531 2 2 0 1 739 792 791
2532 2 2 0 1 658 660 659
2533 2 2 0 1 1262 1625 937
2534 2 2 0 1 660 662 661
2535 2 2 0 1 405 841 404
2536 2 2 0 1 583 1628 506
2537 2 2 0 1 799 1067 931
2538 2 2 0 1 831 836 835
2539 2 2 0 1 956 958 957
2540 2 2 0 1 1212 1678 1058
2541 2 2 0 1 1382 1383 1042
2542 2 2 0 1 1423 1425 1039
2543 2 2 0 1 893 933 873
2544 2 2 0 1 422 905 423
2545 2 2 0 1 615 722 682
2546 2 2 0 1 894 1725 1022
2547 2 2 0 1 963 2144 1464
2548 2 2 0 1 654 656 655
2549 2 2 0 1 1252 1860 1296
2550 2 2 0 1 1674 1816 766
2551 2 2 0 1 792 873 791
2552 2 2 0 1 1066 1505 1493
2553 2 2 0 1 893 1625 933
2554 2 2 0 1 1136 1361 1265
2555 2 2 0 1 1042 1435 917
2556 2 2 0 1 1498 2118 558
2557 2 2 0 1 505 1628 843
2558 2 2 0 1 1374 1979 1204
2559 2 2 0 1 1037 1066 1065
2560 2 2 0 1 1039 1441 908
2561 2 2 0 1 781 1134 1133
2562 2 2 0 1 940 1102 941
2563 2 2 0 1 756 1166 1165
2564 2 2 0 1 1220 1806 634
2565 2 2 0 1 1313 2143 1314
2566 2 2 0 1 850 940 851
2567 2 2 0 1 918 1640 1575
2568 2 2 0 1 873 934 791
2569 2 2 0 1 940 1120 1102
2570 2 2 0 1 834 1551 1480
2571 2 2 0 1 1338 1786 743
2572 2 2 0 1 754 1486 752
2573 2 2 0 1 1256 1683 1009
2574 2 2 0 1 484 2111 1271
2575 2 2 0 1 1292 2109 1249
2576 2 2 0 1 707 1884 382
2577 2 2 0 1 1046 1047 1035
2578 2 2 0 1 682 756 681
2579 2 2 0 1 722 737 682
2580 2 2 0 1 722 838 737
2581 2 2 0 1 616 732 611
2582 2 2 0 1 958 960 959
2583 2 2 0 1 995 1268 1178
2584 2 2 0 1 470 1747 469
2585 2 2 0 1 848 1642 1037
2586 2 2 0 1 919 1126 901
2587 2 2 0 1 1051 1682 1636
2588 2 2 0 1 650 652 651
2589 2 2 0 1 616 739 738
2590 2 2 0 1 409 803 242
2591 2 2 0 1 1126 1689 901
2592 2 2 0 1 554 2146 1499
2593 2 2 0 1 2009 2012 1314
2594 2 2 0 1 1064 1690 189
2595 2 2 0 1 190 1690 1079
2596 2 2 0 1 960 962 961
2597 2 2 0 1 792 1699 894
2598 2 2 0 1 1013 2054 1339
2599 2 2 0 1 968 1804 1336
2600 2 2 0 1 1204 1994 1374
2601 2 2 0 1 738 781 732
2602 2 2 0 1 739 791 738
2603 2 2 0 1 1601 1697 863
2604 2 2 0 1 157 1523 159
2605 2 2 0 1 695 2070 1342
2606 2 2 0 1 838 850 737
2607 2 2 0 1 648 650 649
2608 2 2 0 1 838 945 850
2609 2 2 0 1 1207 1387 1077
2610 2 2 0 1 1587 1709 904
2611 2 2 0 1 848 1037 1036
2612 2 2 0 1 904 1709 129
2613 2 2 0 1 131 1709 895
2614 2 2 0 1 590 1742 1553
2615 2 2 0 1 851 1636 737
2616 2 2 0 1 408 2145 1430
2617 2 2 0 1 610 611 601
2618 2 2 0 1 1257 1702 221
2619 2 2 0 1 222 1702 1269
2620 2 2 0 1 736 1642 848
2621 2 2 0 1 902 1130 920
2622 2 2 0 1 1034 1035 847
2623 2 2 0 1 1134 1136 1135
2624 2 2 0 1 49 1662 51
2625 2 2 0 1 825 826 823
2626 2 2 0 1 868 928 867
2627 2 2 0 1 1391 1392 1071
2628 2 2 0 1 1272 2158 2008
2629 2 2 0 1 870 1643 598
2630 2 2 0 1 600 1685 870
2631 2 2 0 1 1015 1466 832
2632 2 2 0 1 1612 1904 1137
2633 2 2 0 1 815 816 813
2634 2 2 0 1 891 1637 902
2635 2 2 0 1 1060 1685 1646
2636 2 2 0 1 616 738 732
2637 2 2 0 1 615 682 681
2638 2 2 0 1 599 609 601
2639 2 2 0 1 791 1653 738
2640 2 2 0 1 805 806 789
2641 2 2 0 1 1018 1471 778
2642 2 2 0 1 614 616 611
2643 2 2 0 1 1165 1641 681
2644 2 2 0 1 610 615 614
2645 2 2 0 1 1222 1223 1020
2646 2 2 0 1 861 1062 869
2647 2 2 0 1 876 878 877
2648 2 2 0 1 1369 1370 1139
2649 2 2 0 1 783 784 780
2650 2 2 0 1 599 601 600
2651 2 2 0 1 610 614 611
2652 2 2 0 1 738 1653 781
2653 2 2 0 1 606 876 875
2654 2 2 0 1 1023 1472 800
2655 2 2 0 1 1287 1288 1073
2656 2 2 0 1 799 1686 1067
2657 2 2 0 1 1792 1793 1278
2658 2 2 0 1 1172 1955 1255
2659 2 2 0 1 682 1636 756
2660 2 2 0 1 775 776 773
2661 2 2 0 1 968 1336 1209
2662 2 2 0 1 767 768 765
2663 2 2 0 1 929 1057 928
2664 2 2 0 1 615 681 614
2665 2 2 0 1 1368 2164 1232
2666 2 2 0 1 639 1220 634
2667 2 2 0 1 463 1850 462
2668 2 2 0 1 1259 1260 1152
2669 2 2 0 1 902 1637 1130
2670 2 2 0 1 1028 1474 747
2671 2 2 0 1 761 762 759
2672 2 2 0 1 1504 2149 369
2673 2 2 0 1 1150 1151 1030
2674 2 2 0 1 1155 1156 734
2675 2 2 0 1 1401 1403 1209
2676 2 2 0 1 625 1882 628
2677 2 2 0 1 699 700 697
2678 2 2 0 1 1483 1484 845
2679 2 2 0 1 690 691 688
2680 2 2 0 1 1080 1366 1365
2681 2 2 0 1 1335 1479 684
2682 2 2 0 1 1136 1264 1135
2683 2 2 0 1 934 1653 791
2684 2 2 0 1 952 953 950
2685 2 2 0 1 737 1636 682
2686 2 2 0 1 419 627 420
2687 2 2 0 1 1147 2036 1312
2688 2 2 0 1 381 1884 535
2689 2 2 0 1 840 1696 910
2690 2 2 0 1 686 687 680
2691 2 2 0 1 1138 1139 1086
2692 2 2 0 1 2008 2158 1414
2693 2 2 0 1 1006 1683 716
2694 2 2 0 1 840 910 909
2695 2 2 0 1 4 1630 333
2696 2 2 0 1 643 645 644
2697 2 2 0 1 1007 1632 1093
2698 2 2 0 1 676 677 674
2699 2 2 0 1 1572 1741 924
2700 2 2 0 1 1165 1699 1641
2701 2 2 0 1 1573 1741 1574
2702 2 2 0 1 592 618 596
2703 2 2 0 1 781 1653 1134
2704 2 2 0 1 1442 2038 521
2705 2 2 0 1 1136 1265 1264
2706 2 2 0 1 681 1641 614
2707 2 2 0 1 1254 1256 1009
2708 2 2 0 1 670 671 668
2709 2 2 0 1 1210 2053 1421
2710 2 2 0 1 18 520 16
2711 2 2 0 1 618 748 619
2712 2 2 0 1 22 717 20
2713 2 2 0 1 609 610 601
2714 2 2 0 1 968 1208 946
2715 2 2 0 1 346 1897 710
2716 2 2 0 1 850 1644 940
2717 2 2 0 1 26 522 24
2718 2 2 0 1 1904 1922 1137
2719 2 2 0 1 30 718 28
2720 2 2 0 1 940 1644 1120
2721 2 2 0 1 20 1648 18
2722 2 2 0 1 34 523 32
2723 2 2 0 1 1370 2110 1505
2724 2 2 0 1 24 1649 22
2725 2 2 0 1 562 1897 347
2726 2 2 0 1 1132 1749 45
2727 2 2 0 1 47 1749 1121
2728 2 2 0 1 38 719 36
2729 2 2 0 1 28 1650 26
2730 2 2 0 1 32 1651 30
2731 2 2 0 1 42 525 40
2732 2 2 0 1 664 665 662
2733 2 2 0 1 794 1962 1514
2734 2 2 0 1 46 720 44
2735 2 2 0 1 36 1652 34
2736 2 2 0 1 367 1774 366
2737 2 2 0 1 609 1638 610
2738 2 2 0 1 50 527 48
2739 2 2 0 1 40 1654 38
2740 2 2 0 1 615 1638 722
2741 2 2 0 1 1176 2012 1214
2742 2 2 0 1 44 1655 42
2743 2 2 0 1 54 721 52
2744 2 2 0 1 596 597 593
2745 2 2 0 1 1393 1394 1392
2746 2 2 0 1 597 598 593
2747 2 2 0 1 466 1840 1739
2748 2 2 0 1 58 528 56
2749 2 2 0 1 1489 1715 735
2750 2 2 0 1 601 1646 600
2751 2 2 0 1 62 723 60
2752 2 2 0 1 641 643 642
2753 2 2 0 1 817 818 816
2754 2 2 0 1 66 529 64
2755 2 2 0 1 945 1644 850
2756 2 2 0 1 1224 1340 1223
2757 2 2 0 1 614 1641 616
2758 2 2 0 1 1421 2041 1210
2759 2 2 0 1 64 1658 62
2760 2 2 0 1 70 724 68
2761 2 2 0 1 807 808 806
2762 2 2 0 1 68 1659 66
2763 2 2 0 1 819 820 818
2764 2 2 0 1 1636 1682 756
2765 2 2 0 1 821 822 820
2766 2 2 0 1 74 530 72
2767 2 2 0 1 785 786 784
2768 2 2 0 1 72 1661 70
2769 2 2 0 1 78 725 76
2770 2 2 0 1 654 655 652
2771 2 2 0 1 1261 1302 1260
2772 2 2 0 1 879 1389 1388
2773 2 2 0 1 809 810 808
2774 2 2 0 1 756 1682 1166
2775 2 2 0 1 82 532 80
2776 2 2 0 1 956 957 954
2777 2 2 0 1 827 828 826
2778 2 2 0 1 811 812 810
2779 2 2 0 1 80 1663 78
2780 2 2 0 1 1093 1632 1350
2781 2 2 0 1 658 659 656
2782 2 2 0 1 168 1736 936
2783 2 2 0 1 86 727 84
2784 2 2 0 1 909 946 880
2785 2 2 0 1 854 855 836
2786 2 2 0 1 84 1664 82
2787 2 2 0 1 777 779 776
2788 2 2 0 1 787 788 786
2789 2 2 0 1 592 593 591
2790 2 2 0 1 1031 2079 1386
2791 2 2 0 1 1336 1401 1209
2792 2 2 0 1 769 770 768
2793 2 2 0 1 638 641 640
2794 2 2 0 1 90 533 88
2795 2 2 0 1 763 764 762
2796 2 2 0 1 599 600 598
2797 2 2 0 1 922 1100 852
2798 2 2 0 1 94 728 92
2799 2 2 0 1 92 1665 90
2800 2 2 0 1 771 772 770
2801 2 2 0 1 98 534 96
2802 2 2 0 1 96 1666 94
2803 2 2 0 1 840 880 619
2804 2 2 0 1 597 599 598
2805 2 2 0 1 102 729 100
2806 2 2 0 1 701 702 700
2807 2 2 0 1 616 1641 739
2808 2 2 0 1 692 693 691
2809 2 2 0 1 104 1667 102
2810 2 2 0 1 106 536 104
2811 2 2 0 1 968 1209 1208
2812 2 2 0 1 108 1668 106
2813 2 2 0 1 1503 2019 549
2814 2 2 0 1 694 696 693
2815 2 2 0 1 703 704 702
2816 2 2 0 1 110 730 108
2817 2 2 0 1 1199 1861 1459
2818 2 2 0 1 864 1701 866
2819 2 2 0 1 705 758 704
2820 2 2 0 1 678 679 677
2821 2 2 0 1 114 538 112
2822 2 2 0 1 1180 1440 947
2823 2 2 0 1 883 1913 1045
2824 2 2 0 1 116 1670 114
2825 2 2 0 1 118 731 116
2826 2 2 0 1 120 1671 118
2827 2 2 0 1 550 2151 1774
2828 2 2 0 1 1097 1185 1096
2829 2 2 0 1 829 830 828
2830 2 2 0 1 124 1672 122
2831 2 2 0 1 122 540 120
2832 2 2 0 1 611 1646 601
2833 2 2 0 1 1107 1191 1068
2834 2 2 0 1 126 1673 124
2835 2 2 0 1 1284 1838 1110
2836 2 2 0 1 672 673 671
2837 2 2 0 1 730 1765 1461
2838 2 2 0 1 128 541 126
2839 2 2 0 1 610 1638 615
2840 2 2 0 1 1278 1793 485
2841 2 2 0 1 1609 2135 1589
2842 2 2 0 1 648 649 645
2843 2 2 0 1 1101 2031 1502
2844 2 2 0 1 134 542 132
2845 2 2 0 1 1475 1750 1476
2846 2 2 0 1 1067 1068 931
2847 2 2 0 1 1641 1699 739
2848 2 2 0 1 189 1690 190
2849 2 2 0 1 732 1646 611
2850 2 2 0 1 140 543 138
2851 2 2 0 1 1693 1936 545
2852 2 2 0 1 1282 1788 1117
2853 2 2 0 1 666 667 665
2854 2 2 0 1 1308 1310 1309
2855 2 2 0 1 909 968 946
2856 2 2 0 1 748 840 619
2857 2 2 0 1 1136 1692 1361
2858 2 2 0 1 146 544 144
2859 2 2 0 1 1274 2138 1301
2860 2 2 0 1 831 835 830
2861 2 2 0 1 1084 1096 839
2862 2 2 0 1 1079 1778 191
2863 2 2 0 1 192 1778 1098
2864 2 2 0 1 618 619 596
2865 2 2 0 1 1428 2163 1273
2866 2 2 0 1 1370 1880 1139
2867 2 2 0 1 598 1643 593
2868 2 2 0 1 660 661 659
2869 2 2 0 1 592 596 593
2870 2 2 0 1 1653 1692 1134
2871 2 2 0 1 1269 1784 223
2872 2 2 0 1 224 1784 1276
2873 2 2 0 1 416 537 417
2874 2 2 0 1 1703 1704 1105
2875 2 2 0 1 1602 1697 1601
2876 2 2 0 1 1750 1817 1402
2877 2 2 0 1 1462 1944 511
2878 2 2 0 1 1699 1725 894
2879 2 2 0 1 1916 2170 608
2880 2 2 0 1 1355 1359 1358
2881 2 2 0 1 148 1676 146
2882 2 2 0 1 1066 1493 1065
2883 2 2 0 1 840 909 880
2884 2 2 0 1 1111 1112 939
2885 2 2 0 1 1456 1694 1453
2886 2 2 0 1 636 638 637
2887 2 2 0 1 1643 1684 591
2888 2 2 0 1 366 1820 365
2889 2 2 0 1 580 594 586
2890 2 2 0 1 1198 1199 921
2891 2 2 0 1 221 1702 222
2892 2 2 0 1 1142 1691 1141
2893 2 2 0 1 1137 1922 1613
2894 2 2 0 1 1475 1817 1750
2895 2 2 0 1 680 1686 679
2896 2 2 0 1 633 636 635
2897 2 2 0 1 1044 1852 1582
2898 2 2 0 1 1037 1065 1036
2899 2 2 0 1 1512 1975 1515
2900 2 2 0 1 129 1709 131
2901 2 2 0 1 1406 1627 796
2902 2 2 0 1 590 591 589
2903 2 2 0 1 739 1699 792
2904 2 2 0 1 856 1523 157
2905 2 2 0 1 590 592 591
2906 2 2 0 1 1057 1109 928
2907 2 2 0 1 539 2031 1733
2908 2 2 0 1 867 1069 865
2909 2 2 0 1 572 1787 1075
2910 2 2 0 1 1189 1190 912
2911 2 2 0 1 557 1819 1364
2912 2 2 0 1 1308 1309 900
2913 2 2 0 1 1352 1706 1351
2914 2 2 0 1 1646 1685 600
2915 2 2 0 1 652 1698 651
2916 2 2 0 1 958 959 957
2917 2 2 0 1 1570 1811 932
2918 2 2 0 1 1651 2065 1326
2919 2 2 0 1 1571 1811 1572
2920 2 2 0 1 1034 1046 1035
2921 2 2 0 1 650 651 649
2922 2 2 0 1 587 590 589
2923 2 2 0 1 1799 1813 1157
2924 2 2 0 1 934 1692 1653
2925 2 2 0 1 1756 1959 1704
2926 2 2 0 1 960 961 959
2927 2 2 0 1 276 1983 1385
2928 2 2 0 1 891 1746 1637
2929 2 2 0 1 167 1736 168
2930 2 2 0 1 1046 1101 1047
2931 2 2 0 1 43 1815 1132
2932 2 2 0 1 1146 1815 41
2933 2 2 0 1 1134 1692 1136
2934 2 2 0 1 589 606 588
2935 2 2 0 1 391 1817 390
2936 2 2 0 1 150 1687 148
2937 2 2 0 1 504 1799 503
2938 2 2 0 1 1369 1371 1370
2939 2 2 0 1 1138 1369 1139
2940 2 2 0 1 891 901 878
2941 2 2 0 1 736 1698 1642
2942 2 2 0 1 1468 1900 1359
2943 2 2 0 1 784 1726 780
2944 2 2 0 1 1417 2016 1219
2945 2 2 0 1 806 1727 789
2946 2 2 0 1 700 1716 697
2947 2 2 0 1 762 1718 759
2948 2 2 0 1 816 1732 813
2949 2 2 0 1 551 1981 1513
2950 2 2 0 1 826 1738 823
2951 2 2 0 1 138 1745 136
2952 2 2 0 1 1107 1872 1192
2953 2 2 0 1 768 1722 765
2954 2 2 0 1 776 1724 773
2955 2 2 0 1 573 577 575
2956 2 2 0 1 1020 1674 1018
2957 2 2 0 1 1922 1939 1613
2958 2 2 0 1 1073 1675 1023
2959 2 2 0 1 902 920 919
2960 2 2 0 1 962 1080 961
2961 2 2 0 1 677 1713 674
2962 2 2 0 1 891 902 901
2963 2 2 0 1 1453 1694 1457
2964 2 2 0 1 969 2008 1414
2965 2 2 0 1 671 1711 668
2966 2 2 0 1 1071 1669 1015
2967 2 2 0 1 1030 1677 1028
2968 2 2 0 1 1339 2073 1013
2969 2 2 0 1 342 1970 709
2970 2 2 0 1 902 919 901
2971 2 2 0 1 1117 1788 1315
2972 2 2 0 1 665 1710 662
2973 2 2 0 1 566 1728 564
2974 2 2 0 1 584 1970 343
2975 2 2 0 1 796 1627 1338
2976 2 2 0 1 332 516 4
2977 2 2 0 1 518 1398 1228
2978 2 2 0 1 995 1737 1268
2979 2 2 0 1 565 1543 567
2980 2 2 0 1 861 869 855
2981 2 2 0 1 591 1684 589
2982 2 2 0 1 2009 2106 1423
2983 2 2 0 1 630 1480 632
2984 2 2 0 1 1331 1831 1439
2985 2 2 0 1 549 2019 370
2986 2 2 0 1 1247 2112 481
2987 2 2 0 1 1219 2032 1417
2988 2 2 0 1 482 1976 1247
2989 2 2 0 1 1550 2005 884
2990 2 2 0 1 587 588 581
2991 2 2 0 1 587 589 588
2992 2 2 0 1 1424 2181 541
2993 2 2 0 1 1645 2021 1316
2994 2 2 0 1 1319 1952 1147
2995 2 2 0 1 643 644 642
2996 2 2 0 1 1015 1669 1466
2997 2 2 0 1 435 1833 434
2998 2 2 0 1 662 1710 661
2999 2 2 0 1 1525 1931 1153
3000 2 2 0 1 152 545 150
3001 2 2 0 1 668 1711 667
3002 2 2 0 1 641 642 640
3003 2 2 0 1 1100 1748 852
3004 2 2 0 1 674 1713 673
3005 2 2 0 1 624 1912 1345
3006 2 2 0 1 960 1719 962
3007 2 2 0 1 656 1714 655
3008 2 2 0 1 1719 1720 962
3009 2 2 0 1 659 1714 656
3010 2 2 0 1 687 1686 680
3011 2 2 0 1 679 799 798
3012 2 2 0 1 1060 1926 1685
3013 2 2 0 1 661 734 659
3014 2 2 0 1 154 1693 152
3015 2 2 0 1 651 735 649
3016 2 2 0 1 673 1081 802
3017 2 2 0 1 1166 1725 1165
3018 2 2 0 1 1098 1825 193
3019 2 2 0 1 194 1825 1113
3020 2 2 0 1 667 1085 790
3021 2 2 0 1 667 790 665
3022 2 2 0 1 697 1716 696
3023 2 2 0 1 655 1698 652
3024 2 2 0 1 661 1088 734
3025 2 2 0 1 1145 1837 1672
3026 2 2 0 1 673 802 671
3027 2 2 0 1 1228 1229 1227
3028 2 2 0 1 1018 1674 1471
3029 2 2 0 1 1493 1494 1065
3030 2 2 0 1 1276 1827 225
3031 2 2 0 1 1923 2146 554
3032 2 2 0 1 226 1827 1291
3033 2 2 0 1 1156 1714 734
3034 2 2 0 1 18 1648 520
3035 2 2 0 1 1602 2067 2042
3036 2 2 0 1 1017 2046 1429
3037 2 2 0 1 679 798 677
3038 2 2 0 1 799 931 930
3039 2 2 0 1 645 1715 644
3040 2 2 0 1 1081 1118 1082
3041 2 2 0 1 717 1648 20
3042 2 2 0 1 1161 1504 1503
3043 2 2 0 1 758 892 852
3044 2 2 0 1 764 1091 1090
3045 2 2 0 1 1085 1119 1086
3046 2 2 0 1 1118 1161 1160
3047 2 2 0 1 1023 1675 1472
3048 2 2 0 1 759 1718 758
3049 2 2 0 1 22 1649 717
3050 2 2 0 1 1119 1235 1138
3051 2 2 0 1 522 1649 24
3052 2 2 0 1 1191 1193 1068
3053 2 2 0 1 156 733 154
3054 2 2 0 1 26 1650 522
3055 2 2 0 1 794 1872 1810
3056 2 2 0 1 1223 1674 1020
3057 2 2 0 1 718 1650 28
3058 2 2 0 1 30 1651 718
3059 2 2 0 1 865 1696 748
3060 2 2 0 1 693 794 691
3061 2 2 0 1 765 1722 764
3062 2 2 0 1 144 1805 142
3063 2 2 0 1 523 1651 32
3064 2 2 0 1 1288 1675 1073
3065 2 2 0 1 924 1741 1573
3066 2 2 0 1 639 1237 1220
3067 2 2 0 1 779 1083 839
3068 2 2 0 1 34 1652 523
3069 2 2 0 1 1028 1677 1474
3070 2 2 0 1 920 1173 919
3071 2 2 0 1 748 1696 840
3072 2 2 0 1 892 1056 922
3073 2 2 0 1 719 1652 36
3074 2 2 0 1 1056 1244 1175
3075 2 2 0 1 1387 2160 849
3076 2 2 0 1 959 969 957
3077 2 2 0 1 596 1688 597
3078 2 2 0 1 38 1654 719
3079 2 2 0 1 1794 2037 1484
3080 2 2 0 1 1091 1128 1127
3081 2 2 0 1 773 1724 772
3082 2 2 0 1 702 842 700
3083 2 2 0 1 525 1654 40
3084 2 2 0 1 890 1800 1738
3085 2 2 0 1 1165 1725 1699
3086 2 2 0 1 42 1655 525
3087 2 2 0 1 780 1726 779
3088 2 2 0 1 720 1655 44
3089 2 2 0 1 758 852 704
3090 2 2 0 1 1151 1677 1030
3091 2 2 0 1 1084 1097 1096
3092 2 2 0 1 1392 1669 1071
3093 2 2 0 1 638 640 637
3094 2 2 0 1 1083 1196 1084
3095 2 2 0 1 812 1087 921
3096 2 2 0 1 1143 1695 1062
3097 2 2 0 1 649 1715 645
3098 2 2 0 1 642 646 640
3099 2 2 0 1 1101 1987 1911
3100 2 2 0 1 1088 1155 734
3101 2 2 0 1 1085 1086 790
3102 2 2 0 1 726 1896 1469
3103 2 2 0 1 764 1090 762
3104 2 2 0 1 651 736 735
3105 2 2 0 1 900 1543 565
3106 2 2 0 1 112 1765 110
3107 2 2 0 1 687 1810 1624
3108 2 2 0 1 2139 2164 1368
3109 2 2 0 1 1119 1138 1086
3110 2 2 0 1 789 1727 788
3111 2 2 0 1 876 891 878
3112 2 2 0 1 822 1089 912
3113 2 2 0 1 995 1178 1177
3114 2 2 0 1 1425 1441 1039
3115 2 2 0 1 1081 1082 802
3116 2 2 0 1 1062 1737 869
3117 2 2 0 1 1118 1160 1082
3118 2 2 0 1 1161 1503 1160
3119 2 2 0 1 630 632 631
3120 2 2 0 1 770 833 768
3121 2 2 0 1 62 1658 723
3122 2 2 0 1 1087 1200 1198
3123 2 2 0 1 799 930 798
3124 2 2 0 1 529 1658 64
3125 2 2 0 1 736 847 735
3126 2 2 0 1 405 1782 841
3127 2 2 0 1 1080 1272 961
3128 2 2 0 1 1215 1995 1775
3129 2 2 0 1 66 1659 529
3130 2 2 0 1 931 1236 930
3131 2 2 0 1 571 1680 573
3132 2 2 0 1 813 1732 812
3133 2 2 0 1 572 1075 570
3134 2 2 0 1 1568 1846 938
3135 2 2 0 1 574 1787 572
3136 2 2 0 1 724 1659 68
3137 2 2 0 1 1569 1846 1570
3138 2 2 0 1 70 1661 724
3139 2 2 0 1 848 1036 1034
3140 2 2 0 1 1383 1435 1042
3141 2 2 0 1 880 1688 619
3142 2 2 0 1 779 839 776
3143 2 2 0 1 736 848 847
3144 2 2 0 1 920 1991 1173
3145 2 2 0 1 530 1661 72
3146 2 2 0 1 1089 1275 1189
3147 2 2 0 1 589 1684 606
3148 2 2 0 1 39 1847 1146
3149 2 2 0 1 1162 1847 37
3150 2 2 0 1 45 1749 47
3151 2 2 0 1 1237 2100 1220
3152 2 2 0 1 848 1034 847
3153 2 2 0 1 1613 1939 1148
3154 2 2 0 1 786 862 784
3155 2 2 0 1 1316 2021 1226
3156 2 2 0 1 1234 2172 1557
3157 2 2 0 1 823 1738 822
3158 2 2 0 1 1045 1169 1167
3159 2 2 0 1 1125 1869 1568
3160 2 2 0 1 1603 2067 1602
3161 2 2 0 1 78 1663 725
3162 2 2 0 1 1188 1776 1688
3163 2 2 0 1 1203 1891 1143
3164 2 2 0 1 532 1663 80
3165 2 2 0 1 679 1686 799
3166 2 2 0 1 878 1689 879
3167 2 2 0 1 1198 1246 1199
3168 2 2 0 1 82 1664 532
3169 2 2 0 1 420 1483 421
3170 2 2 0 1 1367 2089 1123
3171 2 2 0 1 727 1664 84
3172 2 2 0 1 2003 2087 1550
3173 2 2 0 1 599 1776 609
3174 2 2 0 1 897 1731 898
3175 2 2 0 1 628 630 629
3176 2 2 0 1 892 922 852
3177 2 2 0 1 808 889 806
3178 2 2 0 1 1056 1175 922
3179 2 2 0 1 640 1721 637
3180 2 2 0 1 1776 1844 609
3181 2 2 0 1 1033 1852 183
3182 2 2 0 1 184 1852 1044
3183 2 2 0 1 1642 1927 1037
3184 2 2 0 1 90 1665 533
3185 2 2 0 1 869 995 926
3186 2 2 0 1 1830 1841 1056
3187 2 2 0 1 728 1665 92
3188 2 2 0 1 1638 1844 1140
3189 2 2 0 1 94 1666 728
3190 2 2 0 1 594 1129 586
3191 2 2 0 1 812 921 810
3192 2 2 0 1 1231 1232 1229
3193 2 2 0 1 534 1666 96
3194 2 2 0 1 1091 1127 1090
3195 2 2 0 1 567 625 569
3196 2 2 0 1 1189 1396 1190
3197 2 2 0 1 476 2117 475
3198 2 2 0 1 1602 2042 1697
3199 2 2 0 1 818 903 816
3200 2 2 0 1 1326 2065 1282
3201 2 2 0 1 994 1857 179
3202 2 2 0 1 180 1857 1014
3203 2 2 0 1 1080 1365 1272
3204 2 2 0 1 102 1667 729
3205 2 2 0 1 1419 2040 1243
3206 2 2 0 1 536 1667 104
3207 2 2 0 1 822 912 820
3208 2 2 0 1 619 1688 596
3209 2 2 0 1 1259 1761 1261
3210 2 2 0 1 835 1099 939
3211 2 2 0 1 1099 1211 1111
3212 2 2 0 1 106 1668 536
3213 2 2 0 1 730 1668 108
3214 2 2 0 1 828 890 826
3215 2 2 0 1 869 926 855
3216 2 2 0 1 636 637 635
3217 2 2 0 1 1376 1758 1377
3218 2 2 0 1 1486 1866 752
3219 2 2 0 1 1083 1084 839
3220 2 2 0 1 1568 1890 1125
3221 2 2 0 1 114 1670 538
3222 2 2 0 1 995 1177 926
3223 2 2 0 1 625 628 626
3224 2 2 0 1 835 939 830
3225 2 2 0 1 731 1670 116
3226 2 2 0 1 855 1744 836
3227 2 2 0 1 907 1756 1703
3228 2 2 0 1 1655 1998 1241
3229 2 2 0 1 688 1810 687
3230 2 2 0 1 1939 1951 1148
3231 2 2 0 1 1271 1870 483
3232 2 2 0 1 118 1671 731
3233 2 2 0 1 1603 2081 2067
3234 2 2 0 1 1208 1943 1906
3235 2 2 0 1 540 1671 120
3236 2 2 0 1 122 1672 540
3237 2 2 0 1 1065 1723 1036
3238 2 2 0 1 456 1874 455
3239 2 2 0 1 1069 1696 865
3240 2 2 0 1 842 1716 700
3241 2 2 0 1 124 1673 1672
3242 2 2 0 1 555 595 547
3243 2 2 0 1 550 1774 367
3244 2 2 0 1 798 1713 677
3245 2 2 0 1 802 1711 671
3246 2 2 0 1 541 1673 126
3247 2 2 0 1 1090 1718 762
3248 2 2 0 1 1112 1762 939
3249 2 2 0 1 1356 1357 1354
3250 2 2 0 1 1199 1753 921
3251 2 2 0 1 1544 1957 1542
3252 2 2 0 1 1457 1865 862
3253 2 2 0 1 567 568 566
3254 2 2 0 1 689 2150 690
3255 2 2 0 1 1179 2051 1274
3256 2 2 0 1 1751 1937 1531
3257 2 2 0 1 1291 1868 227
3258 2 2 0 1 228 1868 1311
3259 2 2 0 1 1323 1972 1862
3260 2 2 0 1 1087 1198 921
3261 2 2 0 1 862 1726 784
3262 2 2 0 1 1113 1869 195
3263 2 2 0 1 196 1869 1125
3264 2 2 0 1 833 1722 768
3265 2 2 0 1 639 1343 1237
3266 2 2 0 1 565 566 564
3267 2 2 0 1 790 1710 665
3268 2 2 0 1 1514 1962 1511
3269 2 2 0 1 1228 1231 1229
3270 2 2 0 1 839 1724 776
3271 2 2 0 1 635 639 634
3272 2 2 0 1 836 1744 835
3273 2 2 0 1 1211 1285 1111
3274 2 2 0 1 423 1488 248
3275 2 2 0 1 100 1785 98
3276 2 2 0 1 889 1727 806
3277 2 2 0 1 338 1919 337
3278 2 2 0 1 1738 1800 1089
3279 2 2 0 1 472 1385 471
3280 2 2 0 1 903 1732 816
3281 2 2 0 1 890 1738 826
3282 2 2 0 1 1725 1801 1022
3283 2 2 0 1 1089 1189 912
3284 2 2 0 1 899 2123 1406
3285 2 2 0 1 1139 1822 1086
3286 2 2 0 1 901 1689 878
3287 2 2 0 1 1695 1737 1062
3288 2 2 0 1 2125 2153 1609
3289 2 2 0 1 651 1698 736
3290 2 2 0 1 406 1782 405
3291 2 2 0 1 1190 1755 912
3292 2 2 0 1 734 1714 659
3293 2 2 0 1 373 2061 726
3294 2 2 0 1 724 1660 1659
3295 2 2 0 1 727 1858 1521
3296 2 2 0 1 633 634 631
3297 2 2 0 1 132 1843 130
3298 2 2 0 1 546 2061 374
3299 2 2 0 1 428 2063 328
3300 2 2 0 1 1502 2031 539
3301 2 2 0 1 35 1889 1162
3302 2 2 0 1 1170 1889 33
3303 2 2 0 1 1567 1890 1568
3304 2 2 0 1 328 2063 515
3305 2 2 0 1 1115 1793 1792
3306 2 2 0 1 1099 1111 939
3307 2 2 0 1 1325 2029 1460
3308 2 2 0 1 446 1924 624
3309 2 2 0 1 146 1676 544
3310 2 2 0 1 954 1828 953
3311 2 2 0 1 1308 1881 1310
3312 2 2 0 1 1867 2148 559
3313 2 2 0 1 1284 2033 1838
3314 2 2 0 1 1371 2110 1370
3315 2 2 0 1 586 587 581
3316 2 2 0 1 896 1251 1250
3317 2 2 0 1 324 1734 325
3318 2 2 0 1 632 633 631
3319 2 2 0 1 543 1745 138
3320 2 2 0 1 624 1344 445
3321 2 2 0 1 1595 2081 1603
3322 2 2 0 1 928 1735 867
3323 2 2 0 1 1251 1915 1266
3324 2 2 0 1 191 1778 192
3325 2 2 0 1 638 2166 713
3326 2 2 0 1 1096 1724 839
3327 2 2 0 1 879 1689 1389
3328 2 2 0 1 573 1680 577
3329 2 2 0 1 1122 1803 1092
3330 2 2 0 1 630 631 629
3331 2 2 0 1 110 1765 730
3332 2 2 0 1 1680 1903 1681
3333 2 2 0 1 538 1765 112
3334 2 2 0 1 735 1715 649
3335 2 2 0 1 597 1776 599
3336 2 2 0 1 576 607 574
3337 2 2 0 1 673 1713 1081
3338 2 2 0 1 464 1740 463
3339 2 2 0 1 1300 1910 1203
3340 2 2 0 1 667 1711 1085
3341 2 2 0 1 661 1710 1088
3342 2 2 0 1 898 1731 925
3343 2 2 0 1 1537 1801 1166
3344 2 2 0 1 1109 1735 928
3345 2 2 0 1 628 629 626
3346 2 2 0 1 223 1784 224
3347 2 2 0 1 1148 1951 1614
3348 2 2 0 1 1068 1712 931
3349 2 2 0 1 1185 1835 1096
3350 2 2 0 1 1075 1729 1728
3351 2 2 0 1 1047 1911 1131
3352 2 2 0 1 758 1718 892
3353 2 2 0 1 633 635 634
3354 2 2 0 1 567 569 568
3355 2 2 0 1 977 1819 1270
3356 2 2 0 1 1120 1853 1102
3357 2 2 0 1 764 1722 1091
3358 2 2 0 1 1185 1937 1835
3359 2 2 0 1 98 1785 534
3360 2 2 0 1 1810 1872 1624
3361 2 2 0 1 1918 1990 1600
3362 2 2 0 1 1311 1902 229
3363 2 2 0 1 230 1902 1337
3364 2 2 0 1 729 1785 100
3365 2 2 0 1 1750 1757 1476
3366 2 2 0 1 779 1726 1083
3367 2 2 0 1 1516 2011 1100
3368 2 2 0 1 1595 2101 2081
3369 2 2 0 1 518 1228 1227
3370 2 2 0 1 392 1985 712
3371 2 2 0 1 1152 1845 1151
3372 2 2 0 1 1127 1841 1830
3373 2 2 0 1 606 1746 876
3374 2 2 0 1 909 1804 968
3375 2 2 0 1 869 1737 995
3376 2 2 0 1 565 567 566
3377 2 2 0 1 580 586 581
3378 2 2 0 1 898 925 923
3379 2 2 0 1 1243 2058 1419
3380 2 2 0 1 571 1903 1680
3381 2 2 0 1 646 1721 640
3382 2 2 0 1 1688 1776 597
3383 2 2 0 1 148 1687 1676
3384 2 2 0 1 625 626 569
3385 2 2 0 1 6 1645 332
3386 2 2 0 1 812 1732 1087
3387 2 2 0 1 867 1735 1069
3388 2 2 0 1 926 1744 855
3389 2 2 0 1 526 2006 1404
3390 2 2 0 1 376 2020 1494
3391 2 2 0 1 1210 2041 13
3392 2 2 0 1 608 1974 1541
3393 2 2 0 1 166 1144 167
3394 2 2 0 1 1494 1723 1065
3395 2 2 0 1 1214 1905 1745
3396 2 2 0 1 578 580 579
3397 2 2 0 1 1367 1791 1368
3398 2 2 0 1 822 1738 1089
3399 2 2 0 1 842 1717 1716
3400 2 2 0 1 1951 1963 1614
3401 2 2 0 1 31 1920 1170
3402 2 2 0 1 1182 1920 29
3403 2 2 0 1 1684 1746 606
3404 2 2 0 1 929 1886 1057
3405 2 2 0 1 962 1809 1080
3406 2 2 0 1 575 578 576
3407 2 2 0 1 683 1863 412
3408 2 2 0 1 568 570 566
3409 2 2 0 1 843 1799 504
3410 2 2 0 1 1940 2104 720
3411 2 2 0 1 573 575 574
3412 2 2 0 1 931 1712 1236
3413 2 2 0 1 629 749 626
3414 2 2 0 1 876 1746 891
3415 2 2 0 1 1403 1993 1954
3416 2 2 0 1 1660 1988 1961
3417 2 2 0 1 587 1742 590
3418 2 2 0 1 916 1873 1679
3419 2 2 0 1 582 743 560
3420 2 2 0 1 1540 2063 1021
3421 2 2 0 1 1465 1779 1719
3422 2 2 0 1 414 1705 415
3423 2 2 0 1 390 1817 1475
3424 2 2 0 1 571 573 572
3425 2 2 0 1 1594 2101 1595
3426 2 2 0 1 1034 1733 1046
3427 2 2 0 1 1436 1860 1252
3428 2 2 0 1 410 1647 742
3429 2 2 0 1 1337 1934 231
3430 2 2 0 1 232 1934 1362
3431 2 2 0 1 1287 2076 1290
3432 2 2 0 1 1091 1871 1128
3433 2 2 0 1 1193 1712 1068
3434 2 2 0 1 1697 2030 863
3435 2 2 0 1 160 1298 158
3436 2 2 0 1 898 899 797
3437 2 2 0 1 1663 1772 725
3438 2 2 0 1 511 1944 510
3439 2 2 0 1 1036 1733 1034
3440 2 2 0 1 835 1744 1099
3441 2 2 0 1 580 581 579
3442 2 2 0 1 1377 1901 1375
3443 2 2 0 1 1760 2082 595
3444 2 2 0 1 1083 1865 1196
3445 2 2 0 1 1736 1918 936
3446 2 2 0 1 1104 1813 1528
3447 2 2 0 1 602 1895 1478
3448 2 2 0 1 365 1820 551
3449 2 2 0 1 704 1748 702
3450 2 2 0 1 870 1836 1643
3451 2 2 0 1 744 796 743
3452 2 2 0 1 1672 1837 540
3453 2 2 0 1 932 1811 1571
3454 2 2 0 1 27 1948 1182
3455 2 2 0 1 1187 1948 25
3456 2 2 0 1 545 1687 150
3457 2 2 0 1 1704 1959 916
3458 2 2 0 1 516 1630 4
3459 2 2 0 1 415 604 245
3460 2 2 0 1 772 1751 770
3461 2 2 0 1 1421 2053 239
3462 2 2 0 1 1734 2058 1243
3463 2 2 0 1 1594 2122 2101
3464 2 2 0 1 162 2068 399
3465 2 2 0 1 1723 1733 1036
3466 2 2 0 1 1327 1992 1326
3467 2 2 0 1 578 579 576
3468 2 2 0 1 742 2178 1900
3469 2 2 0 1 369 2149 368
3470 2 2 0 1 1614 1963 1163
3471 2 2 0 1 41 1815 43
3472 2 2 0 1 359 2102 358
3473 2 2 0 1 1634 1957 1545
3474 2 2 0 1 895 2135 1609
3475 2 2 0 1 1552 2006 395
3476 2 2 0 1 376 2069 375
3477 2 2 0 1 1208 1906 946
3478 2 2 0 1 810 1753 808
3479 2 2 0 1 323 907 324
3480 2 2 0 1 1349 1913 1205
3481 2 2 0 1 1423 2181 1424
3482 2 2 0 1 526 1985 393
3483 2 2 0 1 563 565 564
3484 2 2 0 1 503 2068 162
3485 2 2 0 1 158 1832 156
3486 2 2 0 1 322 1756 323
3487 2 2 0 1 1212 2072 1942
3488 2 2 0 1 245 2116 416
3489 2 2 0 1 575 576 574
3490 2 2 0 1 1719 1779 1720
3491 2 2 0 1 1652 1788 523
3492 2 2 0 1 1188 1844 1776
3493 2 2 0 1 1427 2103 1289
3494 2 2 0 1 1129 1742 586
3495 2 2 0 1 320 916 321
3496 2 2 0 1 820 1755 818
3497 2 2 0 1 1321 1882 1309
3498 2 2 0 1 1362 1960 233
3499 2 2 0 1 234 1960 1374
3500 2 2 0 1 1427 1988 1660
3501 2 2 0 1 1114 1837 1145
3502 2 2 0 1 910 1804 909
3503 2 2 0 1 586 1742 587
3504 2 2 0 1 852 1748 704
3505 2 2 0 1 573 574 572
3506 2 2 0 1 152 1693 545
3507 2 2 0 1 238 2032 1421
3508 2 2 0 1 702 1748 842
3509 2 2 0 1 568 571 570
3510 2 2 0 1 318 927 319
3511 2 2 0 1 1963 1986 1163
3512 2 2 0 1 23 1979 1187
3513 2 2 0 1 788 1808 786
3514 2 2 0 1 1204 1979 21
3515 2 2 0 1 333 1059 2
3516 2 2 0 1 434 2004 433
3517 2 2 0 1 327 2040 502
3518 2 2 0 1 713 2166 1791
3519 2 2 0 1 1350 1791 1367
3520 2 2 0 1 1592 2122 1594
3521 2 2 0 1 317 1764 318
3522 2 2 0 1 247 1626 422
3523 2 2 0 1 316 1766 317
3524 2 2 0 1 733 1693 154
3525 2 2 0 1 453 2073 1339
3526 2 2 0 1 635 1743 639
3527 2 2 0 1 394 2006 526
3528 2 2 0 1 953 1886 950
3529 2 2 0 1 1782 1789 841
3530 2 2 0 1 639 1743 1343
3531 2 2 0 1 770 1751 833
3532 2 2 0 1 315 935 316
3533 2 2 0 1 418 1700 419
3534 2 2 0 1 830 1762 828
3535 2 2 0 1 1467 2162 1955
3536 2 2 0 1 1075 1730 1729
3537 2 2 0 1 1887 1894 1161
3538 2 2 0 1 1394 1812 1392
3539 2 2 0 1 691 1810 688
3540 2 2 0 1 86 1858 727
3541 2 2 0 1 314 1767 315
3542 2 2 0 1 533 1858 88
3543 2 2 0 1 313 1768 314
3544 2 2 0 1 571 572 570
3545 2 2 0 1 312 943 313
3546 2 2 0 1 1075 1728 570
3547 2 2 0 1 1164 1789 1782
3548 2 2 0 1 1374 1994 235
3549 2 2 0 1 236 1994 1417
3550 2 2 0 1 794 1810 691
3551 2 2 0 1 838 1943 945
3552 2 2 0 1 742 1900 1468
3553 2 2 0 1 595 1892 1760
3554 2 2 0 1 1309 1882 1543
3555 2 2 0 1 311 1769 312
3556 2 2 0 1 923 1016 899
3557 2 2 0 1 1531 1871 833
3558 2 2 0 1 1473 1851 579
3559 2 2 0 1 19 2016 1204
3560 2 2 0 1 1219 2016 17
3561 2 2 0 1 15 2041 1219
3562 2 2 0 1 637 1743 635
3563 2 2 0 1 1970 2094 709
3564 2 2 0 1 1592 2136 2122
3565 2 2 0 1 883 2169 1913
3566 2 2 0 1 310 1770 311
3567 2 2 0 1 892 1830 1056
3568 2 2 0 1 54 1877 721
3569 2 2 0 1 528 1877 56
3570 2 2 0 1 1721 1743 637
3571 2 2 0 1 1599 2030 1697
3572 2 2 0 1 921 1753 810
3573 2 2 0 1 1237 2144 2100
3574 2 2 0 1 544 1805 144
3575 2 2 0 1 309 979 310
3576 2 2 0 1 1359 1372 1358
3577 2 2 0 1 425 1195 250
3578 2 2 0 1 1340 1816 1223
3579 2 2 0 1 1054 1406 1240
3580 2 2 0 1 1706 1707 837
3581 2 2 0 1 808 1753 889
3582 2 2 0 1 1166 1801 1725
3583 2 2 0 1 786 1808 862
3584 2 2 0 1 14 2070 695
3585 2 2 0 1 1543 1882 625
3586 2 2 0 1 1525 2152 721
3587 2 2 0 1 1437 2134 1240
3588 2 2 0 1 1075 1787 1730
3589 2 2 0 1 2080 2126 457
3590 2 2 0 1 308 1771 309
3591 2 2 0 1 1081 1824 1118
3592 2 2 0 1 1729 1798 1728
3593 2 2 0 1 912 1755 820
3594 2 2 0 1 1089 1800 1275
3595 2 2 0 1 1223 1816 1674
3596 2 2 0 1 1417 2032 237
3597 2 2 0 1 818 1755 903
3598 2 2 0 1 422 1626 905
3599 2 2 0 1 1392 1812 1669
3600 2 2 0 1 193 1825 194
3601 2 2 0 1 1300 1936 1910
3602 2 2 0 1 1540 1974 514
3603 2 2 0 1 307 1004 308
3604 2 2 0 1 1085 1823 1119
3605 2 2 0 1 225 1827 226
3606 2 2 0 1 1017 1429 1016
3607 2 2 0 1 1163 1986 1615
3608 2 2 0 1 1938 1991 920
3609 2 2 0 1 339 2014 338
3610 2 2 0 1 1599 2042 1611
3611 2 2 0 1 969 1828 957
3612 2 2 0 1 306 1775 307
3613 2 2 0 1 1629 2003 1270
3614 2 2 0 1 580 1908 594
3615 2 2 0 1 607 1787 574
3616 2 2 0 1 1244 1928 1175
3617 2 2 0 1 305 1777 306
3618 2 2 0 1 939 1762 830
3619 2 2 0 1 790 1822 1710
3620 2 2 0 1 1357 1945 1901
3621 2 2 0 1 563 564 561
3622 2 2 0 1 828 1762 890
3623 2 2 0 1 1591 2136 1592
3624 2 2 0 1 304 1031 305
3625 2 2 0 1 1542 1916 1541
3626 2 2 0 1 1355 2056 1359
3627 2 2 0 1 303 1780 304
3628 2 2 0 1 9 1796 11
3629 2 2 0 1 426 2040 327
3630 2 2 0 1 1310 1321 1309
3631 2 2 0 1 1 2082 1376
3632 2 2 0 1 1403 1954 1209
3633 2 2 0 1 1372 1900 1296
3634 2 2 0 1 584 2095 1396
3635 2 2 0 1 1885 2150 689
3636 2 2 0 1 2061 2110 1371
3637 2 2 0 1 302 1781 303
3638 2 2 0 1 802 1823 1711
3639 2 2 0 1 244 1863 613
3640 2 2 0 1 521 1833 435
3641 2 2 0 1 301 1050 302
3642 2 2 0 1 1986 2002 1615
3643 2 2 0 1 746 883 882
3644 2 2 0 1 898 923 899
3645 2 2 0 1 798 1824 1713
3646 2 2 0 1 1710 1822 1088
3647 2 2 0 1 556 563 561
3648 2 2 0 1 1720 1809 962
3649 2 2 0 1 1228 1876 1231
3650 2 2 0 1 300 1783 301
3651 2 2 0 1 1714 1829 655
3652 2 2 0 1 1591 2153 2136
3653 2 2 0 1 1013 1859 424
3654 2 2 0 1 2 548 547
3655 2 2 0 1 299 1094 300
3656 2 2 0 1 1406 2123 1240
3657 2 2 0 1 1711 1823 1085
3658 2 2 0 1 870 1929 1836
3659 2 2 0 1 744 897 797
3660 2 2 0 1 1144 1736 167
3661 2 2 0 1 298 1790 299
3662 2 2 0 1 1758 1759 874
3663 2 2 0 1 319 1873 320
3664 2 2 0 1 1264 1991 1135
3665 2 2 0 1 1589 2135 1587
3666 2 2 0 1 1270 2003 1549
3667 2 2 0 1 1713 1824 1081
3668 2 2 0 1 957 1828 954
3669 2 2 0 1 1875 2084 1731
3670 2 2 0 1 549 1933 1503
3671 2 2 0 1 297 1792 298
3672 2 2 0 1 990 1988 1427
3673 2 2 0 1 419 1700 627
3674 2 2 0 1 1724 1835 772
3675 2 2 0 1 502 2040 1419
3676 2 2 0 1 582 744 743
3677 2 2 0 1 332 1645 516
3678 2 2 0 1 296 1115 297
3679 2 2 0 1 1746 1836 1637
3680 2 2 0 1 1045 1913 1349
3681 2 2 0 1 134 1905 542
3682 2 2 0 1 1236 1894 1887
3683 2 2 0 1 458 2080 457
3684 2 2 0 1 570 1728 566
3685 2 2 0 1 1790 1792 1278
3686 2 2 0 1 1345 1629 1344
3687 2 2 0 1 295 1795 296
3688 2 2 0 1 938 1846 1569
3689 2 2 0 1 613 1352 1351
3690 2 2 0 1 1054 1627 1406
3691 2 2 0 1 412 1863 244
3692 2 2 0 1 1609 2153 1591
3693 2 2 0 1 1361 2024 1547
3694 2 2 0 1 1358 1360 1356
3695 2 2 0 1 1090 1830 1718
3696 2 2 0 1 527 2152 1525
3697 2 2 0 1 1615 2002 1171
3698 2 2 0 1 1728 1798 564
3699 2 2 0 1 1180 2062 1936
3700 2 2 0 1 37 1847 39
3701 2 2 0 1 294 1797 295
3702 2 2 0 1 46 1940 720
3703 2 2 0 1 527 1940 48
3704 2 2 0 1 1086 1822 790
3705 2 2 0 1 88 1858 86
3706 2 2 0 1 156 1832 733
3707 2 2 0 1 624 1924 1912
3708 2 2 0 1 293 1124 294
3709 2 2 0 1 183 1852 184
3710 2 2 0 1 1697 2042 1599
3711 2 2 0 1 1082 1823 802
3712 2 2 0 1 1235 1896 1138
3713 2 2 0 1 884 2005 1879
3714 2 2 0 1 655 1829 1698
3715 2 2 0 1 1084 1867 1097
3716 2 2 0 1 1418 2001 708
3717 2 2 0 1 930 1824 798
3718 2 2 0 1 729 2066 1390
3719 2 2 0 1 1094 2052 1657
3720 2 2 0 1 1745 1905 136
3721 2 2 0 1 1404 1993 1403
3722 2 2 0 1 1355 1358 1356
3723 2 2 0 1 478 2015 477
3724 2 2 0 1 1431 1918 1736
3725 2 2 0 1 575 1842 578
3726 2 2 0 1 290 1159 291
3727 2 2 0 1 2002 2028 1171
3728 2 2 0 1 897 898 797
3729 2 2 0 1 1156 1829 1714
3730 2 2 0 1 1309 1543 900
3731 2 2 0 1 334 2099 161
3732 2 2 0 1 179 1857 180
3733 2 2 0 1 634 1806 631
3734 2 2 0 1 530 2045 1633
3735 2 2 0 1 923 1017 1016
3736 2 2 0 1 1045 1167 967
3737 2 2 0 1 1102 1853 1104
3738 2 2 0 1 521 2038 1907
3739 2 2 0 1 289 1802 290
3740 2 2 0 1 1718 1830 892
3741 2 2 0 1 1382 2047 1383
3742 2 2 0 1 1203 2119 1373
3743 2 2 0 1 1643 1836 1684
3744 2 2 0 1 1684 1836 1746
3745 2 2 0 1 1099 1855 1211
3746 2 2 0 1 620 837 750
3747 2 2 0 1 480 1909 479
3748 2 2 0 1 1339 2054 1194
3749 2 2 0 1 288 1184 289
3750 2 2 0 1 1786 1892 595
3751 2 2 0 1 926 1855 1744
3752 2 2 0 1 907 2058 1734
3753 2 2 0 1 1127 1830 1090
3754 2 2 0 1 1459 1861 1458
3755 2 2 0 1 1260 1845 1152
3756 2 2 0 1 462 1854 461
3757 2 2 0 1 564 1798 561
3758 2 2 0 1 609 1844 1638
3759 2 2 0 1 1685 1929 870
3760 2 2 0 1 1906 1943 1140
3761 2 2 0 1 1660 2103 1427
3762 2 2 0 1 1478 2096 1164
3763 2 2 0 1 1290 2076 1772
3764 2 2 0 1 1285 1888 1111
3765 2 2 0 1 1318 1956 1837
3766 2 2 0 1 286 1814 287
3767 2 2 0 1 1013 2073 1859
3768 2 2 0 1 1310 2074 1321
3769 2 2 0 1 1379 2174 1174
3770 2 2 0 1 577 1842 575
3771 2 2 0 1 467 1834 1631
3772 2 2 0 1 56 1877 54
3773 2 2 0 1 1720 2072 1212
3774 2 2 0 1 58 1989 528
3775 2 2 0 1 556 561 560
3776 2 2 0 1 723 1989 60
3777 2 2 0 1 1171 2028 1616
3778 2 2 0 1 285 1197 286
3779 2 2 0 1 1678 1942 644
3780 2 2 0 1 227 1868 228
3781 2 2 0 1 534 1831 1666
3782 2 2 0 1 631 1806 629
3783 2 2 0 1 922 1975 1100
3784 2 2 0 1 542 1843 132
3785 2 2 0 1 520 2070 16
3786 2 2 0 1 195 1869 196
3787 2 2 0 1 1744 1855 1099
3788 2 2 0 1 1698 1829 1642
3789 2 2 0 1 1823 1883 1119
3790 2 2 0 1 333 1630 1059
3791 2 2 0 1 1824 1887 1118
3792 2 2 0 1 1345 2087 2003
3793 2 2 0 1 976 1627 1054
3794 2 2 0 1 991 1891 1373
3795 2 2 0 1 282 1213 283
3796 2 2 0 1 1899 1972 1393
3797 2 2 0 1 2109 2113 749
3798 2 2 0 1 1056 1841 1244
3799 2 2 0 1 2028 2043 1616
3800 2 2 0 1 744 797 796
3801 2 2 0 1 1460 2029 1126
3802 2 2 0 1 1118 1887 1161
3803 2 2 0 1 755 844 754
3804 2 2 0 1 1912 1967 1168
3805 2 2 0 1 1069 2048 1757
3806 2 2 0 1 1201 2079 1780
3807 2 2 0 1 246 622 418
3808 2 2 0 1 1717 2011 1516
3809 2 2 0 1 1096 1835 1724
3810 2 2 0 1 1727 2057 1925
3811 2 2 0 1 1119 1883 1235
3812 2 2 0 1 1322 2034 1323
3813 2 2 0 1 292 1898 293
3814 2 2 0 1 633 2139 636
3815 2 2 0 1 1139 1880 1822
3816 2 2 0 1 1430 2060 1431
3817 2 2 0 1 461 1965 460
3818 2 2 0 1 252 1856 253
3819 2 2 0 1 455 1874 1306
3820 2 2 0 1 161 2099 406
3821 2 2 0 1 279 1248 280
3822 2 2 0 1 1053 1997 1892
3823 2 2 0 1 950 1886 929
3824 2 2 0 1 538 2129 1397
3825 2 2 0 1 74 2045 530
3826 2 2 0 1 725 2045 76
3827 2 2 0 1 1422 2181 1423
3828 2 2 0 1 629 1806 749
3829 2 2 0 1 1707 1708 837
3830 2 2 0 1 579 1851 576
3831 2 2 0 1 576 1851 607
3832 2 2 0 1 1355 1356 1354
3833 2 2 0 1 1842 1908 578
3834 2 2 0 1 278 1821 279
3835 2 2 0 1 1378 2167 1379
3836 2 2 0 1 1836 1929 1637
3837 2 2 0 1 557 1364 443
3838 2 2 0 1 1353 1355 1354
3839 2 2 0 1 613 1353 1352
3840 2 2 0 1 50 2152 527
3841 2 2 0 1 721 2152 52
3842 2 2 0 1 561 582 560
3843 2 2 0 1 1082 1883 1823
3844 2 2 0 1 644 1942 642
3845 2 2 0 1 1727 1925 788
3846 2 2 0 1 1616 2043 1181
3847 2 2 0 1 1177 1855 926
3848 2 2 0 1 33 1889 35
3849 2 2 0 1 1398 1876 1228
3850 2 2 0 1 944 1890 1567
3851 2 2 0 1 277 1279 278
3852 2 2 0 1 772 1835 1751
3853 2 2 0 1 1196 1867 1084
3854 2 2 0 1 605 1183 245
3855 2 2 0 1 1433 2104 1940
3856 2 2 0 1 382 1884 381
3857 2 2 0 1 1353 1354 1352
3858 2 2 0 1 930 1887 1824
3859 2 2 0 1 1216 1794 973
3860 2 2 0 1 604 605 245
3861 2 2 0 1 550 2149 1894
3862 2 2 0 1 1802 1968 1159
3863 2 2 0 1 2043 2064 1181
3864 2 2 0 1 568 1903 571
3865 2 2 0 1 450 2179 992
3866 2 2 0 1 1961 1988 1305
3867 2 2 0 1 1388 2167 1378
3868 2 2 0 1 481 1968 480
3869 2 2 0 1 1656 2180 1657
3870 2 2 0 1 730 1862 1668
3871 2 2 0 1 1844 1906 1140
3872 2 2 0 1 1272 2008 961
3873 2 2 0 1 693 1962 794
3874 2 2 0 1 1449 2095 584
3875 2 2 0 1 454 2157 1263
3876 2 2 0 1 1454 1925 1455
3877 2 2 0 1 1050 2180 1656
3878 2 2 0 1 944 1904 1890
3879 2 2 0 1 274 1297 275
3880 2 2 0 1 1499 2146 1530
3881 2 2 0 1 1351 1706 1705
3882 2 2 0 1 1126 2029 1689
3883 2 2 0 1 1624 1872 1107
3884 2 2 0 1 415 1705 604
3885 2 2 0 1 1391 1973 1393
3886 2 2 0 1 1332 2039 1331
3887 2 2 0 1 1321 2074 2022
3888 2 2 0 1 513 1974 608
3889 2 2 0 1 1835 1937 1751
3890 2 2 0 1 602 1921 1895
3891 2 2 0 1 136 1905 134
3892 2 2 0 1 1153 1931 1149
3893 2 2 0 1 1225 1984 1221
3894 2 2 0 1 271 1348 272
3895 2 2 0 1 1302 1885 1260
3896 2 2 0 1 753 754 752
3897 2 2 0 1 883 967 966
3898 2 2 0 1 337 1919 602
3899 2 2 0 1 347 1897 346
3900 2 2 0 1 1943 1954 945
3901 2 2 0 1 1181 2064 1617
3902 2 2 0 1 1128 1923 1127
3903 2 2 0 1 246 1205 623
3904 2 2 0 1 229 1902 230
3905 2 2 0 1 1298 1832 158
3906 2 2 0 1 1954 1993 945
3907 2 2 0 1 369 2019 1504
3908 2 2 0 1 270 1826 271
3909 2 2 0 1 1088 1880 1155
3910 2 2 0 1 1566 1904 944
3911 2 2 0 1 460 1964 459
3912 2 2 0 1 1723 2020 539
3913 2 2 0 1 1246 1861 1199
3914 2 2 0 1 1485 1626 845
3915 2 2 0 1 959 2008 969
3916 2 2 0 1 548 556 555
3917 2 2 0 1 1822 1880 1088
3918 2 2 0 1 1927 1947 1066
3919 2 2 0 1 1779 2072 1720
3920 2 2 0 1 1660 1961 1659
3921 2 2 0 1 269 1834 270
3922 2 2 0 1 613 1863 1353
3923 2 2 0 1 2064 2077 1617
3924 2 2 0 1 1787 1875 1730
3925 2 2 0 1 1467 1955 1172
3926 2 2 0 1 845 1626 247
3927 2 2 0 1 907 1734 324
3928 2 2 0 1 1111 1888 1112
3929 2 2 0 1 620 2083 837
3930 2 2 0 1 1692 2024 1361
3931 2 2 0 1 240 2053 1116
3932 2 2 0 1 1220 1935 1806
3933 2 2 0 1 1164 2096 1789
3934 2 2 0 1 1260 1885 1845
3935 2 2 0 1 268 1631 269
3936 2 2 0 1 1160 1883 1082
3937 2 2 0 1 323 1756 907
3938 2 2 0 1 1282 2065 1788
3939 2 2 0 1 946 1906 1188
3940 2 2 0 1 475 2117 1299
3941 2 2 0 1 1566 1922 1904
3942 2 2 0 1 514 1974 513
3943 2 2 0 1 1372 1893 1358
3944 2 2 0 1 1236 1887 930
3945 2 2 0 1 377 2020 376
3946 2 2 0 1 1138 1896 1369
3947 2 2 0 1 1046 2031 1101
3948 2 2 0 1 1907 1991 1264
3949 2 2 0 1 914 915 844
3950 2 2 0 1 612 2134 1437
3951 2 2 0 1 862 1865 1726
3952 2 2 0 1 1855 1921 1211
3953 2 2 0 1 1883 1933 1235
3954 2 2 0 1 1589 2125 1609
3955 2 2 0 1 881 973 745
3956 2 2 0 1 1178 1895 1177
3957 2 2 0 1 267 1840 268
3958 2 2 0 1 291 1932 292
3959 2 2 0 1 1726 1865 1083
3960 2 2 0 1 548 555 547
3961 2 2 0 1 1037 1927 1066
3962 2 2 0 1 1722 1871 1091
3963 2 2 0 1 1608 1917 856
3964 2 2 0 1 1133 1926 1060
3965 2 2 0 1 1161 1894 1504
3966 2 2 0 1 449 2078 448
3967 2 2 0 1 1900 2178 1296
3968 2 2 0 1 2049 2163 594
3969 2 2 0 1 2015 2093 477
3970 2 2 0 1 1791 2166 1368
3971 2 2 0 1 1617 2077 1186
3972 2 2 0 1 1517 1982 603
3973 2 2 0 1 936 1918 1600
3974 2 2 0 1 539 2020 377
3975 2 2 0 1 29 1920 31
3976 2 2 0 1 318 1764 927
3977 2 2 0 1 516 1881 1630
3978 2 2 0 1 1133 1938 1926
3979 2 2 0 1 833 1871 1722
3980 2 2 0 1 1332 1958 1878
3981 2 2 0 1 3 1914 330
3982 2 2 0 1 266 1739 267
3983 2 2 0 1 265 1839 266
3984 2 2 0 1 1320 2049 1482
3985 2 2 0 1 1649 2098 1255
3986 2 2 0 1 1459 2057 889
3987 2 2 0 1 317 1766 1764
3988 2 2 0 1 965 1922 1566
3989 2 2 0 1 993 1280 1217
3990 2 2 0 1 1101 1911 1047
3991 2 2 0 1 246 623 622
3992 2 2 0 1 2077 2091 1186
3993 2 2 0 1 1358 1893 1360
3994 2 2 0 1 1703 2058 907
3995 2 2 0 1 935 1766 316
3996 2 2 0 1 1894 2151 550
3997 2 2 0 1 556 560 555
3998 2 2 0 1 1262 1916 1625
3999 2 2 0 1 561 1798 582
4000 2 2 0 1 1485 1773 1626
4001 2 2 0 1 1308 2177 1881
4002 2 2 0 1 842 2011 1717
4003 2 2 0 1 315 1767 935
4004 2 2 0 1 264 1849 265
4005 2 2 0 1 607 2174 1875
4006 2 2 0 1 320 1873 916
4007 2 2 0 1 546 2069 1493
4008 2 2 0 1 604 620 605
4009 2 2 0 1 314 1768 1767
4010 2 2 0 1 547 2082 1
4011 2 2 0 1 1790 2052 1094
4012 2 2 0 1 569 1903 568
4013 2 2 0 1 943 1768 313
4014 2 2 0 1 751 752 621
4015 2 2 0 1 1275 2094 1189
4016 2 2 0 1 360 1928 359
4017 2 2 0 1 1198 2085 1246
4018 2 2 0 1 927 1873 319
4019 2 2 0 1 312 1769 943
4020 2 2 0 1 965 1939 1922
4021 2 2 0 1 607 1875 1787
4022 2 2 0 1 1177 1921 1855
4023 2 2 0 1 1752 2116 1183
4024 2 2 0 1 1531 1937 1498
4025 2 2 0 1 1505 2137 1370
4026 2 2 0 1 1679 2088 916
4027 2 2 0 1 750 874 751
4028 2 2 0 1 311 1770 1769
4029 2 2 0 1 263 1740 264
4030 2 2 0 1 1334 2000 990
4031 2 2 0 1 535 1987 1501
4032 2 2 0 1 916 2088 1704
4033 2 2 0 1 249 1946 425
4034 2 2 0 1 262 1848 263
4035 2 2 0 1 979 1770 310
4036 2 2 0 1 459 1971 458
4037 2 2 0 1 1668 1899 536
4038 2 2 0 1 1186 2091 1618
4039 2 2 0 1 231 1934 232
4040 2 2 0 1 1737 1982 1268
4041 2 2 0 1 707 2107 1884
4042 2 2 0 1 309 1771 979
4043 2 2 0 1 1661 2103 724
4044 2 2 0 1 48 1940 46
4045 2 2 0 1 261 1850 262
4046 2 2 0 1 1587 2135 1709
4047 2 2 0 1 973 2120 2090
4048 2 2 0 1 1066 1947 1505
4049 2 2 0 1 1565 1939 965
4050 2 2 0 1 1296 2178 1253
4051 2 2 0 1 1253 1915 1251
4052 2 2 0 1 2091 2115 1618
4053 2 2 0 1 260 1854 261
4054 2 2 0 1 1135 1938 1133
4055 2 2 0 1 1160 1933 1883
4056 2 2 0 1 1004 1771 308
4057 2 2 0 1 578 1908 580
4058 2 2 0 1 1054 1240 1239
4059 2 2 0 1 1862 1899 1668
4060 2 2 0 1 1169 1879 1167
4061 2 2 0 1 749 2113 626
4062 2 2 0 1 1183 1866 1752
4063 2 2 0 1 976 977 915
4064 2 2 0 1 1140 1943 838
4065 2 2 0 1 1188 1906 1844
4066 2 2 0 1 1551 2022 1230
4067 2 2 0 1 1482 1908 1842
4068 2 2 0 1 307 1775 1004
4069 2 2 0 1 273 1977 1747
4070 2 2 0 1 510 1944 531
4071 2 2 0 1 1859 1946 249
4072 2 2 0 1 1788 2065 523
4073 2 2 0 1 620 750 621
4074 2 2 0 1 1330 1958 1332
4075 2 2 0 1 306 1777 1775
4076 2 2 0 1 1206 1978 1207
4077 2 2 0 1 1565 1951 1939
4078 2 2 0 1 1626 1773 905
4079 2 2 0 1 1794 2120 973
4080 2 2 0 1 477 2093 1363
4081 2 2 0 1 834 2022 1551
4082 2 2 0 1 1031 1777 305
4083 2 2 0 1 1243 2040 426
4084 2 2 0 1 1289 2103 1661
4085 2 2 0 1 1469 2114 549
4086 2 2 0 1 304 1780 1031
4087 2 2 0 1 994 2153 2125
4088 2 2 0 1 1618 2115 1202
4089 2 2 0 1 1127 1923 1841
4090 2 2 0 1 1476 2048 1477
4091 2 2 0 1 25 1948 27
4092 2 2 0 1 595 2082 547
4093 2 2 0 1 303 1781 1780
4094 2 2 0 1 1055 2130 2062
4095 2 2 0 1 993 1216 973
4096 2 2 0 1 321 1959 322
4097 2 2 0 1 1866 2173 752
4098 2 2 0 1 1251 1266 1250
4099 2 2 0 1 1235 2114 1896
4100 2 2 0 1 258 1965 259
4101 2 2 0 1 1772 1999 1290
4102 2 2 0 1 1637 1929 1130
4103 2 2 0 1 1359 1900 1372
4104 2 2 0 1 257 1964 258
4105 2 2 0 1 1757 2048 1476
4106 2 2 0 1 1545 1957 1544
4107 2 2 0 1 1050 1781 302
4108 2 2 0 1 1470 2015 478
4109 2 2 0 1 1360 1945 1356
4110 2 2 0 1 1757 2121 910
4111 2 2 0 1 1523 2060 1430
4112 2 2 0 1 2115 2128 1202
4113 2 2 0 1 1758 1760 1759
4114 2 2 0 1 1484 1485 845
4115 2 2 0 1 972 1951 1565
4116 2 2 0 1 750 751 621
4117 2 2 0 1 301 1783 1050
4118 2 2 0 1 1239 1819 977
4119 2 2 0 1 529 2133 1658
4120 2 2 0 1 1484 1864 1485
4121 2 2 0 1 1909 1968 1802
4122 2 2 0 1 744 2035 897
4123 2 2 0 1 1764 1818 927
4124 2 2 0 1 620 621 605
4125 2 2 0 1 474 2161 473
4126 2 2 0 1 1608 1990 1917
4127 2 2 0 1 1304 2133 1305
4128 2 2 0 1 1800 1941 1447
4129 2 2 0 1 1393 1973 1899
4130 2 2 0 1 1094 1783 300
4131 2 2 0 1 1314 2012 1176
4132 2 2 0 1 1054 1239 977
4133 2 2 0 1 972 1963 1951
4134 2 2 0 1 1503 1933 1160
4135 2 2 0 1 1455 2057 1459
4136 2 2 0 1 1194 2054 1950
4137 2 2 0 1 299 1790 1094
4138 2 2 0 1 1330 2013 1958
4139 2 2 0 1 883 966 882
4140 2 2 0 1 755 1053 914
4141 2 2 0 1 322 1959 1756
4142 2 2 0 1 1681 2113 2109
4143 2 2 0 1 1202 2128 1619
4144 2 2 0 1 585 2014 339
4145 2 2 0 1 733 1910 1693
4146 2 2 0 1 233 1960 234
4147 2 2 0 1 627 2120 1794
4148 2 2 0 1 916 1959 321
4149 2 2 0 1 159 2145 164
4150 2 2 0 1 255 1971 256
4151 2 2 0 1 1541 1974 1540
4152 2 2 0 1 298 1792 1790
4153 2 2 0 1 1333 2132 987
4154 2 2 0 1 1397 2129 1206
4155 2 2 0 1 481 2112 1968
4156 2 2 0 1 2128 2141 1619
4157 2 2 0 1 1477 2048 1735
4158 2 2 0 1 905 1488 423
4159 2 2 0 1 1564 1963 972
4160 2 2 0 1 1115 1792 297
4161 2 2 0 1 1241 1998 1242
4162 2 2 0 1 753 755 754
4163 2 2 0 1 1277 2130 1055
4164 2 2 0 1 1671 1930 731
4165 2 2 0 1 1100 2011 1748
4166 2 2 0 1 890 1941 1800
4167 2 2 0 1 1370 2137 1880
4168 2 2 0 1 990 2000 1988
4169 2 2 0 1 642 1942 646
4170 2 2 0 1 343 1970 342
4171 2 2 0 1 296 1795 1115
4172 2 2 0 1 1249 2100 1032
4173 2 2 0 1 1750 2121 1757
4174 2 2 0 1 603 1982 1695
4175 2 2 0 1 1209 1954 1208
4176 2 2 0 1 788 1925 1808
4177 2 2 0 1 1803 2162 1467
4178 2 2 0 1 295 1797 1795
4179 2 2 0 1 1837 1956 540
4180 2 2 0 1 837 2083 1706
4181 2 2 0 1 1055 2062 1180
4182 2 2 0 1 966 1106 882
4183 2 2 0 1 1564 1986 1963
4184 2 2 0 1 473 2165 472
4185 2 2 0 1 1164 2099 334
4186 2 2 0 1 1363 2017 476
4187 2 2 0 1 1619 2141 1218
4188 2 2 0 1 21 1979 23
4189 2 2 0 1 1124 1797 294
4190 2 2 0 1 1393 1972 1394
4191 2 2 0 1 1831 2039 1666
4192 2 2 0 1 1925 2057 1455
4193 2 2 0 1 2141 2155 1218
4194 2 2 0 1 1876 2089 1231
4195 2 2 0 1 755 914 844
4196 2 2 0 1 393 1985 392
4197 2 2 0 1 896 1250 7
4198 2 2 0 1 1875 2174 1379
4199 2 2 0 1 325 2140 326
4200 2 2 0 1 984 1986 1564
4201 2 2 0 1 2026 2168 1179
4202 2 2 0 1 1864 2179 1267
4203 2 2 0 1 281 1969 282
4204 2 2 0 1 1356 1945 1357
4205 2 2 0 1 1112 1941 1762
4206 2 2 0 1 859 1990 1608
4207 2 2 0 1 1262 2170 1916
4208 2 2 0 1 60 1989 58
4209 2 2 0 1 1303 1966 1302
4210 2 2 0 1 1634 2024 934
4211 2 2 0 1 448 2025 447
4212 2 2 0 1 290 1802 1159
4213 2 2 0 1 1147 2105 2036
4214 2 2 0 1 1167 1168 967
4215 2 2 0 1 1230 2074 1316
4216 2 2 0 1 1303 2000 1966
4217 2 2 0 1 903 2050 1763
4218 2 2 0 1 259 2023 260
4219 2 2 0 1 984 2002 1986
4220 2 2 0 1 746 882 881
4221 2 2 0 1 522 2098 1649
4222 2 2 0 1 1218 2155 1620
4223 2 2 0 1 235 1994 236
4224 2 2 0 1 1233 1754 1106
4225 2 2 0 1 953 2147 1886
4226 2 2 0 1 1493 2069 1494
4227 2 2 0 1 293 1898 1124
4228 2 2 0 1 1443 2038 1442
4229 2 2 0 1 1828 2147 953
4230 2 2 0 1 1112 2175 1941
4231 2 2 0 1 859 2010 1990
4232 2 2 0 1 976 1980 1627
4233 2 2 0 1 1390 2066 1391
4234 2 2 0 1 2047 2108 1383
4235 2 2 0 1 1184 1802 289
4236 2 2 0 1 2155 2172 1620
4237 2 2 0 1 1329 2013 1330
4238 2 2 0 1 433 2004 553
4239 2 2 0 1 696 1962 693
4240 2 2 0 1 881 993 973
4241 2 2 0 1 1305 2000 1303
4242 2 2 0 1 1627 1980 1338
4243 2 2 0 1 1563 2002 984
4244 2 2 0 1 914 976 915
4245 2 2 0 1 1488 2054 1013
4246 2 2 0 1 1772 2076 725
4247 2 2 0 1 425 1946 1195
4248 2 2 0 1 395 2006 394
4249 2 2 0 1 461 2023 1965
4250 2 2 0 1 1547 2024 1634
4251 2 2 0 1 283 1996 284
4252 2 2 0 1 1899 1973 536
4253 2 2 0 1 1605 2010 859
4254 2 2 0 1 1323 2034 1972
4255 2 2 0 1 558 2118 1496
4256 2 2 0 1 540 1956 1671
4257 2 2 0 1 1175 1975 922
4258 2 2 0 1 1563 2028 2002
4259 2 2 0 1 993 1949 1280
4260 2 2 0 1 1190 2095 2050
4261 2 2 0 1 1620 2172 1234
4262 2 2 0 1 17 2016 19
4263 2 2 0 1 751 753 752
4264 2 2 0 1 623 746 745
4265 2 2 0 1 1123 2089 1341
4266 2 2 0 1 370 2019 369
4267 2 2 0 1 275 1983 276
4268 2 2 0 1 627 1483 420
4269 2 2 0 1 1053 1980 914
4270 2 2 0 1 976 1054 977
4271 2 2 0 1 1197 1814 286
4272 2 2 0 1 966 1233 1106
4273 2 2 0 1 1419 2058 1703
4274 2 2 0 1 1941 2175 1447
4275 2 2 0 1 993 1217 1216
4276 2 2 0 1 617 2127 1552
4277 2 2 0 1 375 2069 546
4278 2 2 0 1 1605 2030 2010
4279 2 2 0 1 623 745 622
4280 2 2 0 1 1159 1932 291
4281 2 2 0 1 683 2056 1863
4282 2 2 0 1 2037 2131 1864
4283 2 2 0 1 1659 1961 529
4284 2 2 0 1 1003 2028 1563
4285 2 2 0 1 1988 2000 1305
4286 2 2 0 1 1384 2047 1382
4287 2 2 0 1 622 1700 418
4288 2 2 0 1 1278 2052 1790
4289 2 2 0 1 1819 2071 1364
4290 2 2 0 1 1671 1956 1930
4291 2 2 0 1 287 2027 288
4292 2 2 0 1 945 1993 1644
4293 2 2 0 1 272 1977 273
4294 2 2 0 1 690 2150 795
4295 2 2 0 1 863 2030 1605
4296 2 2 0 1 1032 2144 963
4297 2 2 0 1 237 2032 238
4298 2 2 0 1 1806 1935 749
4299 2 2 0 1 1003 2043 2028
4300 2 2 0 1 1762 1941 890
4301 2 2 0 1 973 2090 745
4302 2 2 0 1 1416 2147 1413
4303 2 2 0 1 399 2068 1157
4304 2 2 0 1 1484 2037 1864
4305 2 2 0 1 1530 2146 1128
4306 2 2 0 1 292 1932 1898
4307 2 2 0 1 358 2102 554
4308 2 2 0 1 1808 1925 1454
4309 2 2 0 1 1966 2000 1334
4310 2 2 0 1 1021 2063 428
4311 2 2 0 1 13 2041 15
4312 2 2 0 1 536 1973 1667
4313 2 2 0 1 1562 2043 1003
4314 2 2 0 1 1611 2042 948
4315 2 2 0 1 746 881 745
4316 2 2 0 1 1306 1874 251
4317 2 2 0 1 1317 2160 1318
4318 2 2 0 1 1930 1978 731
4319 2 2 0 1 1233 1924 1754
4320 2 2 0 1 239 2053 240
4321 2 2 0 1 1695 1982 1737
4322 2 2 0 1 1396 2094 1970
4323 2 2 0 1 374 2061 373
4324 2 2 0 1 1896 2114 1469
4325 2 2 0 1 1562 2064 2043
4326 2 2 0 1 1345 2003 1629
4327 2 2 0 1 1423 2106 1425
4328 2 2 0 1 1426 1999 1639
4329 2 2 0 1 1331 2039 1831
4330 2 2 0 1 1832 2119 733
4331 2 2 0 1 76 2045 74
4332 2 2 0 1 731 1978 1670
4333 2 2 0 1 727 1984 1664
4334 2 2 0 1 368 2149 550
4335 2 2 0 1 2042 2067 948
4336 2 2 0 1 532 2124 1639
4337 2 2 0 1 279 1821 1248
4338 2 2 0 1 718 1992 1650
4339 2 2 0 1 1027 2064 1562
4340 2 2 0 1 1910 2119 1203
4341 2 2 0 1 1255 2097 1254
4342 2 2 0 1 961 2008 959
4343 2 2 0 1 1184 1909 1802
4344 2 2 0 1 1895 1921 1177
4345 2 2 0 1 948 2067 1604
4346 2 2 0 1 1027 2077 2064
4347 2 2 0 1 1183 2116 245
4348 2 2 0 1 1208 1954 1943
4349 2 2 0 1 1279 1821 278
4350 2 2 0 1 856 2060 1523
4351 2 2 0 1 163 2044 160
4352 2 2 0 1 752 2173 621
4353 2 2 0 1 1755 2050 903
4354 2 2 0 1 1504 2019 1503
4355 2 2 0 1 16 2070 14
4356 2 2 0 1 720 1998 1655
4357 2 2 0 1 2067 2081 1604
4358 2 2 0 1 1561 2077 1027
4359 2 2 0 1 1917 2060 856
4360 2 2 0 1 166 2075 1144
4361 2 2 0 1 1124 1870 1797
4362 2 2 0 1 1739 1839 465
4363 2 2 0 1 934 2024 1692
4364 2 2 0 1 1294 2108 1295
4365 2 2 0 1 284 2059 285
4366 2 2 0 1 1302 2150 1885
4367 2 2 0 1 1561 2091 2077
4368 2 2 0 1 1930 2092 1207
4369 2 2 0 1 1604 2081 970
4370 2 2 0 1 464 1849 1740
4371 2 2 0 1 288 2027 1184
4372 2 2 0 1 1040 2091 1561
4373 2 2 0 1 2081 2101 970
4374 2 2 0 1 1799 2068 503
4375 2 2 0 1 1814 2027 287
4376 2 2 0 1 1040 2115 2091
4377 2 2 0 1 1689 2029 1389
4378 2 2 0 1 1207 2092 1387
4379 2 2 0 1 160 2044 1298
4380 2 2 0 1 1207 1978 1930
4381 2 2 0 1 1633 2076 1287
4382 2 2 0 1 970 2101 1606
4383 2 2 0 1 632 2164 2139
4384 2 2 0 1 1892 1997 1760
4385 2 2 0 1 994 2125 1857
4386 2 2 0 1 1767 1952 935
4387 2 2 0 1 282 1969 1213
4388 2 2 0 1 1648 2162 520
4389 2 2 0 1 1213 1996 283
4390 2 2 0 1 569 2113 1903
4391 2 2 0 1 1560 2115 1040
4392 2 2 0 1 6 2021 1645
4393 2 2 0 1 2101 2122 1606
4394 2 2 0 1 1560 2128 2115
4395 2 2 0 1 1908 2049 594
4396 2 2 0 1 1654 2033 719
4397 2 2 0 1 1606 2122 978
4398 2 2 0 1 1049 2128 1560
4399 2 2 0 1 914 1980 976
4400 2 2 0 1 1341 2089 1876
4401 2 2 0 1 254 2080 255
4402 2 2 0 1 1798 2035 582
4403 2 2 0 1 256 2086 257
4404 2 2 0 1 1049 2141 2128
4405 2 2 0 1 2122 2136 978
4406 2 2 0 1 271 1826 1348
4407 2 2 0 1 285 2059 1197
4408 2 2 0 1 1400 2088 1679
4409 2 2 0 1 636 2166 638
4410 2 2 0 1 1709 2135 895
4411 2 2 0 1 1190 2050 1755
4412 2 2 0 1 1639 2124 1225
4413 2 2 0 1 978 2136 1607
4414 2 2 0 1 1559 2141 1049
4415 2 2 0 1 1253 2178 1647
4416 2 2 0 1 1748 2011 842
4417 2 2 0 1 1559 2155 2141
4418 2 2 0 1 1814 2015 1470
4419 2 2 0 1 2097 2176 1254
4420 2 2 0 1 165 2075 166
4421 2 2 0 1 1285 2014 1888
4422 2 2 0 1 2136 2153 1607
4423 2 2 0 1 1061 2155 1559
4424 2 2 0 1 1494 2020 1723
4425 2 2 0 1 270 1834 1826
4426 2 2 0 1 1666 2039 728
4427 2 2 0 1 1061 2172 2155
4428 2 2 0 1 1431 2060 1917
4429 2 2 0 1 1607 2153 994
4430 2 2 0 1 837 2171 750
4431 2 2 0 1 520 2162 1803
4432 2 2 0 1 1557 2172 1061
4433 2 2 0 1 1917 1918 1431
4434 2 2 0 1 1733 2031 1046
4435 2 2 0 1 1173 1991 1907
4436 2 2 0 1 1973 2066 1667
4437 2 2 0 1 1115 2111 1793
4438 2 2 0 1 1631 1834 269
4439 2 2 0 1 1797 1870 1271
4440 2 2 0 1 1402 2121 1750
4441 2 2 0 1 1708 2171 837
4442 2 2 0 1 1782 2099 1164
4443 2 2 0 1 1462 2170 1262
4444 2 2 0 1 1413 2147 1828
4445 2 2 0 1 1894 2149 1504
4446 2 2 0 1 52 2152 50
4447 2 2 0 1 992 2179 1864
4448 2 2 0 1 268 1840 1631
4449 2 2 0 1 523 2065 1651
4450 2 2 0 1 1120 2127 1853
4451 2 2 0 1 1106 1949 882
4452 2 2 0 1 1290 2132 1288
4453 2 2 0 1 1297 1983 275
4454 2 2 0 1 1016 2123 899
4455 2 2 0 1 1735 2048 1069
4456 2 2 0 1 1863 2056 1353
4457 2 2 0 1 1248 2154 280
4458 2 2 0 1 1739 1840 267
4459 2 2 0 1 1667 2066 729
4460 2 2 0 1 2106 2143 1425
4461 2 2 0 1 1984 2124 1664
4462 2 2 0 1 1396 2095 1190
4463 2 2 0 1 1729 2035 1798
4464 2 2 0 1 1239 2071 1819
4465 2 2 0 1 1254 2176 1256
4466 2 2 0 1 1168 2087 1912
4467 2 2 0 1 1992 2159 1650
4468 2 2 0 1 1200 2085 1198
4469 2 2 0 1 266 1839 1739
4470 2 2 0 1 1760 1997 1759
4471 2 2 0 1 889 2057 1727
4472 2 2 0 1 1978 2129 1670
4473 2 2 0 1 1348 1977 272
4474 2 2 0 1 1189 2094 1396
4475 2 2 0 1 1795 1797 1271
4476 2 2 0 1 724 2103 1660
4477 2 2 0 1 449 2156 2078
4478 2 2 0 1 935 1953 1766
4479 2 2 0 1 265 1849 1839
4480 2 2 0 1 447 2025 1754
4481 2 2 0 1 253 2126 254
4482 2 2 0 1 646 2072 1779
4483 2 2 0 1 582 2035 744
4484 2 2 0 1 1353 2056 1355
4485 2 2 0 1 1168 1967 967
4486 2 2 0 1 967 1967 966
4487 2 2 0 1 2025 2078 1280
4488 2 2 0 1 1365 2107 1272
4489 2 2 0 1 1740 1849 264
4490 2 2 0 1 1886 2147 1416
4491 2 2 0 1 1057 2142 1109
4492 2 2 0 1 1764 2018 1818
4493 2 2 0 1 1843 2009 1424
4494 2 2 0 1 1157 2068 1799
4495 2 2 0 1 1480 2164 632
4496 2 2 0 1 263 1848 1740
4497 2 2 0 1 1379 2167 2084
4498 2 2 0 1 1373 2119 1832
4499 2 2 0 1 1391 2066 1973
4500 2 2 0 1 1911 1987 1366
4501 2 2 0 1 1766 2018 1764
4502 2 2 0 1 262 1850 1848
4503 2 2 0 1 594 2163 1129
4504 2 2 0 1 626 2113 569
4505 2 2 0 1 1804 2121 1402
4506 2 2 0 1 1789 2096 1178
4507 2 2 0 1 1952 2105 1147
4508 2 2 0 1 280 2154 281
4509 2 2 0 1 406 2099 1782
4510 2 2 0 1 261 1854 1850
4511 2 2 0 1 1964 2086 459
4512 2 2 0 1 604 2083 620
4513 2 2 0 1 1523 2145 159
4514 2 2 0 1 1881 2177 1630
4515 2 2 0 1 1947 2137 1505
4516 2 2 0 1 2100 2144 1032
4517 2 2 0 1 1853 2127 617
4518 2 2 0 1 1549 2003 1550
4519 2 2 0 1 1664 2124 532
4520 2 2 0 1 632 2139 633
4521 2 2 0 1 1888 2014 585
4522 2 2 0 1 1225 2124 1984
4523 2 2 0 1 1935 2109 749
4524 2 2 0 1 1482 2049 1908
4525 2 2 0 1 1694 2148 1196
4526 2 2 0 1 1996 2059 284
4527 2 2 0 1 1647 2178 742
4528 2 2 0 1 882 1949 881
4529 2 2 0 1 1856 2126 253
4530 2 2 0 1 1775 1995 1004
4531 2 2 0 1 1769 2026 943
4532 2 2 0 1 1670 2129 538
4533 2 2 0 1 1206 2129 1978
4534 2 2 0 1 1773 1950 905
4535 2 2 0 1 1913 2169 1205
4536 2 2 0 1 1880 2137 1155
4537 2 2 0 1 1236 2151 1894
4538 2 2 0 1 1650 2159 522
4539 2 2 0 1 1197 2015 1814
4540 2 2 0 1 1731 2084 925
4541 2 2 0 1 1864 2131 992
4542 2 2 0 1 1903 2113 1681
4543 2 2 0 1 623 2169 746
4544 2 2 0 1 549 2114 1933
4545 2 2 0 1 260 2023 1854
4546 2 2 0 1 1964 1965 258
4547 2 2 0 1 910 2121 1804
4548 2 2 0 1 881 1949 993
4549 2 2 0 1 2022 2074 1230
4550 2 2 0 1 943 2036 1768
4551 2 2 0 1 1740 1848 463
4552 2 2 0 1 281 2154 1969
4553 2 2 0 1 966 1967 1233
4554 2 2 0 1 1135 1991 1938
4555 2 2 0 1 1734 2140 325
4556 2 2 0 1 1965 2023 259
4557 2 2 0 1 1712 2151 1236
4558 2 2 0 1 1952 1953 935
4559 2 2 0 1 1907 2038 1173
4560 2 2 0 1 1217 2156 2131
4561 2 2 0 1 905 1950 1488
4562 2 2 0 1 1898 1976 1124
4563 2 2 0 1 1379 2084 1875
4564 2 2 0 1 1706 2083 1705
4565 2 2 0 1 1795 2111 1115
4566 2 2 0 1 1884 2107 1365
4567 2 2 0 1 1935 2100 1249
4568 2 2 0 1 979 2051 1770
4569 2 2 0 1 1155 2137 1947
4570 2 2 0 1 1305 2133 1961
4571 2 2 0 1 1854 2023 461
4572 2 2 0 1 585 2175 1888
4573 2 2 0 1 1195 2055 1306
4574 2 2 0 1 2055 2157 454
4575 2 2 0 1 1249 2109 1935
4576 2 2 0 1 1217 2131 1216
4577 2 2 0 1 2098 2159 1328
4578 2 2 0 1 1196 2148 1867
4579 2 2 0 1 605 2173 1183
4580 2 2 0 1 1195 1306 250
4581 2 2 0 1 1280 2078 1217
4582 2 2 0 1 1263 1946 1859
4583 2 2 0 1 1857 2125 1589
4584 2 2 0 1 2071 2134 612
4585 2 2 0 1 257 2086 1964
4586 2 2 0 1 1953 2018 1766
4587 2 2 0 1 1818 2018 1154
4588 2 2 0 1 1124 1976 1870
4589 2 2 0 1 750 2171 874
4590 2 2 0 1 1879 2005 1167
4591 2 2 0 1 1216 2037 1794
4592 2 2 0 1 1705 2083 604
4593 2 2 0 1 1240 2134 1239
4594 2 2 0 1 1178 2096 1895
4595 2 2 0 1 1971 2086 256
4596 2 2 0 1 1295 2108 2047
4597 2 2 0 1 1767 2105 1952
4598 2 2 0 1 1167 2005 1168
4599 2 2 0 1 255 2080 1971
4600 2 2 0 1 1942 2072 646
4601 2 2 0 1 1657 2180 1783
4602 2 2 0 1 1299 2117 1969
4603 2 2 0 1 2097 2098 1328
4604 2 2 0 1 1195 2157 2055
4605 2 2 0 1 1998 2104 1242
4606 2 2 0 1 1213 2117 2017
4607 2 2 0 1 1768 2105 1767
4608 2 2 0 1 1700 2120 627
4609 2 2 0 1 2005 2087 1168
4610 2 2 0 1 1780 2079 1031
4611 2 2 0 1 2026 2036 943
4612 2 2 0 1 1912 2087 1345
4613 2 2 0 1 1898 1932 1247
4614 2 2 0 1 1972 2034 1394
4615 2 2 0 1 1183 2173 1866
4616 2 2 0 1 1851 2174 607
4617 2 2 0 1 1950 2054 1488
4618 2 2 0 1 416 2116 537
4619 2 2 0 1 1213 2017 1996
4620 2 2 0 1 733 2119 1910
4621 2 2 0 1 480 1968 1909
4622 2 2 0 1 1895 2096 1478
4623 2 2 0 1 1470 2027 1814
4624 2 2 0 1 1630 2177 1059
4625 2 2 0 1 621 2173 605
4626 2 2 0 1 1969 2117 1213
4627 2 2 0 1 1247 1976 1898
4628 2 2 0 1 1968 2112 1159
4629 2 2 0 1 2036 2105 1768
4630 2 2 0 1 254 2126 2080
4631 2 2 0 1 1933 2114 1235
4632 2 2 0 1 1179 2168 2051
4633 2 2 0 1 1128 2146 1923
4634 2 2 0 1 1888 2175 1112
4635 2 2 0 1 1771 2138 979
4636 2 2 0 1 1271 2111 1795
4637 2 2 0 1 1318 2160 2092
4638 2 2 0 1 2007 2127 1120
4639 2 2 0 1 1769 2168 2026
4640 2 2 0 1 1220 2100 1935
4641 2 2 0 1 1550 2087 2005
4642 2 2 0 1 1850 1854 462
4643 2 2 0 1 1319 1953 1952
4644 2 2 0 1 1552 2127 2007
4645 2 2 0 1 1770 2168 1769
4646 2 2 0 1 979 2138 2051
4647 2 2 0 1 2051 2168 1770
4648 2 2 0 1 459 2086 1971
4649 2 2 0 1 522 2159 2098
4650 2 2 0 1 745 2090 622
4651 2 2 0 1 2059 2093 1197
4652 2 2 0 1 1159 2112 1932
4653 2 2 0 1 1961 2133 529
4654 2 2 0 1 2131 2156 992
4655 2 2 0 1 720 2104 1998
4656 2 2 0 1 1109 2142 2001
4657 2 2 0 1 448 2078 2025
4658 2 2 0 1 1205 2169 623
4659 2 2 0 1 1859 2073 1263
4660 2 2 0 1 1314 2106 2009
4661 2 2 0 1 1783 2180 1050
4662 2 2 0 1 1363 2059 1996
4663 2 2 0 1 1821 2161 1248
4664 2 2 0 1 622 2090 1700
4665 2 2 0 1 1216 2131 2037
4666 2 2 0 1 1279 2165 1821
4667 2 2 0 1 2078 2156 1217
4668 2 2 0 1 1239 2134 2071
4669 2 2 0 1 1969 2154 1299
4670 2 2 0 1 1255 2098 2097
4671 2 2 0 1 1312 2036 2026
4672 2 2 0 1 1363 2093 2059
4673 2 2 0 1 1996 2017 1363
4674 2 2 0 1 1197 2093 2015
4675 2 2 0 1 1946 2157 1195
4676 2 2 0 1 457 2126 1856
4677 2 2 0 1 2084 2167 925
4678 2 2 0 1 1932 2112 1247
4679 2 2 0 1 2107 2158 1272
4680 2 2 0 1 2051 2138 1274
4681 2 2 0 1 2092 2160 1387
4682 2 2 0 1 1821 2165 2161
4683 2 2 0 1 707 2158 2107
4684 2 2 0 1 2090 2120 1700
4685 2 2 0 1 460 1965 1964
4686 2 2 0 1 1263 2157 1946
4687 2 2 0 1 1971 2080 458
4688 2 2 0 1 2161 2165 473
$EndElements
