<?xml version="1.0"?>
<VTKFile type="UnstructuredGrid"  version="0.1"  >
<UnstructuredGrid>
<Piece  NumberOfPoints="2181" NumberOfCells="3845">
<Points>
<DataArray  type="Float64"  NumberOfComponents="3"  format="ascii">0.001 0.00015 0  0.001 0.00017 0  0.0010375125 0.0001520036287150218 0  0.0010375125 0.0001720036287150217 0  0.001075025 0.0001540244183586998 0  0.001075025 0.0001740244183586998 0  0.0011125375 0.0001560622303521687 0  0.0011125375 0.0001760622303521687 0  0.00115005 0.0001581169177340488 0  0.00115005 0.0001781169177340487 0  0.0011875625 0.0001601883251138491 0  0.0011875625 0.0001801883251138491 0  0.001225075 0.0001622762886327642 0  0.001225075 0.0001822762886327642 0  0.0012625875 0.0001643806359320895 0  0.0012625875 0.0001843806359320895 0  0.0013001 0.0001665011861294736 0  0.0013001 0.0001865011861294736 0  0.0013376125 0.000168637749803216 0  0.0013376125 0.000188637749803216 0  0.001375125 0.0001707901289848076 0  0.001375125 0.0001907901289848076 0  0.0014126375 0.0001729581171599031 0  0.0014126375 0.0001929581171599031 0  0.00145015 0.0001751414992779025 0  0.00145015 0.0001951414992779025 0  0.0014876625 0.0001773400517703048 0  0.0014876625 0.0001973400517703048 0  0.001525175 0.0001795535425779878 0  0.001525175 0.0001995535425779878 0  0.0015626875 0.0001817817311875515 0  0.0015626875 0.0002017817311875515 0  0.0016002 0.00018402436867685 0  0.0016002 0.00020402436867685 0  0.0016377125 0.0001862811977698218 0  0.0016377125 0.0002062811977698218 0  0.001675225 0.0001885519529007117 0  0.001675225 0.0002085519529007117 0  0.0017127375 0.0001908363602877649 0  0.0017127375 0.0002108363602877649 0  0.00175025 0.0001931341380164522 0  0.00175025 0.0002131341380164522 0  0.0017877625 0.0001954449961322731 0  0.0017877625 0.0002154449961322731 0  0.001825275 0.0001977686367431628 0  0.001825275 0.0002177686367431628 0  0.0018627875 0.0002001047541315126 0  0.0018627875 0.0002201047541315126 0  0.0019003 0.0002024530348757936 0  0.0019003 0.0002224530348757936 0  0.0019378125 0.0002048131579817556 0  0.0019378125 0.0002248131579817556 0  0.001975325 0.000207184795023155 0  0.001975325 0.000227184795023155 0  0.0020128375 0.0002095676102919426 0  0.0020128375 0.0002295676102919426 0  0.00205035 0.0002119612609578275 0  0.00205035 0.0002319612609578275 0  0.0020878625 0.0002143653972371094 0  0.0020878625 0.0002343653972371094 0  0.002125375 0.0002167796625706545 0  0.002125375 0.0002367796625706545 0  0.0021628875 0.000219203693810869 0  0.0021628875 0.000239203693810869 0  0.0022004 0.0002216371214175051 0  0.0022004 0.0002416371214175051 0  0.0022379125 0.0002240795696621147 0  0.0022379125 0.0002440795696621147 0  0.002275425 0.0002265306568409463 0  0.002275425 0.0002465306568409463 0  0.0023129375 0.0002289899954960617 0  0.0023129375 0.0002489899954960617 0  0.00235045 0.0002314571926444301 0  0.00235045 0.0002514571926444301 0  0.0023879625 0.000233931850014738 0  0.0023879625 0.0002539318500147381 0  0.002425475 0.0002364135642916363 0  0.002425475 0.0002564135642916363 0  0.0024629875 0.0002389019273671278 0  0.0024629875 0.0002589019273671278 0  0.0025005 0.0002413965265987811 0  0.0025005 0.0002613965265987811 0  0.0025380125 0.0002438969450744401 0  0.0025380125 0.0002638969450744401 0  0.002575525 0.0002464027618830844 0  0.002575525 0.0002664027618830844 0  0.0026130375 0.0002489135523914775 0  0.0026130375 0.0002689135523914775 0  0.00265055 0.000251428888526229 0  0.00265055 0.000271428888526229 0  0.0026880625 0.000253948339060882 0  0.0026880625 0.000273948339060882 0  0.002725575 0.0002564714699076223 0  0.002725575 0.0002764714699076223 0  0.0027630875 0.0002589978444131998 0  0.0027630875 0.0002789978444131998 0  0.0028006 0.000261527023658636 0  0.0028006 0.000281527023658636 0  0.0028381125 0.0002640585667622853 0  0.0028381125 0.0002840585667622853 0  0.002875625 0.0002665920311858097 0  0.002875625 0.0002865920311858097 0  0.0029131375 0.0002691269730426159 0  0.0029131375 0.0002891269730426159 0  0.00295065 0.0002716629474083019 0  0.00295065 0.0002916629474083019 0  0.0029881625 0.0002741995086326504 0  0.0029881625 0.0002941995086326504 0  0.003025675 0.0002767362106527068 0  0.003025675 0.0002967362106527068 0  0.0030631875 0.0002792726073064739 0  0.0030631875 0.0002992726073064739 0  0.0031007 0.0002818082526467542 0  0.0031007 0.0003018082526467542 0  0.0031382125 0.0002843427012546711 0  0.0031382125 0.0003043427012546711 0  0.003175725 0.0002868755085524014 0  0.003175725 0.0003068755085524014 0  0.0032132375 0.0002894062311146518 0  0.0032132375 0.0003094062311146518 0  0.00325075 0.000291934426978418 0  0.00325075 0.000311934426978418 0  0.0032882625 0.0002944596559505662 0  0.0032882625 0.0003144596559505662 0  0.003325775 0.000296981479912784 0  0.003325775 0.000316981479912784 0  0.0033632875 0.0002994994631234567 0  0.0033632875 0.0003194994631234567 0  0.0034008 0.0003020131725160276 0  0.0034008 0.0003220131725160276 0  0.0034383125 0.0003045221779934141 0  0.0034383125 0.0003245221779934141 0  0.003475825 0.0003070260527180601 0  0.003475825 0.0003270260527180601 0  0.0035133375 0.0003095243733972156 0  0.0035133375 0.0003295243733972156 0  0.00355085 0.0003120167205630459 0  0.00355085 0.0003320167205630459 0  0.0035883625 0.0003145026788471883 0  0.0035883625 0.0003345026788471883 0  0.003625875 0.0003169818372493847 0  0.003625875 0.0003369818372493847 0  0.0036633875 0.0003194537893998344 0  0.0036633875 0.0003394537893998344 0  0.0037009 0.0003219181338149273 0  0.0037009 0.0003419181338149273 0  0.0037384125 0.0003243744741460338 0  0.0037384125 0.0003443744741460338 0  0.003775925 0.0003268224194210412 0  0.003775925 0.0003468224194210412 0  0.0038134375 0.0003292615842783497 0  0.0038134375 0.0003492615842783497 0  0.00385095 0.0003316915891930529 0  0.00385095 0.0003516915891930529 0  0.0038884625 0.0003341120606950495 0  0.0038884625 0.0003541120606950495 0  0.003925975 0.0003365226315788509 0  0.003925975 0.0003565226315788509 0  0.0039634875 0.0003389229411048678 0  0.0039634875 0.0003589229411048678 0  0.004 0.0008 0  0 0.0008 0  0.004 0.0003612489312509693 0  0.004 0.0003412489312509693 0  0.004 0.0001847493587505816 0  0.0039634875 0.0001833537646629207 0  0.003925975 0.0001819135789473105 0  0.0038884625 0.0001804672364170297 0  0.00385095 0.0001790149535158317 0  0.0038134375 0.0001775569505670099 0  0.003775925 0.0001760934516526248 0  0.0037384125 0.0001746246844876203 0  0.0037009 0.0001731508802889564 0  0.0036633875 0.0001716722736399006 0  0.003625875 0.0001701891023496308 0  0.0035883625 0.000168701607308313 0  0.00355085 0.0001672100323378276 0  0.0035133375 0.0001657146240383294 0  0.003475825 0.0001642156316308361 0  0.0034383125 0.0001627133067960485 0  0.0034008 0.0001612079035096166 0  0.0033632875 0.000159699677874074 0  0.003325775 0.0001581888879476704 0  0.0032882625 0.0001566757935703397 0  0.00325075 0.0001551606561870508 0  0.0032132375 0.0001536437386687911 0  0.003175725 0.0001521253051314408 0  0.0031382125 0.0001506056207528027 0  0.0031007 0.0001490849515880526 0  0.0030631875 0.0001475635643838844 0  0.003025675 0.0001460417263916241 0  0.0029881625 0.0001445197051795902 0  0.00295065 0.0001429977684449812 0  0.0029131375 0.0001414761838255696 0  0.002875625 0.0001399552187114858 0  0.0028381125 0.0001384351400573712 0  0.0028006 0.0001369162141951816 0  0.0027630875 0.0001353987066479199 0  0.002725575 0.0001338828819445734 0  0.0026880625 0.0001323690034365292 0  0.00265055 0.0001308573331157375 0  0.0026130375 0.0001293481314348865 0  0.002575525 0.0001278416571298507 0  0.0025380125 0.0001263381670446641 0  0.0025005 0.0001248379159592686 0  0.0024629875 0.0001233411564202767 0  0.002425475 0.0001218481385749818 0  0.0023879625 0.0001203591100088428 0  0.00235045 0.0001188743155866581 0  0.0023129375 0.000117393997297637 0  0.002275425 0.0001159183941045678 0  0.0022379125 0.0001144477417972688 0  0.0022004 0.0001129822728505031 0  0.0021628875 0.0001115222162865214 0  0.002125375 0.0001100677975423927 0  0.0020878625 0.0001086192383422656 0  0.00205035 0.0001071767565746965 0  0.0020128375 0.0001057405661751656 0  0.001975325 0.000104310877013893 0  0.0019378125 0.0001028878947890534 0  0.0019003 0.0001014718209254761 0  0.0018627875 0.0001000628524789076 0  0.001825275 9.866118204589767e-05 0  0.0017877625 9.726699767936386e-05 0  0.00175025 9.588048280987133e-05 0  0.0017127375 9.450181617265894e-05 0  0.001675225 9.313117174042703e-05 0  0.0016377125 9.176871866189306e-05 0  0.0016002 9.041462120611002e-05 0  0.0015626875 8.90690387125309e-05 0  0.001525175 8.773212554679268e-05 0  0.0014876625 8.640403106218289e-05 0  0.00145015 8.508489956674153e-05 0  0.0014126375 8.377487029594189e-05 0  0.001375125 8.247407739088458e-05 0  0.0013376125 8.118264988192963e-05 0  0.0013001 7.990071167768417e-05 0  0.0012625875 7.86283815592537e-05 0  0.001225075 7.736577317965855e-05 0  0.0011875625 7.611299506830949e-05 0  0.00115005 7.487015064042925e-05 0  0.0011125375 7.363733821130121e-05 0  0.001075025 7.24146510152199e-05 0  0.0010375125 7.120217722901305e-05 0  0.001 7.000000000000001e-05 0  0.001 5e-05 0  0.0010375125 5.120217722901306e-05 0  0.001075025 5.24146510152199e-05 0  0.0011125375 5.36373382113012e-05 0  0.00115005 5.487015064042926e-05 0  0.0011875625 5.61129950683095e-05 0  0.001225075 5.736577317965855e-05 0  0.0012625875 5.86283815592537e-05 0  0.0013001 5.990071167768417e-05 0  0.0013376125 6.118264988192963e-05 0  0.001375125 6.247407739088458e-05 0  0.0014126375 6.37748702959419e-05 0  0.00145015 6.508489956674153e-05 0  0.0014876625 6.640403106218289e-05 0  0.001525175 6.773212554679268e-05 0  0.0015626875 6.90690387125309e-05 0  0.0016002 7.041462120611002e-05 0  0.0016377125 7.176871866189307e-05 0  0.001675225 7.313117174042703e-05 0  0.0017127375 7.450181617265894e-05 0  0.00175025 7.588048280987133e-05 0  0.0017877625 7.726699767936386e-05 0  0.001825275 7.866118204589767e-05 0  0.0018627875 8.006285247890758e-05 0  0.0019003 8.147182092547615e-05 0  0.0019378125 8.288789478905339e-05 0  0.001975325 8.4310877013893e-05 0  0.0020128375 8.574056617516556e-05 0  0.00205035 8.717675657469648e-05 0  0.0020878625 8.861923834226564e-05 0  0.002125375 9.006779754239271e-05 0  0.0021628875 9.152221628652143e-05 0  0.0022004 9.298227285050309e-05 0  0.0022379125 9.444774179726882e-05 0  0.002275425 9.591839410456779e-05 0  0.0023129375 9.739399729763702e-05 0  0.00235045 9.887431558665809e-05 0  0.0023879625 0.0001003591100088428 0  0.002425475 0.0001018481385749818 0  0.0024629875 0.0001033411564202767 0  0.0025005 0.0001048379159592687 0  0.0025380125 0.0001063381670446641 0  0.002575525 0.0001078416571298507 0  0.0026130375 0.0001093481314348865 0  0.00265055 0.0001108573331157374 0  0.0026880625 0.0001123690034365292 0  0.002725575 0.0001138828819445734 0  0.0027630875 0.0001153987066479199 0  0.0028006 0.0001169162141951816 0  0.0028381125 0.0001184351400573712 0  0.002875625 0.0001199552187114858 0  0.0029131375 0.0001214761838255696 0  0.00295065 0.0001229977684449812 0  0.0029881625 0.0001245197051795902 0  0.003025675 0.0001260417263916241 0  0.0030631875 0.0001275635643838844 0  0.0031007 0.0001290849515880526 0  0.0031382125 0.0001306056207528027 0  0.003175725 0.0001321253051314408 0  0.0032132375 0.0001336437386687911 0  0.00325075 0.0001351606561870508 0  0.0032882625 0.0001366757935703397 0  0.003325775 0.0001381888879476704 0  0.0033632875 0.000139699677874074 0  0.0034008 0.0001412079035096166 0  0.0034383125 0.0001427133067960485 0  0.003475825 0.0001442156316308361 0  0.0035133375 0.0001457146240383294 0  0.00355085 0.0001472100323378276 0  0.0035883625 0.000148701607308313 0  0.003625875 0.0001501891023496308 0  0.0036633875 0.0001516722736399006 0  0.0037009 0.0001531508802889564 0  0.0037384125 0.0001546246844876203 0  0.003775925 0.0001560934516526248 0  0.0038134375 0.0001575569505670099 0  0.00385095 0.0001590149535158317 0  0.0038884625 0.0001604672364170297 0  0.003925975 0.0001619135789473105 0  0.0039634875 0.0001633537646629207 0  0.004 0.0001647493587505816 0  0.004 0 0  0 0 0  0.001018433251239128 0.0001509845622524206 0  0.001055614908712422 0.0001529788012588855 0  0.001093024766891654 0.0001550022295110212 0  0.001055756015007247 0.0001729864026221442 0  0.001018510375724441 0.0001709886816481794 0  0.003940298507462687 0.0008 0  0.003880597014925373 0.0008 0  0.00382089552238806 0.0008 0  0.003761194029850746 0.0008 0  0.003701492537313433 0.0008 0  0.003641791044776119 0.0008 0  0.003582089552238806 0.0008 0  0.003522388059701492 0.0008 0  0.003462686567164179 0.0008 0  0.003402985074626865 0.0008 0  0.003343283582089552 0.0008 0  0.003283582089552239 0.0008 0  0.003223880597014925 0.0008 0  0.003164179104477611 0.0008 0  0.003104477611940298 0.0008 0  0.003044776119402985 0.0008 0  0.002985074626865671 0.0008 0  0.002925373134328357 0.0008 0  0.002865671641791044 0.0008 0  0.00280597014925373 0.0008 0  0.002746268656716416 0.0008 0  0.002686567164179103 0.0008 0  0.002626865671641789 0.0008 0  0.002567164179104475 0.0008 0  0.002507462686567162 0.0008 0  0.002447761194029848 0.0008 0  0.002388059701492534 0.0008 0  0.002328358208955221 0.0008 0  0.002268656716417907 0.0008 0  0.002208955223880593 0.0008 0  0.00214925373134328 0.0008 0  0.002089552238805966 0.0008 0  0.002029850746268653 0.0008 0  0.001970149253731339 0.0008 0  0.001910447761194027 0.0008 0  0.001850746268656713 0.0008 0  0.0017910447761194 0.0008 0  0.001731343283582087 0.0008 0  0.001671641791044773 0.0008 0  0.00161194029850746 0.0008 0  0.001552238805970147 0.0008 0  0.001492537313432833 0.0008 0  0.00143283582089552 0.0008 0  0.001373134328358207 0.0008 0  0.001313432835820894 0.0008 0  0.00125373134328358 0.0008 0  0.001194029850746267 0.0008 0  0.001134328358208954 0.0008 0  0.001074626865671641 0.0008 0  0.001014925373134328 0.0008 0  0.0009552238805970144 0.0008 0  0.0008955223880597009 0.0008 0  0.0008358208955223877 0.0008 0  0.0007761194029850746 0.0008 0  0.000716417910447761 0.0008 0  0.0006567164179104479 0.0008 0  0.0005970149253731348 0.0008 0  0.0005373134328358216 0.0008 0  0.0004776119402985081 0.0008 0  0.0004179104477611949 0.0008 0  0.0003582089552238818 0.0008 0  0.0002985074626865683 0.0008 0  0.0002388059701492556 0.0008 0  0.000179104477611942 0.0008 0  0.0001194029850746284 0.0008 0  5.970149253731443e-05 0.0008 0  0.004 0.0004160928148445983 0  0.004 0.0004709366984382274 0  0.004 0.0005257805820318564 0  0.004 0.0005806244656254854 0  0.004 0.0006354683492191142 0  0.004 0.0006903122328127428 0  0.004 0.0007451561164063714 0  0.004 0.0002369158829173775 0  0.004 0.0002890824070841734 0  0.001130176343888083 7.421702194287541e-05 0  0.001092330775009865 7.297871764695134e-05 0  0.001060684765372581 7.19511479542722e-05 0  0.001048281701716112 7.155025786291268e-05 0  0.001026286091887467 7.084240029608419e-05 0  0.00101659910464369 7.053195776406929e-05 0  0.001008001494997128 7.025642692658741e-05 0  0.001 6.189210294340803e-05 0  0.001 5.532275373021974e-05 0  0.001004891400057316 5.015675654160344e-05 0  0.001010836076330811 5.034726782317222e-05 0  0.001018060829729332 5.057880221893194e-05 0  0.001026841306445385 5.086019346632733e-05 0  0.001048061217637402 5.154313140731223e-05 0  0.001060457519115485 5.19438029324863e-05 0  0.001092261420907574 5.297645711052036e-05 0  0.001130147339559779 5.421606874337041e-05 0  0.004 5.491645291686055e-05 0  0.004 0.0001098329058337213 0  5.9242180102936e-05 0 0  0.000118484360205872 0 0  0.000177726540308808 0 0  0.000236968720411744 0 0  0.0002962109005146799 0 0  0.0003554530806176159 0 0  0.0004146952607205519 0 0  0.0004739374408234879 0 0  0.0005331796209264239 0 0  0.0005924218010293599 0 0  0.0006516639811322959 0 0  0.0007109061612352318 0 0  0.0007697465449352992 0 0  0.0008203298623770056 0 0  0.0008613656246164828 0 0  0.0008948227007016508 0 0  0.000922327285049896 0 0  0.0009452507478052985 0 0  0.0009647911071196037 0 0  0.00098205058972326 0 0  0.0009981018034716342 0 0  0.001014023011414239 0 0  0.001030894339637435 0 0  0.001049788140292141 0 0  0.001071794263885083 0 0  0.001098080839943057 0 0  0.001129970298614806 0 0  0.001169019912035377 0 0  0.001217107647785051 0 0  0.001274859715264944 0 0  0.00133410189536788 0 0  0.001393344075470817 0 0  0.001452586255573753 0 0  0.001511828435676689 0 0  0.001571070615779624 0 0  0.00163031279588256 0 0  0.001689554975985496 0 0  0.001748797156088432 0 0  0.001808039336191367 0 0  0.001867281516294303 0 0  0.001926523696397239 0 0  0.001985765876500175 0 0  0.002045008056603111 0 0  0.002104250236706046 0 0  0.002163492416808982 0 0  0.002222734596911918 0 0  0.002281976777014854 0 0  0.002341218957117789 0 0  0.002400461137220725 0 0  0.002459703317323661 0 0  0.002518945497426597 0 0  0.002578187677529532 0 0  0.002637429857632469 0 0  0.002696672037735404 0 0  0.00275591421783834 0 0  0.002815156397941276 0 0  0.002874398578044212 0 0  0.002933640758147147 0 0  0.002992882938250083 0 0  0.003052125118353019 0 0  0.003111367298455955 0 0  0.00317060947855889 0 0  0.003229851658661827 0 0  0.003289093838764762 0 0  0.003348336018867699 0 0  0.003407578198970635 0 0  0.003466820379073572 0 0  0.003526062559176508 0 0  0.003585304739279444 0 0  0.00364454691938238 0 0  0.003703789099485317 0 0  0.003763031279588254 0 0  0.00382227345969119 0 0  0.003881515639794127 0 0  0.003940757819897063 0 0  0 0.0007428571428571429 0  0 0.0006857142857142858 0  0 0.0006285714285714286 0  0 0.0005714285714285715 0  0 0.0005142857142857143 0  0 0.0004571428571428571 0  0 0.0004 0  0 0.0003428571428571429 0  0 0.0002857142857142857 0  0 0.0002285714285714286 0  0 0.0001714285714285714 0  0 0.0001142857142857142 0  0 5.714285714285717e-05 0  0.001047047862112826 0.0001891089927251248 0  0.0006858092063498637 0.000749151622723108 0  0.001128806617323521 0.0002085603082850597 0  0.000924220658228407 0.0007489596121799436 0  0.001276967462966222 0.0002188170786126105 0  0.0005118279250591802 4.942096091649676e-05 0  0.001430501315312001 0.0002238314378992301 0  0.001579579781363285 0.0002340866039526997 0  0.0007403263530852656 4.738185248244616e-05 0  0.001729503837693147 0.0002444716748315235 0  0.0003886081658386223 0.0007477002604583822 0  0.001880811559902846 0.0002541695559442207 0  0.002031153505627101 0.0002680565461503452 0  0.002180991537197511 0.0002713201958888475 0  0.00232958134708974 0.000284559909266855 0  5.074394201727388e-05 0.0003782720495312154 0  0.002479583375567482 0.0002926358263819769 0  0.002632824211222831 0.0003040892153225686 0  0.002781080016619536 0.0003128489058900515 0  0.001160829018163023 0.000742692515481873 0  0.002929782441172677 0.0003216259825705751 0  0.0009939620392072851 5.817451950911945e-05 0  0.003079747819076685 0.0003330271730760002 0  0.001342454045524283 0.0007450050174623326 0  0.003229599979349859 0.0003425727629077234 0  0.003342350620867004 0.0003507271259186788 0  0.003455813819363078 0.0003530257727226956 0  0.003566078299520642 0.0003684590881522669 0  0.003681174571611406 0.000381277435733894 0  0.003788407954732467 0.0003806998760485131 0  0.001522279860014332 0.0007542812613967988 0  0.0009831157717332787 0.0001600253464373369 0  0.0009842023578903718 0.0001793841860855369 0  0.00176319422576734 0.0007485354968174633 0  0.001939033011812827 0.0007503194753340137 0  0.002125410892130442 0.0007499959211311428 0  0.002297554033739151 0.0007485744989680697 0  0.0003234083474061935 5.137630915623751e-05 0  0.002540117316580777 0.0007459653431715713 0  0.0009653773498916249 0.0001687877994136976 0  0.0009653454988507444 0.0001913175454178428 0  0.0009085749928757737 2.183598492749861e-05 0  0.002716253058418855 0.0007522418817480022 0  0.0028955223880597 0.0007482969908188394 0  0.0009428057917815716 0.0001775795072229848 0  0.0009423928369201484 0.0002040137726411474 0  0.003142241930914669 0.0007432288498720566 0  0.0009665262728154407 0.000216831645862575 0  0.0009422876697204024 0.0002316009690745112 0  0.0009670668007510513 0.0002448182297035312 0  0.0009424372461931956 0.0002605498419367886 0  0.0009690007186998241 0.0002745061666210149 0  0.0009429905556730071 0.0002910837310357063 0  0.0009715247848817053 0.0003048656721991636 0  0.0009151282462836218 0.0002760887325735684 0  0.000915516158758415 0.0003084780994488621 0  0.0008856554960611166 0.0002919573801478578 0  0.0008861900868771663 0.0003273054566894252 0  0.0008543278810978041 0.000309215181857266 0  0.0008548305791925153 0.0003464982526387528 0  0.000821841428747572 0.0003278647153862836 0  0.0008880942223058969 0.0003641335167013161 0  0.0008219523345600998 0.0003671096400742469 0  0.0007864988612613863 0.0003467527573442472 0  0.0007859236183277876 0.0003889679675520522 0  0.0007484570131706656 0.0003668479506130044 0  0.000919929593508723 0.0001901213608588321 0  4.948716593053946e-05 0.0005428571428571429 0  0.003377273156746346 0.0007456201270673322 0  0.003608544059495194 0.000743979483586455 0  0.0007488870103335441 0.0004126193541187189 0  0.0007086853395276474 0.0003902174276420969 0  0.0007092762331692907 0.0003427898266641208 0  0.0006676430122512698 0.0003666321745008974 0  0.000667796158965208 0.0004147321119066953 0  0.0006251864354156623 0.0003907062416529443 0  0.0006256704676394394 0.0004405668973256276 0  0.0005817573493791927 0.0004154251633110706 0  0.0007867395690145528 0.0004314352410244116 0  0.0009662135972400747 0.0001470825909282257 0  0.0005820098292379909 0.0004662066200633913 0  0.0005377280188163978 0.0004407904426547752 0  0.000537642278436023 0.0003892412362138837 0  0.0004925254720763821 0.0004147593891781256 0  0.0004927583797024947 0.0003624127049381237 0  0.0004466634266585571 0.0003885148774887331 0  0.003796334513841116 0.0007506533884762733 0  0.003954462098149893 0.0005564546070729456 0  0.001003778675265927 7.705771139906114e-05 0  0.0009953727036820033 7.719076853811096e-05 0  0.0006685107446184368 0.0003189317706979461 0  0.0008233394247197977 0.0002914233197893648 0  5.228329828823892e-05 0.0001885876483897475 0  0.000446292010260714 0.0004408493959822838 0  0.0003999319957893113 0.0004150051566287595 0  0.0004002048501800795 0.0003609524123898052 0  0.0008355686098934401 3.726743325430202e-05 0  0.001031867068190109 8.005286630082784e-05 0  0.0003528091956171966 0.0003877564578961703 0  0.0003526902749954918 0.0004426046744523197 0  0.0003531508675928107 0.000332941217840427 0  0.0002140016950050571 0.0007505961659129107 0  0.0006267052030672175 0.0004915060977416616 0  0.0005821631833445883 0.0005178034844039073 0  0.0009994673049039892 8.521934418294645e-05 0  0.0009896643239222323 8.524474675321119e-05 0  0.00100258497583567 4.577933454210736e-05 0  0.0009973575590864305 4.539270046842708e-05 0  0.0009533736463393685 1.52645908444108e-05 0  0.0009964519626988705 0.0002882606871530401 0  0.001000303837241643 0.0003205742470924356 0  0.001014631204169135 4.476050469639332e-05 0  0.00102692366182677 0.0003030316029423991 0  0.001030114412829944 0.0003379226423738272 0  0.001059708364415441 0.0003188586039107077 0  0.0010622111426251 0.0003552702411996784 0  0.001090960340532669 0.0003352477152193762 0  0.001093697158054915 0.0003733407095235918 0  0.001062719768784086 0.0003939637524433026 0  0.00109798594588635 0.0004126375451304654 0  0.001130785163042122 0.0003859663217941131 0  0.001134500154486049 0.0004313013871534887 0  0.00116876397250739 0.0004102748174333456 0  0.00106347938864536 0.000434817240436904 0  0.00117249151117405 0.0004515005310981075 0  0.001208992467353216 0.0004278599756139411 0  0.001211227553963791 0.0004712621546473496 0  0.001249212409227726 0.0004472133677066111 0  0.001249224070162141 0.0004918752154424994 0  0.001289417041429789 0.0004673279208680577 0  0.001174815590944943 0.0004957330183161302 0  0.001287047097846825 0.0004221184460903799 0  0.001327880320492043 0.0004418994194038858 0  0.001330928188769685 0.0004879069098822019 0  0.001369586501821092 0.0004618126039695199 0  0.001373041961509108 0.0005086295457080526 0  0.001411689829233331 0.0004819055667994471 0  0.001408285832453141 0.0004357481817623304 0  0.001449931184682181 0.0004551270634983203 0  0.001454139543079948 0.0005016277844211046 0  0.001492418165520711 0.0004746346112877135 0  0.001488200088541709 0.0004283853820789874 0  0.001530908669352627 0.00044738827770191 0  0.001535166006904074 0.0004941911745436287 0  0.001573900585378952 0.0004663972367649771 0  0.001578369191124809 0.0005136201430730621 0  0.001616699063938623 0.0004855096368050933 0  0.001612043922189525 0.0004388364303932277 0  0.001655172160915795 0.000457363992070308 0  0.001660143975245886 0.0005044368942693471 0  0.001698795235559953 0.0004758577072667703 0  0.001703981128542365 0.0005233098864947446 0  0.001742200515575943 0.0004944088113767055 0  0.001736791900608748 0.0004474974557250621 0  0.001779708415779779 0.0004654498270331515 0  0.00178610951628363 0.0005128523776160037 0  0.00182371951372307 0.0004833792630728483 0  0.001830651019548282 0.0005312660298570495 0  0.00186840063035551 0.000501367946266536 0  0.001861417734849611 0.0004543010061761887 0  0.001905882878011401 0.000471743929668688 0  0.001912920472372824 0.0005191295472578093 0  0.001950176591036407 0.000488958222418796 0  0.001957980877261595 0.0005368377559116318 0  0.001995321438269037 0.000506256087857 0  0.0003048696763528593 0.0004150730944530562 0  0.0003048855045692425 0.0004706057327880594 0  0.00105454376259271 8.309490984750824e-05 0  0.001773221092916663 0.0004193802572871367 0  0.001986183150192846 0.0004590559061683226 0  0.002032066374462519 0.0004760325159612225 0  0.002041468686458633 0.0005230341965037066 0  0.00207708289334191 0.0004921221557543956 0  0.002071141433349417 0.0004424659389403231 0  0.002115109193163232 0.0004635214232190702 0  0.002121827519102939 0.0005084616805121954 0  0.002158070705223982 0.0004781258256296873 0  0.002166628172809677 0.0005234602042609646 0  0.002202734360184314 0.00049343538613159 0  0.001206182587915118 0.000216851674311239 0  0.002211158098557002 0.0005404605420778793 0  0.002247545252294577 0.0005090944352688283 0  0.002238918203086145 0.0004626528127385419 0  0.002283370654653184 0.0004778402982346676 0  0.002292634619817418 0.0005246332842431521 0  0.002328183388491002 0.0004928341124258761 0  0.002338064010066276 0.0005399032090543427 0  0.00237449632138558 0.000508175910145841 0  0.002383998061672043 0.0005555524888599074 0  0.002420863256419427 0.0005234800962172278 0  0.002364299183186578 0.0004614507056080023 0  0.001048882932445917 0.0007556457662478777 0  0.0008060030810774338 0.0007522401725993498 0  0.003492537313432836 0.0007482969908188394 0  0.003244700875038164 0.0007530186017261546 0  0.003016381577376567 0.0007484886734493638 0  0.0005018593163865102 0.000744222781274417 0  0.001203162591470072 0.0003814940173002087 0  0.0002070201943614959 5.123805768839063e-05 0  0.0006232558988749123 4.983329531602537e-05 0  0.001324141500072419 0.0003971057048656011 0  0.001358683205247567 0.0002237973417424655 0  0.001504615454928641 0.0002310531868777 0  0.001654502240319101 0.0002399029907136636 0  0.001803406082423222 0.0002463088099624875 0  0.001954800543541886 0.0002585658089254186 0  0.0003532130230655527 0.0004982169608635875 0  0.002098523279575854 0.000266293285718453 0  0.002253280632516225 0.0002771682625008229 0  0.002399419158960055 0.0002895143193463564 0  0.001638085397462267 0.0007460693209991525 0  0.002556102989636095 0.0002960609684346357 0  0.002704633661761597 0.0003076965758152205 0  0.002855179917924906 0.0003179277439571618 0  0.003005647181074002 0.0003279239525483975 0  0.003154824694645744 0.0003373649250952817 0  0.0004011427520198812 0.0003060526533402322 0  0.003866661729218611 0.0003843855037820479 0  0.001539249430680224 0.0005421832706368716 0  0.001333088835080167 0.0005351403188197141 0  0.001376957353314447 0.0005567974212680603 0  0.0003049238413126956 0.0005267005217477924 0  0.0003536999196516494 0.0002775505029541131 0  0.0003052088510338107 0.0003050143805194935 0  0.001650758180211058 0.0004113172540518739 0  0.001526180653958228 0.0004018766873677718 0  0.001083236616503651 8.560975216480201e-05 0  0.0009202033186939003 0.0001615133111957764 0  0.0008948783261672792 0.000174415029237889 0  0.0010003367143745 4.026723725409064e-05 0  0.0009939244240036661 3.994608000889899e-05 0  0.001898356521626285 0.0004255564802668077 0  0.0006276153031919466 0.0005431056906451105 0  0.001002484124556845 0.0003542899592355928 0  0.0009946011416884695 9.431974212422496e-05 0  0.0009831600729302982 9.415601263695406e-05 0  0.0009783462870606048 8.195266250961725e-05 0  0.0009688815916429744 9.624831802121814e-05 0  0.0009629468631635906 8.096606239199855e-05 0  0.000953080120195661 9.593856769400427e-05 0  0.0002565110330996531 0.0004426987622402969 0  0.001484794500355615 0.0003835074663895974 0  0.00243027252890703 0.0005710972854471845 0  0.002466827969269884 0.0005385033351069491 0  0.002457257118358841 0.0004913214511086377 0  0.002502811403988941 0.0005059979707761461 0  0.002513043039181699 0.0005535085655200463 0  0.002548673649942787 0.0005204960620474603 0  0.002559669408104457 0.0005683549510187968 0  0.002595235960098014 0.0005349643478545481 0  0.002580901864246568 0.0004873432312315445 0  0.002627943715752367 0.0005014300734524035 0  0.002641037128923379 0.0005489416007537264 0  0.002676470581520728 0.0005158500514167242 0  0.002687852436633307 0.0005628617679932055 0  0.00272357926483049 0.0005296327276245503 0  0.002734561876662743 0.0005765314857129176 0  0.002769888206063226 0.0005429637083848391 0  0.002758803341764129 0.0004964175029738214 0  0.002804594282020676 0.0005094404677356432 0  0.00281636914463113 0.0005562846659898348 0  0.00285059772712005 0.0005222650549332215 0  0.002492221196317935 0.0004597939928348097 0  0.002863181762936391 0.0005693889285038444 0  0.002897274777486221 0.0005350039492663337 0  0.0004023924263710343 0.0002504075436607443 0  0.002881285415712582 0.0004882049890574623 0  0.002928396401868568 0.000500596296517612 0  0.00294309604236411 0.0005472024328305382 0  0.002977055619086855 0.000513179137081625 0  0.002989961276068845 0.0005591418660749991 0  0.003024060892792054 0.0005252106870362989 0  0.003036192783254385 0.0005707317058987981 0  0.003070104936276379 0.0005366715077224376 0  0.00166552005833054 0.0005526804656974944 0  0.000305553050702959 0.0002488156140085704 0  0.0002565731571788612 0.0002763316713806091 0  0.002663790650114962 0.0004623527503810786 0  0.002134850393080658 0.0005545342420190252 0  0.00215287048052398 0.0004347344413758958 0  0.0008970283310236022 0.0001438767783764611 0  0.0008681738682846316 0.000156629922839007 0  0.001920093619150734 0.0005674867034409967 0  0.001966249986583701 0.0005859478840596311 0  0.002273768496327214 0.0004322967404948732 0  0.001028817889993589 0.0001356734988492592 0  0.001792448491717216 0.0005612019413196835 0  0.001120854901106338 8.920286697755575e-05 0  0.00305763045934315 0.0004912749398765465 0  0.003102833197915546 0.0005027671023403954 0  0.003116328146440805 0.0005482089406728262 0  0.003148789506852798 0.0005138674807979674 0  0.003162751650227793 0.0005593143150685345 0  0.003196056150522772 0.0005248345987456396 0  0.003209470759588079 0.0005703532864602027 0  0.003243125077463099 0.0005358402395541258 0  0.003256515852313831 0.0005818254077840754 0  0.003289500390990096 0.0005465536325236523 0  0.003276125008921701 0.0005012133830344883 0  0.003321755086436453 0.0005113407576126647 0  0.003335968653646707 0.0005570628216399962 0  0.003367976306264565 0.0005214842677500034 0  0.003382642042510184 0.0005672383655624404 0  0.003415325001873256 0.0005321349898369824 0  0.003429545062435535 0.0005775064989360537 0  0.003462555828554106 0.0005423813872793793 0  0.003476780599667079 0.0005880769975895361 0  0.003509033876710468 0.0005522097477662271 0  0.003494864869808935 0.0005072303638109526 0  0.00354053778059117 0.000516465520889236 0  0.003555571746981082 0.0005617988746251519 0  0.003586801582025251 0.0005256890009942882 0  0.003602308402979447 0.0005710397215822128 0  0.003634169962959856 0.0005353095624157254 0  0.003649392052979935 0.0005806952160768867 0  0.003681602890160694 0.0005445675486810049 0  0.002792463585300158 0.0004639300616713677 0  0.002651657560028965 0.0005972275760183216 0  0.001054229725581277 0.0002806315950106948 0  0.003696769654680114 0.0005901539585620192 0  0.003728663205754113 0.0005535836944476728 0  0.001005588654356962 9.417172467762953e-05 0  0.0003531516082805101 0.0005533036801266646 0  0.00282793545582081 0.0006043323067491062 0  0.000582424813631339 0.0005701358722941892 0  0.003951677242209956 0.0006616417315180431 0  0.002302291135550777 0.000570923219656685 0  4.948716593053924e-05 0.0006571428571428572 0  0.0009457636651070255 7.809211061184562e-05 0  0.001031917216069681 4.268942808617989e-05 0  0.002962319427959932 0.0004618938428669954 0  0.001335174415022681 0.0005842934183190492 0  0.001381374800220696 0.0006068006654480417 0  0.003183517825341019 0.0004736918119004598 0  0.000304952482810367 0.0005831416120155386 0  0.0002557520744089705 0.000555077047944255 0  0.00239304505312022 0.000604528361119644 0  0.003713395838152874 0.0005084275680241665 0  0.003760000550107944 0.0005171074350724886 0  0.003776064253511013 0.0005627701699353233 0  0.003909094974748825 0.0003041233191913803 0  0.003400220392399773 0.0004869211407721658 0  0.001522614954257496 0.0003577324446698776 0  0.003834298178771007 0.000297990074550167 0  0.001066687723594371 0.0001389366196647848 0  0.003807071085912037 0.0005255125494876066 0  0.002955273666110435 0.0005948880047406388 0  0.003759049191829753 0.0002946606521579309 0  0.0006717134527406605 0.0005170619990271639 0  0.0006730117815778693 0.0005682671048265787 0  0.0007171406809710558 0.0005421963027106467 0  0.0007182777800467666 0.0005932219258405614 0  0.0007626341427202489 0.0005667402488866312 0  0.003824312567324326 0.0005718218524971769 0  0.0005387283106791224 0.0003391328028435571 0  0.003619993863111818 0.0004830522450184762 0  0.003684278253886978 0.0002882029681252412 0  0.0002581798050154674 0.000218049916573509 0  0.0009898019335054891 0.0001070084397699324 0  0.000710487332185784 0.0002949662611409297 0  0.0006693457952985284 0.0002703927693481795 0  0.000711832548862569 0.0002470613046643696 0  0.0006707177854330117 0.0002222211777625471 0  0.0007128732592138695 0.0001994077419034707 0  0.0005361054473006252 0.0005441277665720487 0  0.0009976242086716658 3.390355754960799e-05 0  0.0009896955191568855 3.325116164520675e-05 0  0.0009862428497410946 4.15801179724372e-05 0  0.0009572490721101003 6.412151459709046e-05 0  0.003609261358972095 0.0002832559316841023 0  0.001482618970210203 0.0003383711067128076 0  0.003089776195528032 0.000458342579813967 0  0.003534247375380657 0.0002782858240461075 0  0.003128943677072254 0.0005942636845949598 0  0.003570729267561081 0.0006073374822946039 0  0.0006268410708139545 0.0002452035518566583 0  0.002440432187643564 0.0006207511814063016 0  0.0002077623570446812 0.0002474845264478893 0  0.0002076848063552899 0.0003039625579818978 0  0.003458990057619545 0.0002755679406338105 0  0.001103421584166371 0.00013874809113071 0  0.0008689293127779431 0.0001967589829110972 0  0.0008370031403211128 0.0001742585961459969 0  0.0008397274336137384 0.0001373827698444719 0  0.0009910819445802213 0.0002287252138163606 0  0.0006282000365043607 0.0001951092816789215 0  0.0005830623861931366 0.0002191124355469798 0  0.003352982830748506 0.0006038881118267418 0  0.003384833056324406 0.0002681468448526671 0  0.001054580501726098 4.180798244773464e-05 0  0.003309319709264373 0.0002605761851698246 0  0.003907571436110854 0.000128275142622518 0  0.003307834502101937 0.0004672002152079419 0  0.000536241972783881 0.0005977297083545714 0  0.0005818123827982134 0.0006220779586975912 0  0.003234183226038128 0.0002581836372290961 0  0.00344369141974194 0.0006250266471359482 0  0.00315915445604891 0.0002531231965111135 0  0.0009356013051818215 9.317565426033246e-05 0  0.0009267519926439618 7.479268866100741e-05 0  0.003795948673628312 0.0001243385156809834 0  0.003525842237539247 0.0004727436284074394 0  0.003084132788583836 0.0002481214751039813 0  0.0005854653575307982 0.0001644606061474434 0  0.0005385129188974782 0.0001855845151043575 0  0.003222734780607903 0.0006181233132430343 0  0.002403590549962713 0.0006552925654315909 0  0.0008025086255656149 0.0001544809385563053 0  0.003009096500440611 0.0002432226797856656 0  0.0008026790200002076 0.0001913290576972365 0  0.00379271901731877 0.0006097854461514287 0  0.00372241667255251 0.0001210597559612542 0  0.0007635541618102953 0.0006180155540393567 0  0.0008071396461743526 0.0005905459959669025 0  0.001926569857676807 0.0006173811386638405 0  0.001974585699610007 0.0006365707650143481 0  0.002934058658811066 0.0002383237072904352 0  0.0002080380430805916 0.000190939390531287 0  0.0003064795673000662 0.0001920900257296963 0  0.003608416840396261 0.0001167090908820545 0  0.003867723102589479 0.0002116546353123593 0  0.000158221275547799 0.0002757271419130252 0  0.002859019307762256 0.0002334280105692752 0  0.003664324850825334 0.0006278452968557365 0  0.000255773584439806 0.0006121895326036856 0  0.0002059413957946165 0.0005836488243200739 0  0.003793413826371688 0.0002093118865386512 0  0.003495869221839526 0.0001127333415711666 0  0.002784004796651211 0.0002281943868245285 0  0.0003533090258584946 0.0006087702691167335 0  0.0004898282243664762 0.000571029688136537 0  0.003743604130657834 0.0004732245815220364 0  0.003718379901479518 0.0002063744749340037 0  0.0008065956500386867 0.0005405218424780842 0  0.0008500785476685192 0.0005637290763999166 0  0.0008497101516556488 0.0005145330706984481 0  0.0008925847701985179 0.0005384084917254352 0  0.0008939468548283774 0.0005847186041942878 0  0.0009360576816417011 0.0005603730724909656 0  0.0009341412198063904 0.0005127556612468116 0  0.0009771110310602617 0.0005348775039830404 0  0.0009795619826829857 0.0005832944215497747 0  0.001020720995628135 0.0005568795707794501 0  0.001023912736617633 0.0006049691196084164 0  0.001064835479220648 0.000578952829286604 0  0.001068510563399525 0.0006279290048145422 0  0.001109458538648357 0.0006014157955545316 0  0.0009718077883117081 0.000487931265351861 0  0.0009330864549246544 0.0004666556039366095 0  0.002708968433070309 0.0002232322829000902 0  0.0009807395468474206 3.316284173422843e-05 0  0.0009763676742667489 4.153682614978146e-05 0  0.0004889184586519062 0.0006260347994161981 0  0.0009797851146542353 0.0006382430570097972 0  0.003643346789064753 0.0002034173880472384 0  0.003699527351488317 0.0004648414435215888 0  0.002633972086189469 0.000217684573772349 0  0.001005833280868403 3.540163338349226e-05 0  0.003482003707735173 0.0004637267199237291 0  0.003263991858509633 0.0004573267746274269 0  0.0009133652814132826 9.324468262821147e-05 0  0.000903123541924229 7.121323638012997e-05 0  0.003568314510968828 0.00020044252774307 0  0.003383306996350856 0.0001090347381595898 0  0.003046245949930141 0.000447296460952437 0  0.002748741072928587 0.0004512953298615809 0  0.002781880644696892 0.0004203022687979324 0  0.002739379497574679 0.0004076601030040255 0  0.002558938840640445 0.0002126632308059219 0  0.002448630415017378 0.0004455701465090071 0  0.002482818950972392 0.0004154385654525695 0  0.002444457838788185 0.0004012564931380637 0  0.002231164909974098 0.0004176009622814758 0  0.002265253283137813 0.0003885343449614067 0  0.00222434892230087 0.0003767131068698482 0  0.003957228845615916 0.000436331586228883 0  0.001022805334109489 1.099570480977502e-05 0  0.001002154859007787 2.669403537575166e-05 0  0.003493233432312776 0.0001956183661405753 0  0.003842252960753278 0.0006194655519343962 0  0.001854457161349798 0.0004086708755307105 0  0.001891363672961433 0.0003810878938876185 0  0.001848806290742385 0.0003645820879126503 0  0.001731752078470593 0.000401789500114573 0  0.001768657457908899 0.0003748227947900704 0  0.001725572365605481 0.0003578794090392921 0  0.001761623981958893 0.0003314663353922224 0  0.002483904124432518 0.000207662627583932 0  0.003307702868831107 0.0001012653611149769 0  0.001284618722491502 0.0003775003452184485 0  0.001320551906562059 0.0003533636240707562 0  0.001282430733446465 0.0003343589568502404 0  0.001317348895343456 0.0003109417532368499 0  0.001355145131686301 0.0003293733880885771 0  0.001607050353974135 0.0003934934524769537 0  0.001643782684110316 0.0003667824655138261 0  0.001602656684128127 0.0003496102165647747 0  0.001084178353693912 3.647846288483636e-05 0  0.00342107740979374 0.000196077766933669 0  0.002824269875945882 0.0004322421592714724 0  0.0008085362995127676 0.0001147192006835018 0  0.0007736255155831452 0.0001316185357125839 0  0.002525351557095621 0.0004289756423216797 0  0.002516078270049564 0.0003861037171180335 0  0.002557396850299565 0.0003991986829701956 0  9.129063337793815e-05 4.976480672374872e-05 0  0.0001589191058632517 0.000331814459236828 0  0.002306879343616878 0.0004025579975119031 0  0.001438206464286733 0.0003591618028302571 0  0.001444870782473052 0.0003117695640616432 0  0.001522931764288435 0.0003128355959394921 0  0.002408867964311698 0.0002026861301857836 0  0.001933105429043252 0.0003972283353489871 0  0.001926339367486607 0.0003540630088810672 0  0.001966893876579474 0.000369740706099426 0  0.003194620923235661 9.823105388286768e-05 0  0.0009681568467423164 0.0004431449355556714 0  0.003343940869333754 0.0001921383384788639 0  0.001338554855668835 0.0006353723420012771 0  0.001291959363010091 0.0006120069470144989 0  0.001385556813825067 0.0006586806925034353 0  0.001428427402781777 0.0006303929833361831 0  0.003294406784899664 0.0004251831381422871 0  0.003336794917423097 0.0004339875923780723 0  0.002333830390773685 0.0001977370385974344 0  0.003511697299270488 0.0004311825706693879 0  0.00355401023780416 0.0004391373178994927 0  0.001062951862454918 0.0005303534003697394 0  0.003270506154436735 0.0001887368532361074 0  0.0009816606041355863 4.914990716392575e-05 0  0.001295481955399326 0.000662855890495698 0  0.001249068261804709 0.0006402501021481456 0  0.001639833376131635 0.0003238144157394996 0  0.002258791437888774 0.000192818578249706 0  0.003083261309457344 9.583749261276117e-05 0  0.0002064429158551476 0.0005266811240667369 0  0.00319377016186404 0.0001859296303074482 0  0.0009436844948993151 0.0001115951616305255 0  0.0008876345575096294 9.313964958581781e-05 0  0.003728898605331495 0.0004321334550902597 0  0.002451842921668968 0.0006723350453096132 0  0.0008131847621849013 0.0006465720300533012 0  0.001245374584673869 0.0005888219631144285 0  0.001006287534883232 0.0001846110534227488 0  0.000447468569906733 0.0002794424818231867 0  0.002183751143108503 0.0001879338919820286 0  0.003855646292134685 0.0005340342820217181 0  0.003838438727091688 0.0004885998120445794 0  0.003118139312571944 0.0001823320468775608 0  0.001433399785496475 0.0006825185187737968 0  0.001477966911808721 0.0006512700118799625 0  0.00201499002832653 0.0006035214119479781 0  0.002023602795194402 0.0006553481793650891 0  0.0006748356757352771 0.0006194598663476921 0  0.002813891221467585 0.0003901736334166976 0  0.002855062608915816 0.0004016690566931523 0  0.002298455352157367 0.0003601880516050237 0  0.002338955133631841 0.0003737764283270831 0  0.002108709547055883 0.0001830860324717044 0  0.0008869482316966252 0.000258376515267709 0  0.003077757331422788 0.0004157463243153221 0  0.003119843295505859 0.0004264073142706741 0  0.003036012956777506 0.0004047332073093788 0  0.003045458157533519 0.0001794808884590321 0  0.001113150336946046 0.0006526616212973039 0  0.001837433070696442 0.0005802193599965988 0  0.001798079128363693 0.0006110693739395641 0  0.002875650181794116 0.0006172001336623924 0  0.002840011043914412 0.0006533950536963106 0  0.001709934052682756 0.0005723733308961013 0  0.001670452204030083 0.0006028156347816804 0  0.003272579542256769 0.0006315538594236182 0  0.001583179460538025 0.0005618212234438277 0  0.003492544132631269 0.0006360206268254506 0  0.002523535540934176 0.0006019373680814233 0  0.002570613278620714 0.0006168098841372661 0  0.00127950518963299 0.0002933594813118522 0  0.00124523737776219 0.000315405229400949 0  0.00300823685884422 9.279394252133336e-05 0  0.002033666693301209 0.0001782779551643625 0  0.002791271075675457 0.0006396114657424836 0  0.002798993047643417 0.0006978869646459968 0  0.002970435490136173 0.0001755846065646846 0  0.00371308428625683 0.0006381172951235986 0  0.002349979451555625 0.0006422665491865138 0  0.00125036256820313 0.0006984206598602532 0  0.000205701038001475 0.0006405369094558057 0  0.0001559220942078125 0.0006124055546742856 0  0.0001547991435963125 0.0006723372520500003 0  0.003853628045790432 4.729575723448393e-05 0  0.0009856375601098805 2.480527332705931e-05 0  0.002063256445320889 0.0006225287233521603 0  0.001958622628125501 0.0001735125117365887 0  0.0007643739721465001 0.0006674155616573643 0  0.001719501676370578 0.0003158669105623732 0  0.003679914287205677 0.0006766264499046419 0  0.003633926461253557 0.000663463790356443 0  0.002895412114702122 0.0001716892029275908 0  0.003252997261490773 0.0004155996176362491 0  0.002896248106570245 8.638341236502422e-05 0  0.001174239265528625 0.0001011596086197299 0  0.001599835046129377 0.0003076305382759174 0  0.001844368936525883 0.0006308120481396376 0  0.001716015600965302 0.0006229694972485932 0  0.0002508961902065411 0.000667436358825036 0  0.001883577400273731 0.0001687924441168576 0  0.001242680802371753 0.0002755454972282937 0  0.00121131266723437 0.0002969247332806809 0  0.002783089160126223 8.292295974666092e-05 0  0.002820353797647464 0.0001686435166710615 0  0.0006338203215364871 0.0001435780384861545 0  0.00253540908354797 0.0006520781290661162 0  0.002583429165074955 0.000668123221529425 0  0.0007494841818268335 0.0004585419053819514 0  0.0005372832116017521 0.0002383320692822895 0  0.001201679143350286 0.0006159966600393583 0  0.001813008559893486 0.0001643038020079635 0  0.0004502657369013971 0.0002233905938234429 0  0.0004032225205224417 0.0001943784517300775 0  0.0004495817064119809 0.0001688483027766923 0  0.0004042469886783161 0.0001380578587756193 0  0.002745230891584177 0.000166623960183228 0  0.001675516313686567 0.0006543682529833686 0  0.001629339127873948 0.0006330206280982219 0  0.0004005075606132828 0.0005229061022027219 0  0.0009327880028769506 0.0004221904281259864 0  0.0008930095121034783 0.0004451254000700505 0  0.003889566961284929 0.0004968896784247668 0  0.00394128269721465 0.0002168413232262301 0  0.003282013556190368 0.0003839001999199055 0  0.00173796653883905 0.000160462946054087 0  0.003554701398166082 4.992259840541218e-05 0  0.002670179976646933 0.0001632704763430748 0  0.001960805678089895 0.0003272447746670065 0  0.002000805882690298 0.00034134225567428 0  0.002009097696299285 0.000384691250839606 0  0.002040481513064857 0.0003571346850121455 0  0.001920567700082602 0.000312812087933418 0  0.003670265875413427 5.110055056638761e-05 0  0.00154714862950751 0.0005912006852843711 0  0.001504728172769986 0.0005730450750230019 0  8.841971091911758e-05 0.0007512211996585068 0  0.0001064267991370406 0.0003021996238465663 0  0.002671452564155834 7.887526088441428e-05 0  0.001804227923990291 0.0006632031932226145 0  0.001852605427901295 0.0006839117518386013 0  0.001662924836370015 0.0001566666436631132 0  0.002595128649594688 0.0001599277797615683 0  0.003909339939900603 0.0007474303755265024 0  0.0002567764492978359 0.0003872850435211732 0  0.0002080647807284357 0.0004144491806123069 0  0.0009718287671206362 5.025799574559259e-05 0  0.0009659515692842621 4.152220656656333e-05 0  0.0009776942358441726 5.852146528407062e-05 0  0.001582879162003657 0.0001498763773391841 0  0.002520080440497215 0.0001565992392750136 0  0.001351035510127439 0.0002890787237302897 0  0.0005397835155425273 0.0001383749567777106 0  0.0007572562197852015 0.0002742300512873205 0  0.002412221838265768 0.0007080074736107047 0  0.003469184083165266 0.0004235165044821114 0  0.003809785854391565 0.0006579948946691472 0  0.003860426967903059 0.000668643687980688 0  0.003439567493765092 4.870031119503349e-05 0  0.003773370694936441 0.0004427523116106963 0  0.002445028746151312 0.0001532852756076144 0  0.001506402687431844 0.0001447889552581156 0  0.0009909058775264996 7.052588561728675e-05 0  0.00259207120623551 7.645464089329964e-05 0  0.002745377545932916 0.0006721758122286886 0  0.00236997683186733 0.0001499890890568734 0  0.001431366589800822 0.0001412847586457794 0  0.0004909877478231541 0.0005175084427305407 0  0.003456838162076241 0.0006730200639947125 0  0.003409229261357612 0.0006617851862867571 0  0.002068183428942911 0.0006802090347031926 0  0.002118738644175633 0.0006467449348491025 0  0.002027052888181525 0.0007052790862426563 0  0.001061015842007783 1.821180583969827e-05 0  0.001140632493220754 3.829972071216789e-05 0  0.002889634035223558 0.0006675071919278048 0  0.002483271471711019 7.316016244460086e-05 0  0.003237132341023919 0.0006659995550435072 0  0.003186126895904768 0.0006558814757881115 0  0.00329127006792776 0.0006834476454410736 0  0.003138361099254203 5.199562114352918e-05 0  0.002294924761269395 0.000146712941075865 0  0.003871779321900065 0.0004499550387350912 0  0.001356330908976335 0.0001378300860934525 0  0.0009946120389399012 5.011616506976407e-05 0  0.003107474038060572 0.0003887362794060554 0  0.003145503302330012 0.0003985103367701538 0  0.0004444751820597906 0.0005994151795905619 0  0.0004426028564492198 0.0006551329137560779 0  0.00120700742139599 0.0001291320445905713 0  0.003728338720365688 0.0006900442308299285 0  0.001199514525626142 0.0005645340278310663 0  0.002370509852882434 6.916380130954651e-05 0  0.003499597138043277 0.0003941822900498803 0  0.003253341682043805 5.417274926932059e-05 0  0.001010999013546422 2.791538764566263e-05 0  0.001007374895926569 1.861062860460176e-05 0  0.002219872596102671 0.0001434590535481148 0  0.001281295654377511 0.0001344263501749748 0  0.001030793189483514 0.0004119504106691703 0  0.002548567118931712 0.0003570673881655583 0  0.002588756998039593 0.0003704955243543036 0  0.002598393020627903 0.0004116109896787892 0  0.0026275671832956 0.0003779263876854549 0  0.002507408248855559 0.0003459814606378296 0  0.001095949980860732 0.000209372066965685 0  0.001108765953986683 0.0002382433198009661 0  0.001142969435113826 0.0002411139304173582 0  0.00111826776972116 0.000276627493518136 0  0.001077142047770853 0.0002350891097779949 0  0.001155707292324299 0.0002768822038108416 0  0.001140531633733869 0.0003056901604017381 0  0.000974983854668559 2.449144761599529e-05 0  0.002142356815567017 0.0001478776907138575 0  0.001722048314680277 0.0006725627685034667 0  0.001933597808646224 0.0006695565179919167 0  0.001027835458197186 0.0004565831424671946 0  0.002067857028158314 0.000140384671044113 0  0.0008764252581736122 6.860579215492527e-05 0  0.0008583273636089289 8.98762889093806e-05 0  0.001754355232473623 0.0002875803454450886 0  0.001794745576936427 0.0003065949252420773 0  0.003958399931383371 8.730119030250403e-05 0  0.002453982655428651 0.0007311386798605247 0  0.001992843107069318 0.0001375123892879817 0  0.003200631210433517 0.0007075483421456383 0  0.002727208609093229 4.450257804978802e-05 0  0.00226548537507659 5.738416922494786e-05 0  0.0009678816694685681 0.0004049268722624246 0  0.001123150392462402 0.0001392132389170991 0  0.001113180871453419 0.0001221378196070602 0  0.001094371608281149 0.0001221231159301492 0  0.001102977492108093 0.000104970374433625 0  0.001388131337843846 0.0003056529178226286 0  0.001381641736617728 0.0002626403834320608 0  0.001392903449739739 0.0003468878046292757 0  0.001917829898427698 0.0001346665201276744 0  0.00203378404014477 0.0003147447613064119 0  0.002072201108913718 0.0003310389577298936 0  0.00207953725396824 0.0003722787574286706 0  0.002111679796341095 0.0003458539354876378 0  0.0001108974961294485 0.0002507704240351363 0  0.001113386740130562 2.101561877032701e-05 0  0.0004512071664302436 0.0001147974883943297 0  0.0004065278890113401 9.094657926705626e-05 0  0.001135897766233034 0.0001223517349448596 0  0.001042894226604581 1.946524577876413e-05 0  0.003900685940887582 0.0006304058401227018 0  0.001842817372304705 0.000131848674590955 0  0.000919252362241539 5.197762805925329e-05 0  0.002842145486524849 4.569195467619004e-05 0  0.001074394254816388 0.0006776314809121613 0  0.0008120751577862162 0.0004909386182093679 0  0.003381529677146171 4.285494524276312e-05 0  0.003510045959953629 0.0006942586398807739 0  0.001763771113674856 0.0001285103963284223 0  0.003686408300775862 0.0004224811375172685 0  0.002957974826882184 4.699560976444508e-05 0  0.002182908192389808 5.976556130034283e-05 0  0.0009952804203803543 1.816019309808513e-05 0  0.001562846240192584 0.0003318946216880145 0  0.001560477567943581 0.0002919284571482797 0  0.001680752607722039 0.0003407684271943073 0  0.001676612972641955 0.0003013074297283494 0  0.003696267895328076 0.0007282963574768144 0  0.002331813508298127 0.0003315632512581116 0  0.002368691796930428 0.000346375189348527 0  0.002379174614042077 0.0003867385740798414 0  0.002295400838932823 0.000318141632604577 0  0.002402288869665217 0.0003534670706912198 0  0.001688746058481763 0.000125107363311572 0  0.000933277208639491 0.0003797986942152601 0  0.0007922658005917397 4.486850074917795e-05 0  0.003657640396212403 0.000454156106214993 0  0.003651629230456729 0.0004127440940234598 0  0.001084435667448096 0.0001094507407608047 0  0.002070285779312567 4.637066197349111e-05 0  0.003940109881944319 0.0003918635745823145 0  0.00230999294429563 4.107733091267751e-05 0  0.00381977974166435 0.0004488141755068064 0  0.003332727428852189 5.740211630822007e-05 0  0.00211678440691773 0.0003856149096734985 0  0.002150945781762937 0.0003588235785876115 0  0.002143033232343623 0.000319034176021676 0  0.002176690512218161 0.0003310203938812162 0  0.001164735326076242 3.146342630658315e-05 0  0.0009919393677455975 0.000202032846135482 0  0.00101450972952249 0.000216666970257938 0  0.001015183787382694 0.0002413157495745399 0  0.001032222791962688 0.0002288214437477451 0  0.001612886975496381 0.000121237130931733 0  0.003496903646946789 4.34573291609872e-05 0  0.003439477095508518 0.0004565171650966172 0  0.003429338786053295 0.0004213049053045474 0  0.001636543777524903 0.0002779944495684447 0  0.001064933519692955 0.0002088722298621043 0  0.003222403294268475 0.0004462144615936067 0  0.00321674484652853 0.0004089064194847352 0  0.003612378186456493 4.4744200884258e-05 0  0.0008542864272463857 0.0004671349830021928 0  0.001039519577263813 0.000251161694348127 0  0.003003598783747573 0.0004358806449397625 0  0.002996557022198568 0.0003977034002419458 0  0.0006831729752212023 4.803283355515615e-05 0  0.000712325942079563 8.982052382402306e-05 0  0.001522254713359431 0.0002686116166219746 0  0.001482998898156146 0.0002941200859807547 0  0.001447343626510946 0.0002745257798558825 0  0.00270673795725346 0.000437064874783855 0  0.002697326737595442 0.0003943030575296707 0  0.002729725968124203 0.0003683758377823437 0  0.002690745439960982 0.0003486829355580532 0  0.00240100179019028 0.0004253432539915978 0  0.002190577526318039 0.0004065737305391129 0  0.001810843141712362 0.0003917063358553394 0  0.0004931782665261778 0.0006817897004344836 0  0.001543115622376059 0.0001212504844393971 0  0.0009258358605191061 0.0001324283612895223 0  0.001080897608294112 1.792887378249575e-05 0  0.002639488648872581 0.0004195372528276669 0  0.001210496392162611 0.0002577954369624614 0  0.001242351057311429 0.0002383875941667907 0  0.001062572926234879 0.0004817170165270249 0  0.0009366216635561691 1.625340980136421e-05 0  0.000945824768441184 3.135375451847908e-05 0  0.002065253074042823 0.0002903323844807418 0  0.001989289383377198 0.0002944241891406699 0  0.001956814906917567 4.551575939401023e-05 0  0.0009879257808627939 5.447059642112661e-05 0  0.001210099092486582 0.0003375559085044492 0  0.001021286322294183 7.919952798980136e-05 0  0.001025606387361705 8.90146719541721e-05 0  0.001037454629346858 8.988555427677899e-05 0  0.001031086287771829 0.0001001121408226913 0  0.001044394360513688 0.0001004732235864617 0  0.001038178091063672 0.0001117706806354533 0  0.001023124733201026 0.0001102147088466951 0  0.001052405851676374 0.0001118991206581474 0  0.001058305264522707 9.736150694251929e-05 0  0.00104402132015932 0.000124674967977558 0  0.0003530072388567914 0.0001056097125687417 0  0.00146885623291753 0.000118765773931225 0  0.002429038169244817 3.85815442162878e-05 0  0.0008847198063695581 2.258536157391836e-05 0  0.001116736527666193 0.0007058470613988737 0  0.001161872102511226 0.000676090032445558 0  0.001175062557472044 0.0003133858411457451 0  0.001143769677887369 0.0003431418886928572 0  0.001632266665530129 0.0006867875082962698 0  0.001582115940398281 0.000665763943190705 0  0.001594009083487541 0.0007162705257250991 0  0.001067280586954411 0.0001114704656949906 0  0.003911472615776675 0.0004243431037125161 0  0.001393830327121221 0.0001155124093085784 0  0.001009389836320927 0.0001353151331413939 0  0.0009921542837908366 0.0001336413021677817 0  0.0009997341888785449 0.0001181865326829931 0  0.0007512368950403608 0.0002260907171049476 0  0.0007886800119171426 0.0002462651018178915 0  0.003945956292986425 0.0004991815091175331 0  0.00354035751234147 0.0004004383623003428 0  0.00357947207550845 0.0004060632368214982 0  0.003594127933072661 0.00044265795374261 0  0.003602717514774869 0.0003705707941597721 0  0.002136672654122392 4.174935813603016e-05 0  0.003206098284671208 4.791750549745533e-05 0  0.003158839597697748 0.0004353490741031411 0  0.0007592118346350283 0.000173344429350068 0  0.000712711060132223 0.0001581861141381588 0  0.002844005315385369 0.0003579137439767684 0  0.00288355267898682 0.0003746514630358593 0  0.002895541665457929 0.0004130787997739984 0  0.002924154113335972 0.0003837183940657563 0  0.002936300093141648 0.0004226146742339576 0  0.002797895029270377 0.0003493511068585565 0  0.003422640545361087 0.0007133609095282715 0  0.003066705592992992 0.0003703719770254525 0  0.001165353822605876 0.000211472176307877 0  0.003733507071156964 4.708263700575272e-05 0  0.003795908134679998 5.244590896790027e-05 0  0.0004431629879645402 0.0007121871561762504 0  0.0005472637185242799 0.0006988862748688121 0  0.0003938028389311339 0.0006858251055076213 0  0.0003442581748121809 0.0007128884550331605 0  0.001694112910945758 0.0004295387252025152 0  0.0008697936657568925 0.000120960100160208 0  0.001808605741406209 0.0003475715348829192 0  0.001839544521792261 0.0003154756419719868 0  0.001883892073215541 0.0003373626987977848 0  0.0008656928128436474 0.0007502717597835116 0  0.0008949272948236371 0.000700681270987512 0  0.0009513068164133602 0.0006989237213221784 0  0.0009215750226236445 0.0006541713453766568 0  0.0009963577893170662 0.0006879883269450531 0  0.0009901952784455677 0.0007428800496738939 0  0.0008686805123538691 0.000654337201394144 0  0.0013188045002521 0.0001123046161388873 0  0.0007454278155047639 0.0007524596298862084 0  0.003913190482651641 5.093269202281227e-05 0  0.00157007799610236 0.0004196636742112952 0  0.001243557520733536 0.0001093282396309357 0  0.003326185824767373 0.0003882795537314948 0  0.003366430255260227 0.0004012464046690131 0  0.003383346960909584 0.0003616525891436923 0  0.003376696179306082 0.0004445984339068709 0  0.002477507542696211 0.0003724909873296951 0  0.002256774756985254 0.000342914488215077 0  0.0007635939330448403 0.0005084707406497571 0  0.0007696930805419415 8.845113508986147e-05 0  0.003961188365128812 0.0002620418803263739 0  0.003918507545666106 0.000247681504068968 0  0.001880725707104844 0.0002951276774798883 0  0.001849303284608464 0.0002781065982866353 0  0.0008370443554505454 0.0007005318312112627 0  0.003570218939024051 0.0004799576111585904 0  0.00108512491380994 0.0001387103248997392 0  0.0008216149310490816 7.846952557563939e-05 0  0.001688822596529216 0.0003843156240338091 0  0.002770255056315294 0.0003798448004726637 0  0.003790377488395049 0.0004826684775407023 0  0.003351879563988651 0.0004775887346046198 0  0.0005642250411082429 5.03870948495291e-05 0  0.0005936388218146503 0.0001056097394459747 0  0.001564234545078945 0.0003756711616230648 0  0.001143214806997954 9.883763104293509e-05 0  0.003548771784912873 0.0007469436107567081 0  0.003567438440378876 0.0006967478835237874 0  0.003305232485766439 0.000740984115668255 0  0.003342621965711238 0.0006961292542860924 0  0.001246719890894425 0.0004021072706295249 0  0.003076330040824187 0.0007482806792948966 0  0.003046095505369906 0.0006992736494724682 0  0.002989738965657623 0.0006980088993878117 0  0.003020192083700342 0.0006530506889437247 0  0.003073929506119183 0.000656035667036503 0  0.002958001564403322 0.0007482603476772698 0  0.002971110820605661 0.0006454063514920378 0  0.003103174347579373 0.0006978792251307558 0  0.003128526260230961 0.000648337206208487 0  0.0006541830314300157 9.517478820176911e-05 0  0.003021842676299992 0.0003647451795927431 0  5.93277582291718e-05 0.0002752315905815075 0  0.0001071920953456158 0.0003597263053619908 0  0.001017036502517904 0.000501684530144099 0  0.001101578606176051 0.00050388054460031 0  0.00283652385767607 0.0004764796418882042 0  0.001312217662002092 0.000273159389454943 0  0.00106774611495415 8.509380926261537e-05 0  0.001702586055918511 0.0007526523418876533 0  0.002553338635322651 4.443720459784131e-05 0  0.002536173123777229 0.0004739677193430946 0  0.002317378920121928 0.0004470535964115316 0  0.0007500887709024403 0.0003222956205178305 0  0.001941261425851586 0.0004424499686307232 0  0.000626865671641792 0.0007482969908188398 0  0.0006561922631545527 0.0007019352418921255 0  0.0007166883291077532 0.0006988665672555805 0  0.003850526908558399 0.0007522563126657924 0  0.001817227843388547 0.0004371479274925625 0  0.001086496183327838 0.0002987071313609471 0  0.0008928030893225127 0.0004907688684465913 0  0.0008574834291948251 0.0004241405684490947 0  0.001021848390117863 4.332978284074659e-05 0  0.001025812652727842 3.498979101820062e-05 0  0.001036808460911789 3.242878329295175e-05 0  0.000971416060059675 6.985095302236148e-05 0  0.003667568875788144 0.0004988059377691318 0  0.001068100989178053 4.059629625118922e-05 0  0.001289872579484824 0.0005622341189411333 0  0.001365749953289703 0.0004164608181164074 0  0.001445876877567537 0.0004086712540329479 0  0.001401630824525089 0.0003898385387383551 0  0.001488921465861144 0.0007099132575384207 0  0.001436233002084576 0.0007367539866266375 0  0.002832504447579961 0.0007494209372938379 0  0.002774348914504183 0.0007529072628194584 0  0.002657156009994414 0.0007496996602735817 0  0.002694002876300991 0.0006996839123467116 0  0.002601521943342651 0.0007505346018548478 0  0.002020086363585631 0.0004286061624308501 0  0.001222037794855512 0.0007501176376716614 0  0.001280722005407991 0.0007503183864117534 0  0.001811953017205554 0.0007153920993991659 0  0.001857529352527224 0.0007380345298784472 0  0.001528273450574403 0.0006693656318875915 0  0.002239399528325302 0.0007490807800824642 0  0.0022683194396796 0.00069906886484695 0  0.002211872096599952 0.0006990268489395594 0  0.00223981368528838 0.0006511834138792235 0  0.002183384050656711 0.0006500614499110295 0  0.002213229152981515 0.0005959287236029353 0  0.002322829445082614 0.0006958527220131403 0  0.002156910540429625 0.0006966764980451929 0  0.002159935935176932 0.0006032518402647664 0  0.002362507595701444 0.000742774824644226 0  0.002293327910501479 0.0006510252464081509 0  0.003953857515718214 0.0006080746761472631 0  0.00219572269755176 0.0004488538597827173 0  0.002411091347426347 0.000475890260596719 0  0.002713442530058437 0.0004834391719063817 0  0.002573102887379481 0.0003310977578681848 0  0.002611604430368826 0.0003367342382886575 0  0.003944339248689949 0.0003050110719893035 0  0.003012552651188351 0.0004800946438678698 0  0.001917687562042609 0.0002763644809609957 0  0.00323077637991379 0.0004908190735074041 0  0.003449074482646627 0.0004981519611199711 0  0.0001049163796852637 0.0006391856147638003 0  0.000105340569994302 0.0005825699872137809 0  0.002628484248500069 0.0006937278846577212 0  0.00266107580714972 0.0006498466494177803 0  0.0001525008595147333 0.0007379117126938815 0  0.0001557830922468699 0.0005548033953802689 0  0.0001565521207307339 0.0004974471002185856 0  0.0001058940951732177 0.0005262607321124648 0  0.0001067083686725205 0.0004687538899859635 0  0.0001571799079622834 0.0004420732067541459 0  0.0001484164806716363 5.082874448643365e-05 0  0.0001189896505793516 0.0001015837832510012 0  5.496710851564846e-05 9.501000512572946e-05 0  8.806036445858662e-05 0.0001468528179597646 0  0.0001529733926153511 0.0001569799329886022 0  0.0009926734622268535 0.0002578341475745169 0  0.000177493459238314 0.0001019191286962549 0  0.0002360972564484001 0.0001003453668424822 0  0.0002657387919493548 5.099256570658181e-05 0  0.0002927221658793359 0.0001010766796258714 0  0.002181967002118199 0.0007491300080330599 0  0.0009399218155107306 6.052803086730146e-05 0  0.0009509224483858698 5.196111599485982e-05 0  0.001085432141887726 0.0002665620861060922 0  0.0002690334229412178 0.0007548355489088838 0  0.0006694286433034172 0.0004654613961493406 0  0.001997314645249165 0.0001755224683560001 0  0.00207280945126415 0.000180040883214652 0  0.002027998836572321 0.0001408080211848186 0  0.002146244485694777 0.0001855040889470822 0  0.002104077991738834 0.0001453956756668759 0  0.002221284731849006 0.0001903711072439891 0  0.002296323628402398 0.000195273444837225 0  0.002371361138095453 0.0002002080021582 0  0.002446397227085788 0.0002051715931602113 0  0.002521431865140044 0.0002101609531312718 0  0.002596445534168537 0.0002151717518551093 0  0.002671478844838378 0.0002202026035704027 0  0.002746465549810126 0.000225954274636101 0  0.002821483620900046 0.0002312368755988244 0  0.002840170017966124 0.0002012023202045345 0  0.002896523054424253 0.0002361290133398139 0  0.002915223444028616 0.0002053648941119592 0  0.002971565415574483 0.0002409686587952538 0  0.002990270483759291 0.0002096624904344206 0  0.003046606271338139 0.0002458098349109871 0  0.003067574073795923 0.0002143118014898987 0  0.003121643391134909 0.0002506668706742992 0  0.00314190855691599 0.0002190700514739689 0  0.003179406082382934 0.0002215007131533308 0  0.003196554731067042 0.0002555876536005847 0  0.003216923141858538 0.0002240325458456988 0  0.003252726912837347 0.0002231556121227073 0  0.003231812015276732 0.0001887801070849273 0  0.003290161200461566 0.0002248445831331074 0  0.003270900591433569 0.0002588590167639533 0  0.003329681166849929 0.0002285632291758708 0  0.0033470742609595 0.0002645693604133173 0  0.00336849222516102 0.000233095964433623 0  0.003407865265359381 0.0002364755169109299 0  0.003381899739961919 0.000197096903300417 0  0.003445677423913969 0.0002230160815910745 0  0.003496702375615963 0.0002761736251010856 0  0.003521042644332804 0.0002469469930103577 0  0.003559114323369934 0.0002496246289602652 0  0.003572416291523343 0.00028120339345336 0  0.003596821490447251 0.0002520710893913812 0  0.003634247632829945 0.0002543271352473657 0  0.003647453398770773 0.0002861187077147028 0  0.003830810329081033 0.0002106796968846889 0  0.003807122095392184 0.0002413882925761993 0  0.00376900651472119 0.0002365848375135806 0  0.003843164735133924 0.0002422432907579505 0  0.003721600423336092 0.0002909944942503383 0  0.003708383315507801 0.0002587046891787768 0  0.003672387980868609 0.000256973314601007 0  0.003680863242300322 0.0002048982732165308 0  0.003796734128709463 0.0002963714916704098 0  0.003605830544441207 0.0002019320587720569 0  0.003530839408052106 0.0001977944330554537 0  0.003871714303562558 0.0003016056933639278 0  0.003478093804537306 0.0002438919741775657 0  0.00315622732287371 0.0001842188220547368 0  0.00375522694224373 0.0002055694482729049 0  0.002783510429863205 0.0001679675043322121 0  0.002708438051545493 0.0001647246094183521 0  0.002633376854822417 0.0001612680216561052 0  0.002558317247092119 0.0001578239760788459 0  0.002483256944665543 0.0001543961178013522 0  0.00240819395549741 0.0001509844525157187 0  0.002333130433372898 0.0001475925187670927 0  0.002258066468788905 0.0001442226604964515 0  0.0021825915534147 0.000142151864234835 0  0.00195533667860345 0.0001360791157647962 0  5.020895484384347e-05 0.0004305921340129805 0  5.015423126082381e-05 0.0004868252271671269 0  0.002052233105874874 0.0005717327646542286 0  0.0001584931306892938 0.0002190576918867111 0  0.001042886114587705 4.18457871428446e-05 0  0.0009028451996784459 0.0001158556653196923 0  5.002115723439773e-05 0.000600943860282937 0  0.0009280701717989531 3.287949874843202e-05 0  0.001027040782898499 0.0001868164489277943 0  0.001842312333416402 4.207787955922868e-05 0  0.001245378068091873 0.0003580702879839701 0  0.002361891690134355 0.0003065220612756763 0  0.000260167803962814 0.000155729558677815 0  0.003133108086564558 0.0004696451683146236 0  0.000256584584516635 0.0004986633752279468 0  0.0005834870943523291 0.0002674799007381667 0  0.0003995895422968855 0.0004685810433249839 0  0.002467822872496556 0.0003289221112054012 0  0.003104356892528521 0.000216837439247074 0  0.0003049705278541097 0.0003599564592190858 0  0.001421528407970377 0.0005794580612858186 0  0.0005825359608874531 0.0003657707283192128 0  0.000300780575457067 0.0006392410341020743 0  0.001065208174010034 0.0001871818347447667 0  0.0004469530391781461 0.0003345154321177426 0  0.00110044922122037 8.706337580922908e-05 0  0.001319861791118861 0.000219383428501034 0  0.001395464483428552 0.0002244795824427447 0  0.001467354497553781 0.0002254419986353141 0  0.001542265671925467 0.0002323093396020772 0  0.001617002658586884 0.0002376249354624018 0  0.0003544850275464448 0.0002214461476048284 0  0.001693015826018495 0.0002414673461730143 0  0.001767453237937276 0.0002467969907929783 0  0.003089919072741917 4.760178523676003e-05 0  0.003038857272717638 5.050054740627627e-05 0  0.002140148030073449 0.0002770584051511551 0  0.002217114220128046 0.0002743344993967546 0  0.002233593417397602 0.0003101676314831728 0  0.002289429679119772 0.0002803119498355323 0  0.001922242193471456 0.0001712443860484493 0  0.002442076720205908 0.0002901376518756106 0  0.002517243591957704 0.0002941165696465458 0  0.002667124627562166 0.0003051711374921381 0  0.002742467775867305 0.0003089511545122899 0  0.002892274324484669 0.0003194998415480412 0  0.002967359981003769 0.0003248195628516064 0  0.002865932259957071 0.0004427951186600583 0  0.003117351367098167 0.0003342310002059446 0  0.003192332885537013 0.0003395571154027968 0  0.003266719824231999 0.0003464606080945528 0  0.003305217887676124 0.000350134770587997 0  0.002567079071071519 0.0004411994168469275 0  0.00235128149746493 0.0004161534259883265 0  0.00371747867028056 0.0003702580158948603 0  0.001976104656925346 0.0004136287215863192 0  0.00124798749392371 0.0005388558039205303 0  0.003761820108820118 8.960788088766014e-05 0  0.0009204956224490714 0.0003417010360673668 0  0.0009513080198598639 0.0003491778591462107 0  0.0002068892238154816 0.0004703354581866698 0  0.001358762369813679 0.0003721013710589122 0  0.0006261732023744781 0.0003423681860368224 0  0.0004927153636748265 0.0003096906143711943 0  0.002004707353795728 0.0005545550168223627 0  0.003749934716028051 0.0003769162454956277 0  0.0005377296968437138 0.0004919323467062933 0  0.0006728677819788724 0.0001754461087587556 0  0.003081599904474039 0.0001805414385608954 0  0.0008958716769014844 0.0004035331228334019 0  0.0003557680459666385 0.0001662446365220314 0  0.003827831404822301 0.0003829397478429419 0  0.002935918694132014 0.0006947675224076039 0  0.003905823040896024 0.0005418055100543787 0  0.0006281075262810605 0.0005960338958183297 0  0.003745641768005298 0.0002636756765298172 0  0.001415544388438753 0.0005290797666284228 0  0.0002567728552231694 0.0003319216039737442 0  0.001008118730701819 4.562997913543006e-05 0  0.0007139282520171417 0.0004893528652042249 0  0.001879107435068788 0.0001327457620706183 0  0.003881176581259538 8.927814509659601e-05 0  0.003832954603460443 9.432415695882632e-05 0  0.001012072712763714 7.749577375774539e-05 0  0.001014753749178196 8.702043348166001e-05 0  0.001017429672086241 9.802410286333856e-05 0  0.001009843000568237 0.0001075929596496879 0  0.00342200673902552 0.0002731477676515827 0  0.001621888622994809 0.0005332606654972037 0  0.001748218791049902 0.0005424820320408465 0  0.001983557811745534 0.0006876155096294792 0  0.001875359601876613 0.0005495331237560964 0  0.001497230095996718 0.000522190497113771 0  0.00129008636814172 0.0005138900479790228 0  0.002255309270390716 0.00055772997752928 0  0.002269666538828753 0.0006065384748788587 0  0.002476973394182058 0.000586804127202705 0  0.001105352716780263 0.0005527397954561367 0  0.001153437103274943 0.0005737239322536556 0  0.001136044960383267 0.0004751983385323518 0  0.002605967091739963 0.0005823764027830543 0  0.00138916195151726 0.0007115017542138534 0  0.00278083538211102 0.0005905167118977043 0  0.0002088586868023692 0.000359586814155125 0  0.0029095606540482 0.0005817291002827886 0  0.003082813455941649 0.0005808947423910028 0  0.0009161697255940268 0.0002459052649673246 0  0.0008911363857468471 0.0002260521343007512 0  0.0008591767535801589 0.0002378173359177161 0  0.0008354068246483014 0.0002099484111943179 0  0.003306063184380815 0.0005950687316335552 0  0.001342253844449219 0.0006869637833588116 0  0.00394188842451928 0.0001280674153312521 0  0.0007197002296793645 0.0006433258461298003 0  0.003903919657198029 0.0002135399498365494 0  0.00387298678775836 0.0005804199203640199 0  0.003523680163294802 0.0005980719541225184 0  0.001772543854271553 4.022029910224958e-05 0  0.001658017125908388 3.747110348225219e-05 0  0.003027447385113934 0.000211388042496046 0  0.0007097015976622986 0.0004384875100671713 0  0.001099360330301993 0.0004565920120634241 0  0.003744774138439716 0.0006002230756040738 0  0.003529224974047769 0.0003631187877635494 0  0.0006272257373514379 0.0002937558244171024 0  0.002026509901535011 4.196495213331926e-05 0  0.002347593388664983 0.0005868093429050318 0  0.001847831025945636 0.0001672312450554587 0  0.0006013760260733983 0.0007032396475582759 0  0.002697412923526922 0.000610940447736225 0  0.0009872292015237652 6.286741705163756e-05 0  0.003176375828642954 0.0006047918791239424 0  0.0009820800522560272 1.470251294623519e-05 0  0.003398021145542627 0.0006132625507962691 0  0.003868296903601742 0.0001270462970258061 0  0.0006289452007517185 0.0006531568820988167 0  0.0009856649121475717 0.0001193111551084867 0  0.0009747405474150358 0.0001108421654423743 0  0.0009729038203469215 0.0001285995051061713 0  0.002103145435406099 0.000307135853786619 0  0.003618003202100972 0.0006165130664967963 0  0.003322592307914512 0.0006423696829401257 0  0.003683424067644663 0.0001199297024401506 0  0.00304227827085194 0.0003298462859871333 0  0.003645913890384633 0.0001185061762605652 0  0.003570885334301603 0.00011576956394979 0  0.00353335334413483 0.0001148751363198748 0  0.003458322575037085 0.0001121432241004692 0  0.003420794626200405 0.0001111100456035538 0  0.003345839526958613 0.0001064601244237862 0  0.002424289450129113 0.0003228920828460061 0  0.001048436791181261 3.140322039387551e-05 0  0.001994543865634632 0.0007432524891071088 0  0.003270707507979155 0.0001001600027037404 0  0.0004916942224795536 0.0004662906645120416 0  0.003231459316321638 9.488095103487107e-05 0  0.003007271213535905 0.0001772255718186249 0  0.001142518243243816 0.0005283338005573551 0  0.003158284783505923 9.887996293640321e-05 0  0.003118123127493231 9.233423904505151e-05 0  0.003954758673823455 0.0007161979066788256 0  0.003046374531281403 9.404832443060017e-05 0  0.001800580992596602 0.0001308213117608032 0  0.002817229750559832 0.0003143033431187163 0  0.0009455956332392967 0.0001533651778165963 0  0.000856015574109702 0.0002733905763000558 0  0.001592120068908246 0.0002680057234670488 0  0.003908086933135152 0.0006917180849039893 0  0.002973223851160989 8.874303226804947e-05 0  0.001178463725331536 0.0003512042542557414 0  0.002934586057107528 8.535775542148436e-05 0  0.00291628205803175 4.555052586083621e-05 0  0.001015571497728892 3.675677145465746e-05 0  0.002858975032576174 8.508576082269563e-05 0  0.001166124130844538 0.0001291486793542532 0  0.002821055974019448 8.274108280291752e-05 0  0.0009183519028508366 0.000216571991861736 0  4.81870339496147e-05 0.0007136394576350886 0  0.003541347784793158 0.0006470622170497098 0  0.0001570136047222455 0.0003870773915940595 0  0.002633682247499454 7.529013492819459e-05 0  0.001275871565567752 0.0002572195912263132 0  0.000537357635999742 0.0006487404771393669 0  0.003640729540858593 0.0003734263553358481 0  0.001031755973732033 0.0003733020869806797 0  0.0001029509051163726 0.000413454366229225 0  0.003003200746249735 0.0006063680028005215 0  0.001147919444946172 0.0006239776083180815 0  0.002087546566579012 0.0005399038376906705 0  0.002952041712519221 0.0002069418089015913 0  0.002911629210682955 0.0004548639535183473 0  0.0001020308967167312 0.0006955769832958764 0  0.002522703435069461 7.414187245740283e-05 0  0.001775556617500666 0.0001621129317166669 0  0.00261293282844765 0.0004539122857364017 0  0.0005722582856540535 0.0007512380746065161 0  0.003703609840804026 8.417347601165787e-05 0  0.0008928252810809782 4.655667571518227e-05 0  0.002063600772410268 0.0007401726743244306 0  0.002221658082331076 6.096763216990994e-05 0  0.00162657748454114 0.0005818985993635976 0  0.001754419362819446 0.0005916337799786332 0  0.001882432155702276 0.0005986690777399521 0  0.00293221101668093 0.0001733626256770338 0  0.001920843064727424 5.162978049414103e-05 0  0.001724869285286877 0.0001275337718330027 0  0.0009358339458086279 0.0006079143153071044 0  0.001460392975716168 0.0005519362747893362 0  0.002488008515560299 0.0006372986100523562 0  0.002757182724376897 0.000342309680597854 0  0.00390185532534698 0.0003877190448707164 0  0.000448269433306488 5.488624161767278e-05 0  0.001886674685139228 4.254038890962551e-05 0  0.002743067834754013 0.000624009336300358 0  0.0005831553794597125 0.0003165387043039721 0  0.003244858115990277 0.0003776893681357355 0  0.001711874316387019 0.0002776870415372873 0  0.001732687705659088 4.270449865586022e-05 0  0.001807186604775864 4.764527167734801e-05 0  0.002501564501480666 0.0006996334316579406 0  0.000856526816539833 0.0003850575206283915 0  0.003423523960788876 0.0003563937022179891 0  0.0004455783764504531 0.0004925991447456281 0  0.002051356379244202 0.0003993674001764772 0  0.002877010580719701 0.0002025779003363534 0  0.001700411536496284 0.0001581931730083753 0  0.001621770295120983 4.338192587975226e-05 0  0.001693644461510595 4.55617180102397e-05 0  0.001585625714514263 3.68511392074217e-05 0  0.0007885569658423125 0.0003081868760573601 0  0.003308054481846997 0.0001915246142569932 0  0.0002036870632132872 0.0006967983985872881 0  0.001543984145488338 3.494712950260337e-05 0  0.003761280923477776 0.0006488190926739904 0  0.001243511711734693 2.711963768365933e-05 0  0.003455915241099415 0.0001922671632988198 0  0.002593699503101206 0.0003005497490314347 0  0.001103228674426229 3.809978514013128e-05 0  0.001076296714653482 0.00012420993001237 0  0.003152140129012658 0.0006905750198290099 0  0.002982727394857449 0.0003608938937316092 0  0.001042953490476704 8.099500450763325e-05 0  0.001028656819958353 2.357209402063375e-05 0  0.002922858008652331 0.0006335830507522111 0  0.0009822199074008794 7.053479306632986e-05 0  0.002857460762693123 0.0007033331196443409 0  0.001649688992884867 0.0001241833981857381 0  0.002857780668505902 0.0001704172164847329 0  0.002803413664889443 4.739446731940531e-05 0  0.002616871191852397 0.0006346852697572614 0  0.002102760181701333 0.0005897827238049922 0  0.003758904591000188 0.0001291448577340286 0  0.001196206791586297 2.630992806052683e-05 0  0.0008257979269970486 0.0002515154610020166 0  0.001177487236422445 0.0002461589553131029 0  0.001992391940548541 0.0002568449697958506 0  0.002650848174047343 0.00034126920946485 0  0.0009672240661357456 5.956775799818891e-05 0  0.001587620921198099 0.0006113822173466724 0  0.001036450088960302 0.000206697044490406 0  0.001017255559248459 0.0002693788385786144 0  0.001760888672717012 0.0006422886884077292 0  0.001104477611940298 0.0007568574814025555 0  0.002087119385696445 0.0004072695118874102 0  0.0008523861710657791 0.0006108662561979508 0  0.001889705577542902 0.0006509065620897057 0  0.003647794093492895 0.0007114342661423815 0  0.001622548531262801 0.000155414951939389 0  0.002803980526674478 0.0002004869923256488 0  0.003915453471880451 0.0004626181102679273 0  0.0009525435074877993 0.0001319302576643058 0  0.001058987099035078 0.0001252177180475794 0  0.001902659346753152 0.0007085481480886611 0  0.00382673214178883 0.0007052484058829004 0  0.001680263667157001 0.0007042377273265225 0  0.003195126743575777 0.0007607591587487699 0  0.002745360749408289 8.148592772573457e-05 0  0.002945602676653108 0.0003554885826447824 0  0.001075293715496215 9.749458004114511e-05 0  0.00101698098157908 0.0001216195701073631 0  0.00158035385197522 0.000114369530525791 0  0.0009457307678316306 0.0003212104682097083 0  0.002766271929640138 0.0001984004675044525 0  0.003492686959500264 0.0003567181479315638 0  0.0004459102204995465 0.0005454838818819927 0  0.0005015078695204979 0.0001012654543010778 0  0.0008209286570841745 0.0004049300230735363 0  0.002608969613990058 3.893539528855946e-05 0  0.00384419950277707 0.0004162234037875477 0  0.001210853245872779 0.0006684096219009917 0  0.0009622687937240399 2.850586236334665e-05 0  0.0009883060659990441 4.785509840023129e-05 0  0.00104723039717251 0.0001401152042776249 0  0.001123225167579767 0.0001075000854012071 0  0.0001053959087021759 0.0001996447002277345 0  0.003894038334446941 0.0002746758888959761 0  0.003880334766970827 0.0002440448567289473 0  0.003740437916191996 0.000753547779404351 0  0.001544051994362312 0.0001554502181604472 0  0.003777151678342828 0.0007010512986560984 0  0.002729133056444234 0.0001967294513743884 0  0.002547289452116925 0.0007006854637462805 0  0.0009683059092213356 1.383299471352333e-05 0  0.003050797994611144 0.0006147093550049581 0  0.0004896019114690078 0.0002519154810355842 0  0.001469187246041224 0.0006062164642638982 0  0.002412906596983649 0.0007563841956230911 0  0.0005374952118727921 0.0002871815954291273 0  0.003169095331653391 0.0003696066548712328 0  0.001948630173426838 0.0002938822683255018 0  0.002708059192628119 8.238892922478417e-05 0  0.001768213452464723 0.0006948920778042211 0  0.001506242408545087 0.0001117882740475427 0  0.001000690362658972 0.0003895652059450313 0  0.003800694593914812 0.0004161585619848793 0  0.002705343970006822 0.0006546356840287509 0  0.0004926075363156134 0.0002011201896766532 0  0.002691440384749618 0.0001945326026969015 0  0.001841535709009792 0.000246860464076016 0  0.003590040737708967 0.0006550996965214955 0  0.001210951903216142 0.0005135196165994764 0  0.0003996966189493806 0.0005761183256062669 0  4.720433666446141e-05 0.0003227798801461867 0  0.001030592752087248 0.0001217428006420657 0  0.001121816907452509 3.9488806520181e-05 0  0.001515315112030049 0.0006234191029763752 0  0.001468887602030039 0.0001514642077766655 0  0.0009940785134653146 2.736284419914214e-05 0  0.001061211811735656 3.232401327608392e-05 0  0.002654460526264375 0.0001930993731427634 0  0.003588872003375167 8.279857931578483e-05 0  0.003629731898008175 8.45829341001928e-05 0  0.0003982520979884279 0.0006296125671002122 0  0.001339436665088256 0.0002527267467819405 0  0.003207134218434966 0.0003722857659338778 0  0.0002069539910690942 0.0001411826755472883 0  0.002664473368691238 0.0003810316882201326 0  0.0038323175361381 0.0001324561747496915 0  0.001431368129967915 0.0001088845423496533 0  0.002198697018971339 0.0003044140010746476 0  0.002176885584695244 0.0005647906055469429 0  0.002616527378193766 0.0001906552683014665 0  0.00142894102280947 3.274164834269559e-05 0  0.001473114303503227 3.337684208674918e-05 0  0.002153805291685639 0.0003961153713160436 0  0.0009719041368293913 3.369976778339989e-05 0  0.002659108059720736 3.743039131202128e-05 0  0.002331518041003964 6.929119007711428e-05 0  0.003435949990878661 0.0007559657358332166 0  0.001359151863891953 3.158466098821997e-05 0  0.002958940028170058 0.0003936742766070153 0  0.002908638144444914 0.0003493106504394457 0  3.906215425249432e-05 0.0001432329514379054 0  0.002370225776113633 0.0006888388269772352 0  0.002762997280271105 5.12611865683178e-05 0  0.001991450636990551 5.150643094327758e-05 0  0.003131869125241233 0.0003642519514758015 0  0.001393858065179675 0.0001476751000385042 0  0.0009234135018481616 0.0001114844198779331 0  0.002109559053256669 0.000702547059850059 0  0.003916954131235405 0.0005836382916043567 0  0.002104889234028201 5.336141119883597e-05 0  0.002533444728354812 0.0003234759334641076 0  0.0004477611940298524 0.0007608427172752975 0  0.00257935124406 0.0001891117479049054 0  0.001201190945921134 0.0007071460934720674 0  0.002216712200895659 0.000339999317536928 0  0.00206747103893063 0.00025867804545044 0  0.003855207493093358 0.0002738794317940702 0  0.0004953448814961621 0.0001507135075477142 0  0.00147859693829735 0.0002571208052157077 0  0.0003467844101571497 0.000663526018428693 0  0.001356340647269931 0.0001058607677627464 0  0.003290714665294204 6.260004587925163e-05 0  0.002408067571936236 7.210209774297381e-05 0  0.0009603007361467077 0.0001144353340596491 0  0.001785090958679403 0.00027375140362882 0  0.002437828498055444 0.0003615612195744199 0  0.002185513372530218 0.0003682075831217934 0  0.0007763519221455025 0.0007127027534618929 0  0.002541291541800257 0.0001864423066507543 0  0.0009387201342549393 4.441368686376171e-05 0  0.0003760525528870406 4.610666319411857e-05 0  0.0009617860773580441 5.114094694836833e-05 0  0.0003274371810704337 0.0007594782276224218 0  0.0002955371328273331 0.0007023336672143839 0  0.001030255643568851 0.0006549003727393479 0  0.003408375128621297 0.0003870140454880521 0  0.003817110559232427 0.0002725818272251766 0  0.002312571685020324 0.0006115125666070481 0  0.003454384201782584 0.0003880289485708419 0  0.002674689095195114 0.0004217017963010072 0  0.003659177926081144 0.0007567420214411303 0  0.002503210011511093 3.691327174525078e-05 0  0.001318828712721189 0.0001439399976680009 0  0.002392266917496836 4.17308312822444e-05 0  0.003666589114450985 9.165856787579082e-05 0  0.00181681259322896 0.000761157774171916 0  0.001394763829675969 0.0007586521516605647 0  0.001083278473237142 0.0001909171301557601 0  0.001063220405335479 0.000255584428334271 0  0.001508352876933651 4.049202563966567e-05 0  0.0003134026632515656 0.0001450001634893505 0  0.0009902963354176881 8.233582434712941e-06 0  0.003475637788646299 8.034499948133969e-05 0  0.002556330155325525 8.184270842461166e-05 0  0.002503713065834274 0.0001843912202369348 0  0.0006869853360245092 0.0001306299937000248 0  0.003781044798295313 0.000269080891114024 0  0.001302313444760544 0.0007083670034762737 0  0.001280542488235231 0.0001028883935395828 0  0.001672733956678184 0.0002669276175046081 0  0.002971543071043556 0.0004223533677779354 0  0.0008965618039576473 0.0002002714759868344 0  0.003518293704675152 8.118202895212971e-05 0  0.001019406318128887 2.945075175785501e-05 0  0.0005458884908857127 9.25193638371735e-05 0  0.002724014367174331 0.0003349983914868854 0  0.003960929604218269 3.899856659786335e-05 0  0.00124512829992766 0.0001402070006173558 0  0.003734889265269108 0.000231435859739681 0  0.00246595247716506 0.0001820693518661388 0  0.003974381683042285 0.0003916859420153143 0  0.002367628648028845 0.0002766088597964045 0  0.0007358288188776371 0.0001266463410611679 0  0.003615247316363478 0.0004075978870920409 0  0.0006801593185736536 0.0006630727692524065 0  0.0008202738940385689 0.0004456657176461871 0  0.003368270371438856 0.0006524133147677025 0  0.003405264708226254 7.913828674425147e-05 0  0.002996198661335202 5.569072132609819e-05 0  0.001206544576745473 9.900896163662454e-05 0  0.001072473907236524 2.934929663105389e-05 0  0.001146947459313629 1.905592574893771e-05 0  0.001047530301490534 9.036203983218028e-05 0  0.003095860219310444 0.0006196587848056557 0  0.003917529967227174 9.327133123091777e-05 0  0.002445985943459537 7.234251135449958e-05 0  0.003925433693736127 0.0002787067328944004 0  0.001580408116599763 0.000761109542640491 0  0.003755253704649466 0.0004108905434751685 0  4.370569909620042e-05 4.317348012130716e-05 0  0.002428389254057722 0.0001800279402605556 0  0.001559281581901445 0.0002587693563945495 0  0.002873569463512092 0.0003438597907765283 0  0.003698026375904697 0.0002289123949436495 0  4.323743340271542e-05 0.0007574424803929905 0  0.001474561492457681 0.0007601897011123714 0  0.001242584280272236 0.0002068141069629667 0  0.0008656021404829046 4.198094958224004e-05 0  0.001178640007953884 0.0005336422959546041 0  0.001096560491555989 2.263652056872439e-05 0  0.001054561529872667 0.0002301155120788542 0  0.003975342684504354 0.000215081064507349 0  0.002390873349784684 0.0003229522472568438 0  0.002390549059736291 0.0001775370516697968 0  0.001003037682105805 9.188129653380081e-06 0  0.003173594913845178 5.9404828692051e-05 0  0.001314681572830626 3.080273400263127e-05 0  0.003660335286627315 0.0002271597767256848 0  0.0009819643313061792 0.0001446446323763987 0  0.001007132219293757 8.419299749980842e-05 0  0.000806504066534815 0.0002217766821888204 0  0.003255305091759724 0.0007089689002430194 0  0.001393839892434448 3.811505140354843e-05 0  0.0009556801630151478 4.037166931818734e-05 0  0.003796657880147218 9.017911562384255e-05 0  0.001186458947148113 0.000278015238054589 0  0.001005338683803679 4.162535272239783e-05 0  0.002352973283993524 0.0001754559803189931 0  0.003181632038296481 0.000403416408923672 0  0.002464241782650025 4.41994979521278e-05 0  0.003465051295900187 0.0007158989614205503 0  0.003384174717358643 0.0006970451024702285 0  0.003871022578257209 0.0007130593733919745 0  0.001410796219960422 0.0002831191276681488 0  0.001418793636850801 0.0002529280791034478 0  0.003960178283073761 0.0007613513380976693 0  0.0009986021637147994 0.0004282700630716459 0  0.003622789486207269 0.0002251540189113951 0  0.002494301565461073 0.0007579327503991226 0  0.002263659284074649 0.0003066573324445826 0  0.001815755171993278 0.0002776728097613858 0  0.003553221156930567 8.890958138859826e-05 0  0.003397152142908712 0.0004185492685015763 0  0.001077659643296348 0.0007219102806630361 0  0.003627727747843418 0.000440041657218316 0  0.0009748275213078801 0.0003708895113093921 0  0.001547406375329862 0.0007128555827993128 0  0.002877609852349446 5.254233074494921e-05 0  0.002691844087867934 5.198709273862134e-05 0  0.0009750813990346808 0.0003332935681919756 0  0.001730418187790526 0.0007163238755778048 0  0.002315015370421378 0.0001726907373400548 0  0.00099441942365151 6.469198502429035e-05 0  0.0023555045854518 3.6646346251048e-05 0  0.002746023682063738 0.000717135092044214 0  0.003878450225142278 0.0004150873948735194 0  0.00101033847816443 4.10205276095258e-05 0  0.0005767310167139935 0.0006659244210645458 0  0.003584894771561259 0.0002235377874322002 0  0.0008372289817230559 0.0001089418228192492 0  0.002496818605692479 0.0003167430062560613 0  0.003475382712361747 0.0002147905368834168 0  0.001279148099966053 3.529029298464571e-05 0  0.0002459432014435205 0.0007137063035172415 0  0.002277412649569308 0.0001705239490014127 0  0.003096966017659512 0.0003570625125061408 0  0.003715939711281498 0.0004022419104714337 0  0.001017065334615677 2.011149010356815e-05 0  0.002411215073551255 0.0003891241693984865 0  0.002167080225991056 0.0002996419682609661 0  0.0008515076606415933 6.323999789529746e-05 0  0.003441574598384087 0.000251707731217543 0  0.003547711670712206 0.0002210441682922659 0  0.001552094810741669 0.000632226316137143 0  0.003369733667506817 7.897804217572212e-05 0  0.001113918219469167 0.0003504023859261228 0  0.00397275517118053 0.0001306609269761959 0  0.002239870311175743 0.0001684827502215515 0  0.0008018806590880008 0.000682289388701489 0  0.003408576919235276 0.0004455781827163555 0  0.0009962554557382381 0.000463449811530383 0  0.0039748875288502 0.0003083199289742544 0  0.002587366473691846 0.0007088293384440174 0  0.0008946891557783305 0.0006233472049023415 0  0.002894633970027099 0.0007034762061996473 0  0.001896601279946248 0.0007591594765272786 0  0.002115687004025753 0.0004263769231763039 0  0.001949613776946358 0.0007107775676913784 0  0.001918031404601025 0.000245708434849945 0  0.003507717278718158 0.0002200144119266059 0  0.002296550725076654 7.282026886932581e-05 0  0.002202268126935557 0.0001666612444084829 0  0.001012861251634356 1.178119063426498e-05 0  0.001130550779746452 2.357201435032277e-05 0  0.001038933983190415 0.0007079807946281415 0  0.001448518002904976 0.0002467696201419164 0  0.003192627520426451 0.000433515635201123 0  0.002240387288641698 3.13207814803894e-05 0  0.001301507219122029 0.000244048506583389 0  0.0007843909931518418 0.000467274129124818 0  0.001111752806736309 0.0003153532737458758 0  0.002205270121834315 3.026635824037957e-05 0  0.001162655482191657 0.0003773684341353481 0  0.000779956549111374 0.0002098253792326398 0  0.003439917438375027 8.628737342492954e-05 0  0.0009920885875540275 4.497803238395174e-05 0  6.558089226980706e-05 0.0002285611583611109 0  0.0009999137837995405 0.0001042558797808936 0  0.002166238425962719 0.0001675687992203785 0  0.0009874174586649495 7.721426428105866e-05 0  0.0007953768348700481 0.0002764729569282824 0  0.003609548758465898 0.0006941450240261125 0  0.001413781213556682 0.0003227894348204086 0  0.001015245500802024 0.0001993648726468738 0  0.001090372916594952 9.622499947069675e-05 0  0.001034407998037756 1.080532656816749e-05 0  0.003065078079228381 7.040581115978219e-05 0  0.003355699396661254 0.000375079108365199 0  </DataArray>
</Points>
<Cells>
<DataArray  type="UInt32"  Name="connectivity"  format="ascii">1191 1509 1512  705 1332 1674  1073 1233 1556  1142 1379 1694  1115 1209 1795  1274 1445 1446  1103 1531 1852  922 924 1387  556 1269 1628  1287 1332 1674  1303 1657 1760  1183 1469 1908  416 536 1204  968 1411 1412  561 1245 1860  1073 1233 1557  833 1320 1881  543 1276 1294  529 1285 1288  708 1274 1445  5 7 2020  926 1678 1817  968 1411 1413  1190 1819 1980  720 1346 1876  523 1324 1428  752 1758 1996  275 276 1384  440 611 1292  905 1581 1582  1115 1209 2052  782 845 1811  1241 1407 2103  1190 1192 1819  752 754 1996  896 1728 1729  527 1257 1346  561 1245 1896  727 1331 1664  1094 1237 1554  527 1257 1345  515 1315 1880  845 1393 1811  720 1346 1930  245 416 1204  802 1252 1646  1199 1447 2084  1130 1365 1808  728 1389 1784  6 8 1249  1013 1586 1587  766 792 1815  408 802 1444  1191 1509 1513  885 1024 1326  1094 1237 1555  1214 1385 1776  490 1214 1994  695 1510 1715  490 1300 1994  1103 1531 1812  524 1240 1654  1025 1280 1281  1047 1283 1314  682 1358 1467  627 833 1881  722 1657 1760  1044 1168 1348  711 1335 1400  1148 1149 1346  1168 1751 1865  792 1339 1815  1157 1462 1943  990 1297 2043  543 1294 1804  1638 1662 1771  1032 1583 1585  716 1254 1648  1015 1428 1436  1032 1583 1851  922 1016 1387  1199 1447 1448  1130 1365 1910  714 1442 1459  873 1376 2170  1356 1706 1707  1142 1379 1890  1024 1326 1327  1003 1300 1770  240 408 1444  1389 1394 1784  1052 1337 1891  251 1855 1873  1000 1109 1282  1127 1529 1870  510 511 1461  857 1025 1280  1265 1444 1795  534 1364 1365  918 1172 1442  716 1254 1954  1161 1867 1888  1030 1385 1776  1310 1867 1888  1324 1428 2045  1125 1442 1459  488 1200 2078  1169 1336 1901  1107 1244 1553  524 1240 1837  1169 1336 1919  1529 1530 1870  1581 1583 1851  1032 1585 1587  1356 1707 1900  556 1269 1818  511 1461 2169  1143 1429 2074  1023 1255 1491  439 440 1292  1237 1554 1557  473 1247 1298  1145 1826 1846  513 514 1539  905 1581 1583  1290 1826 1846  1107 1244 1620  532 1521 1857  1263 1832 1906  441 1363 2070  1131 1783 1814  534 1365 1986  584 1446 2174  932 1541 1624  529 1288 1660  1275 1783 1814  1130 1211 1719  584 1445 1446  470 1296 1982  1025 1281 1325  1407 1432 2103  1120 1701 1748  488 1385 2078  626 1482 1793  1107 1620 1661  127 129 1423  1268 1701 1748  1256 1620 1661  1105 1279 1753  1168 1348 1751  682 1358 2055  1236 1342 1463  840 1267 1516  840 1267 1788  1482 1483 1793  1244 1553 1555  1228 1479 2163  1042 1342 1463  1241 1406 1407  1023 1255 2175  520 1832 1906  1073 1554 1557  1094 1553 1555  718 1314 1651  918 1125 1442  433 1832 2003  999 1001 1406  1109 1282 1283  554 594 1785  1198 1458 1752  843 883 1548  537 1396 1764  1585 1586 1587  446 1753 1923  872 932 1633  1520 1521 1857  515 1315 1644  1331 1664 1877  127 540 1423  540 1421 1672  1181 1361 1933  1181 1361 1947  1230 1231 1366  896 1729 1730  358 1243 2101  1228 1479 1550  358 1243 1927  1191 1513 1871  1315 1880 2073  469 470 1296  1842 2008 2011  1049 1655 1780  541 1904 2011  1056 1415 1433  1096 1494 1495  888 1458 1752  1120 1256 1661  450 1193 1266  1195 1693 1864  1149 1257 1346  1193 1266 1772  530 1462 1943  1213 1904 2011  276 1278 1384  478 1469 1908  1120 1256 1701  473 1247 2160  616 1531 1852  514 1539 2062  1099 1511 1515  1191 1512 1980  1264 1832 2003  1643 1992 2006  1292 1428 1436  1 547 1058  1456 1693 1864  1413 1414 2157  870 1293 1486  554 559 1785  536 1348 1751  1143 1429 1430  1130 1719 1808  523 1323 1324  1179 1299 1439  467 1825 1833  1016 1387 2045  711 1400 1984  1086 1731 1762  541 1842 2011  1579 1581 1582  1047 1282 1283  1210 1918 1920  1675 1686 2129  1214 1774 1776  712 1349 1631  802 1252 1914  443 556 1343  602 1379 1694  990 1297 1372  8 1249 1265  531 1638 1662  1200 1655 1780  926 1678 1872  873 1376 1757  856 1312 1526  1353 1356 1706  239 240 1115  1396 1460 1764  611 1292 1436  1013 1586 1588  493 1178 1311  485 1656 2051  793 1513 1871  1141 1319 1480  1351 1353 1706  272 273 1746  1168 1485 1865  1186 1373 1959  1186 1373 1978  558 1693 2147  848 1316 1525  1141 1319 1481  1399 1703 2087  1144 1421 1672  739 1010 1437  562 899 1306  1148 1346 1930  995 997 1334  709 1447 2084  529 1285 1632  1510 1715 1716  845 1321 1523  496 1153 1318  576 1291 1690  553 1840 2101  249 250 1305  1043 1579 1580  1131 1268 1748  1411 1413 1414  523 1292 1428  1062 1299 1439  1051 1576 1578  1001 1241 1406  498 1398 1399  1128 1427 1700  1131 1268 1783  1309 1880 2073  684 1499 1676  1403 1992 2006  1104 1399 1703  452 453 1262  139 141 1383  792 1328 1519  712 1449 1631  1535 1621 1622  558 1455 1693  1398 1678 1817  536 1204 1348  1686 2061 2129  576 1291 1679  1150 1499 1676  481 1869 1975  439 523 1292  885 1025 1326  857 1280 1443  753 883 1485  1242 1733 2139  1534 1535 1622  705 1332 1518  555 562 1306  1000 1282 1437  1051 1578 1580  711 1335 1401  438 523 1323  547 1058 1306  1527 1528 1627  1300 1770 2137  794 1333 1517  706 1414 2157  582 1528 1534  1228 1231 2163  694 1340 1341  582 1534 1622  856 1312 2142  1009 1011 1443  842 1527 1627  1051 1576 1609  750 873 1758  1174 1514 1927  582 1528 1627  842 1798 1812  365 1773 1819  1203 1416 1993  241 802 1646  1203 1416 2015  337 1284 1918  695 1510 1961  800 1374 1900  7 517 1225  1184 1497 2117  1153 1318 1952  1230 1366 2088  750 752 1758  800 1359 1913  162 399 2043  932 1541 1956  497 1153 1398  450 451 1193  870 1293 2107  242 410 1467  1684 1925 1928  556 1343 1628  1575 1576 1609  382 706 1414  1488 1677 1714  410 682 1467  1283 1314 2032  1387 1388 2045  485 486 1656  1184 1497 1936  1129 1925 1937  471 1278 1384  1578 1579 1580  1145 1275 1814  883 1548 1549  536 1751 2115  643 1677 1714  842 1527 1812  899 1306 1307  997 1334 1406  337 1284 2013  1226 1229 1550  1407 1431 1432  870 1382 1434  1145 1275 1826  1218 1420 2040  709 1245 1896  543 1276 2129  919 1129 1937  445 446 1923  1232 1911 1923  467 468 1347  466 467 1833  1174 1514 1974  739 1404 1437  995 1334 1478  1489 1491 1682  1218 1420 2031  802 1444 1914  1398 1399 1678  856 1424 1440  714 1323 1459  999 1334 1406  902 1731 1762  860 1062 1439  1115 1444 1795  1100 1500 1501  544 1935 2061  1552 1700 1741  530 1462 1806  1063 1575 1609  526 1431 1432  1223 1521 1877  872 933 1633  550 1512 1547  328 800 1374  1192 1773 1819  180 181 1587  1063 1639 1689  533 1394 1830  826 870 1434  1010 1282 1437  1225 1229 1315  1535 1621 1806  1178 1311 2025  547 555 1306  1155 1926 1946  139 542 1383  241 409 1646  250 251 1873  1063 1575 1639  883 1485 1878  438 439 523  848 1386 1634  10 1209 1795  553 1840 1922  1573 1639 1689  816 856 1440  1042 1342 1464  635 1367 2138  1314 1651 1787  350 558 1455  1183 1469 2026  1177 1267 1788  1255 1491 1682  441 611 2070  448 449 991  1375 1757 1759  1028 1152 1408  781 1465 1668  1342 1464 1742  1078 1740 1777  1056 1433 2141  325 426 2139  895 1250 1251  674 995 1478  859 1892 1913  800 1900 1944  399 990 2043  1173 1377 1378  694 1340 1875  861 1456 1807  1011 1280 1443  1226 1228 1550  1571 1740 1777  542 1380 1381  1128 1427 2162  1536 1800 1806  717 1325 1650  164 406 2074  400 990 1379  11 694 1397  1015 1436 2122  1641 1828 1926  896 1728 2034  781 782 1811  776 781 1465  530 1621 1806  1097 1810 1824  412 413 1350  481 482 1869  1326 1327 1991  1024 1327 2096  491 1273 1300  1638 1771 1998  765 1470 1673  722 1345 1760  1462 1800 1806  1161 1290 1846  1154 1155 1946  492 1178 1273  1569 1810 1824  1223 1339 1957  1324 2028 2045  818 856 1526  762 765 1470  1407 1408 1431  214 215 1557  1161 1290 1867  795 796 1405  525 1400 1402  1112 1845 1868  796 898 1405  1374 1375 1376  1429 1522 2144  511 607 2169  450 1266 2178  1023 1024 2175  494 1146 1311  480 481 1246  406 1429 2074  808 848 1525  895 1251 1435  444 445 623  705 1471 1674  876 1173 1377  468 1347 1976  828 870 1486  1223 1877 1957  552 1360 1546  663 739 1404  765 766 1815  700 705 1471  870 1382 2107  1567 1845 1868  495 1146 1318  635 1367 2165  1128 1700 1741  924 1387 2166  688 1499 1844  709 1245 2084  1231 1366 1367  1929 1955 2091  1099 1511 1974  792 1328 2012  725 1368 1370  932 1633 1956  482 483 1270  1351 1705 1706  657 740 1419  1388 2028 2045  784 845 1523  499 1104 1399  1179 1299 1935  2 328 800  718 1314 2032  1266 1484 1772  484 485 1277  1279 1753 2024  7 1225 2020  677 684 1473  1375 1759 2081  950 1319 1480  1152 1408 1431  694 1397 1875  982 1330 1438  824 826 1434  580 587 1472  1464 1720 1742  768 792 1519  1236 1463 2143  684 1473 1676  452 1262 2072  487 488 1200  437 714 1323  800 1359 1944  792 1339 2012  671 674 1478  1339 1957 2012  1294 1804 2046  490 491 1300  601 1918 1920  525 1402 1403  455 1855 1873  806 848 1634  814 816 1440  517 1225 1226  1018 1224 1425  1359 1892 1913  996 1028 1408  1376 1707 1900  702 705 1518  330 895 1435  451 452 1338  489 490 1214  390 711 1816  1071 1288 1426  707 1409 1433  1078 1573 1689  1225 1226 1229  385 707 1409  386 707 1417  519 1341 1802  1023 1490 1491  492 493 1178  1451 1454 1457  4 329 859  578 580 1472  691 794 1517  1410 1415 1433  1168 1485 1878  1464 1720 1778  1394 1438 1830  382 383 1414  1243 1840 2101  462 1847 1849  1009 1419 1443  1096 1494 1866  463 1838 1848  1078 1573 1740  1266 1484 1863  1108 1476 2000  1210 1284 1918  968 1412 1827  436 714 1441  494 495 1146  542 1381 1383  1043 1579 1581  273 1296 1746  471 1278 2164  832 1530 1750  1422 1423 2008  552 1360 2003  1173 1472 1850  349 350 1455  1251 1252 1295  1086 1199 1762  1861 1898 1971  583 1447 1448  496 497 1153  465 466 1630  497 498 1398  1169 1310 1888  534 1364 1883  440 441 611  711 1401 1816  499 500 1104  180 1013 1587  181 1032 1587  1409 1410 1433  710 1450 1451  1496 1498 1529  516 1417 1476  963 1141 1480  714 1441 1442  970 1293 1486  727 1331 2038  1169 1310 1901  1450 1451 1457  640 712 1449  1711 1773 2150  1417 1476 2000  1383 1804 2046  9 11 1397  724 1632 2044  843 914 1548  1453 1456 1807  1156 1531 1812  1454 1457 1458  1025 1325 1326  500 1104 1418  442 443 556  469 1296 1746  1096 1495 2117  753 843 883  1303 1657 2132  1129 1925 1928  955 962 1463  240 1115 1444  544 1686 2061  242 409 741  1062 1202 1299  1031 1140 1248  1541 1624 1915  1692 1909 1935  663 665 1404  1058 1306 2176  1327 1991 2158  657 659 1419  645 1720 1778  954 963 1480  377 538 1501  1140 1248 1291  1141 1481 1690  688 1844 1884  1077 1322 1460  184 185 1580  726 1520 1983  963 1031 1140  986 1998 2131  962 963 1031  985 1018 1425  1024 2096 2175  1200 1779 1780  852 970 1486  848 1316 2159  526 1431 1524  363 550 1547  437 438 1323  124 126 1584  425 426 1242  467 1347 1825  607 1540 1915  339 584 1445  874 876 1173  1003 1300 1994  988 1071 1426  1291 1679 1680  946 970 1054  1100 1500 1986  686 1623 1685  1157 1461 1943  1220 1520 1983  1232 1911 1966  399 400 990  388 516 1474  470 1384 1982  215 1237 1557  214 1233 1557  516 1474 1475  448 991 2155  343 583 1447  449 450 2178  833 1320 2021  557 1496 1497  1551 2005 2006  876 878 1377  0 328 1374  489 1214 1385  740 1419 1443  640 642 1449  0 1374 1375  1069 1394 1438  348 710 1450  1075 1077 1396  359 360 1514  627 629 833  551 1505 1506  468 1746 1976  352 1494 1495  997 1406 1407  518 1409 1410  216 217 1555  981 982 1438  1250 1251 1252  1274 1446 1799  486 1655 1656  1077 1396 1460  163 407 2144  491 492 1273  355 1496 1498  970 1054 1276  1155 1828 1926  916 973 1040  948 1272 1427  1040 1175 1213  6 330 895  954 962 963  973 1312 1526  1056 1415 1885  576 1690 1841  974 1316 1525  493 494 1311  652 1489 1491  532 1521 1877  984 1332 1518  980 1328 1519  979 1321 1523  401 602 1379  987 1333 1517  1037 1113 1144  436 437 714  907 974 1037  1153 1952 2017  1433 2000 2141  852 853 946  1451 1452 1453  1337 1785 1891  712 1349 1790  852 946 970  1052 1337 1979  1192 1711 1773  756 1023 1490  950 1272 1319  886 979 1075  742 795 1337  824 916 1434  1041 1380 1381  1066 1623 1685  495 496 1318  8 1265 1795  370 548 1468  845 1393 2033  498 499 1399  823 824 916  823 973 1526  831 980 981  1004 1449 1631  813 974 1525  559 742 1785  647 715 1489  1533 1536 1681  853 860 1439  803 979 1523  1038 1421 1422  351 558 1494  814 907 1440  1647 1954 2161  773 980 1519  985 986 1425  759 984 1518  359 1514 1927  1295 1371 1859  777 984 985  243 412 612  813 814 907  1265 1444 1914  845 1321 2033  1653 1837 2032  697 987 1517  948 949 950  354 557 1496  865 1427 1700  1172 1442 2037  129 1423 1842  957 1042 1463  905 1583 1584  384 518 1409  1062 1142 1202  1181 1336 1919  707 1433 2000  2 800 1913  774 776 1465  406 407 1429  988 989 1426  1075 1076 1205  1506 1507 1508  387 516 1417  799 987 988  1376 1707 2170  558 1494 1866  587 874 1472  426 1242 2139  1040 1041 1380  914 1269 1548  973 1040 1175  803 804 886  656 756 1490  1508 1509 1510  710 1451 1452  361 551 1505  1042 1464 1718  1068 1695 1756  685 688 1499  974 1037 1113  878 1377 1387  823 916 973  1506 1511 1515  982 1329 1330  746 995 996  538 1722 1732  1410 1411 1412  979 1075 1077  1069 1070 1389  981 1014 1069  813 907 974  683 998 999  1289 1998 2131  1037 1038 1421  1140 1291 1690  999 1000 1001  1001 1109 1240  734 846 1488  980 981 982  1306 1307 2176  826 828 870  773 774 831  1181 1336 1933  760 762 1470  954 955 962  803 886 979  1075 1205 1396  334 1163 1477  984 985 986  820 822 823  465 1630 1839  1323 1324 1459  1121 1122 1340  1507 1512 1547  1010 1011 1047  561 1450 1457  1153 1398 1817  1329 1330 1331  1007 1171 1466  816 818 856  981 1069 1438  1097 1571 1777  550 1819 1980  7 9 517  1047 1116 1314  773 831 980  1069 1389 1394  985 1017 1018  739 1009 1010  955 957 1463  1018 1019 1220  1505 1507 1547  566 624 1542  1173 1850 2173  987 988 989  1481 1690 1841  860 1061 1062  759 777 984  1018 1220 1224  759 760 777  995 996 997  810 812 813  948 950 1272  1317 1955 2091  998 999 1000  1272 1319 2048  697 799 987  1000 1001 1109  806 808 848  857 885 1025  1071 1285 1288  988 1022 1071  1071 1072 1285  1009 1010 1011  724 1632 2075  540 1421 2180  698 700 1471  740 756 857  1143 1430 1735  1144 1671 1672  697 698 799  1011 1047 1116  828 830 1486  674 746 995  1451 1453 1454  1301 1965 2149  1452 1453 1456  1028 1148 1152  725 1368 1895  786 788 803  782 784 845  668 683 998  1057 1488 1677  551 1506 1511  729 1460 1861  532 1664 1877  1505 1506 1507  1257 1258 1345  662 739 1009  756 857 885  776 779 781  1097 1571 1810  383 384 518  463 464 1838  518 1410 1411  385 386 707  1057 1130 1211  996 1027 1028  516 1475 1476  387 388 516  684 685 1499  996 997 1408  1028 1029 1148  846 1034 1488  867 948 1427  715 1004 1005  766 768 792  770 772 773  674 675 746  1004 1005 1006  656 740 756  184 1043 1580  185 1051 1580  248 423 1858  951 953 954  946 1054 1179  1287 1332 2131  865 867 1427  1091 1092 1121  1506 1508 1515  830 835 852  1040 1213 1380  1322 1460 1861  9 517 1397  762 764 765  646 715 1004  675 677 1473  1034 1057 1488  668 669 683  916 1040 1041  400 401 1379  126 903 1584  124 905 1584  1507 1508 1509  859 1859 1892  704 758 759  1509 1510 1513  1005 1006 1007  1006 1007 1091  1224 1425 1638  340 708 1445  488 489 1385  453 454 2054  957 959 1042  700 702 705  1037 1144 1421  950 951 1480  818 820 1526  907 1037 1038  867 928 948  1165 1536 1681  662 663 739  1007 1091 1466  693 696 697  740 857 1443  669 671 1478  689 691 794  808 810 1525  500 501 1418  344 709 1447  1260 1302 1303  874 1173 1472  722 1345 1988  784 786 1523  1149 1151 1257  822 823 824  685 687 688  886 1075 1076  1152 1431 1524  347 561 1450  383 518 1414  483 1792 2110  708 1274 2093  1276 1293 1294  1264 1360 2003  141 1383 1804  768 770 1519  656 657 740  677 679 684  1121 1340 1341  1076 1205 1206  552 1545 1546  353 557 1495  381 382 706  1702 1703 1755  401 402 602  217 1244 1555  216 1237 1555  702 704 1518  1092 1121 1122  812 813 814  356 553 1498  647 649 1489  671 673 674  379 534 1500  691 693 1517  909 1695 1756  1034 1046 1057  831 981 1014  420 844 1482  464 465 1738  435 520 1441  665 667 668  378 1500 1501  1410 1412 1415  483 484 1792  349 710 1455  1729 1730 1874  652 1490 1491  1070 1389 1390  949 950 951  788 803 804  1014 1069 1070  830 852 1486  475 476 1362  649 652 1489  659 661 662  338 339 584  435 436 1441  642 646 1449  371 725 1468  777 985 1017  779 781 782  340 341 708  242 741 1467  1202 1372 1890  342 343 583  1171 1253 1254  885 1023 1024  1239 1436 2122  1116 1280 1281  1007 1008 1171  951 954 1480  1019 1220 1221  659 662 1419  997 1407 1408  344 345 709  1017 1018 1019  388 389 1474  835 852 853  772 773 774  1583 1584 1585  653 655 656  346 347 561  799 988 1022  982 1328 1329  348 349 710  1190 1191 1980  350 351 558  928 948 949  351 352 1494  882 966 1044  1077 1321 1322  665 668 1404  1113 1316 1317  1175 1312 1313  764 765 766  353 354 557  1072 1285 1286  886 1076 1634  1105 1279 1948  646 647 715  354 355 1496  1022 1071 1072  652 653 1490  335 601 1477  379 380 534  431 552 1545  384 385 1409  386 387 1417  477 478 1469  356 357 553  758 759 760  874 875 876  990 1379 1890  360 361 551  527 1345 1988  794 1333 1965  361 362 1505  377 378 1501  1496 1497 1529  649 651 652  363 364 550  959 1042 1718  746 996 1027  533 1394 1784  1497 1529 1530  366 367 549  953 954 955  1108 1476 1734  371 372 725  696 697 698  1001 1240 1241  369 370 548  653 656 1490  1272 2048 2162  443 444 1343  683 999 1334  1302 1303 1304  373 374 545  246 420 844  1093 1656 1782  1029 1148 1149  376 377 538  1027 1028 1029  10 12 1209  562 564 899  1076 1386 1634  687 688 689  1151 1257 1258  451 1193 1338  856 1424 2142  1010 1047 1282  583 1395 1969  335 336 601  1220 1221 1520  679 684 685  1193 1772 1949  646 1004 1449  402 602 1516  863 864 865  1006 1091 1092  1079 1365 1808  673 674 675  1119 1643 2006  1599 1989 2009  1492 1504 2109  693 697 1517  704 759 1518  1533 1534 1535  333 334 1163  1186 1361 1947  667 668 669  589 591 1552  339 340 1445  863 1552 1700  397 1156 1531  770 773 1519  1260 1303 1760  4 330 1435  343 344 1447  360 551 1514  1508 1515 1716  430 431 1545  1538 1541 1543  473 474 1298  786 803 1523  4 859 1435  642 644 646  629 833 1479  1267 1516 1981  347 348 1450  810 813 1525  661 662 663  352 353 1495  820 823 1526  1109 1240 1837  355 356 1498  1532 1533 1534  1046 1057 1130  378 379 1500  403 840 1516  963 1140 1141  940 1050 1532  1597 1599 2009  390 391 711  486 487 1655  370 371 1468  1221 1223 1521  1186 1361 1959  721 1139 1637  0 1 546  1537 1538 1543  1122 1349 1366  441 442 1363  429 713 1537  617 747 863  1020 1538 1539  655 656 657  637 640 712  1005 1007 1008  545 1492 2109  329 859 1913  713 1537 1543  1050 1532 1533  524 1653 1837  542 1380 1744  731 1059 1645  651 652 653  745 882 2168  334 335 1477  715 1489 1682  756 885 1023  662 1009 1419  1213 1380 1744  11 13 694  1008 1171 1253  617 863 1552  1538 1539 1540  1011 1116 1280  716 1647 1954  940 1102 1532  1020 1537 1538  998 1404 1437  998 1000 1437  668 998 1404  970 1276 1293  591 617 1552  410 411 682  237 238 1420  1335 1401 1803  561 1457 1860  397 398 1156  717 1325 1991  475 2016 2116  396 616 1531  1448 2049 2094  519 1341 2069  1533 1535 1536  987 989 1333  428 1020 1537  1221 1520 1521  876 877 878  1104 1418 1702  720 1524 1930  1258 1345 1760  984 986 1332  427 428 1020  731 780 1059  804 806 1634  455 456 1855  1448 1762 2049  1061 1062 1142  1535 1536 1806  487 1200 1655  865 866 867  713 1543 1544  395 616 1551  644 646 647  362 1505 1547  980 982 1328  824 825 826  1263 1264 1832  1597 2009 2029  1102 1528 1532  412 612 1350  1102 1527 1528  395 396 616  814 815 816  1313 2105 2142  1285 1286 1632  527 1346 1876  396 397 1531  429 430 713  1544 1545 1546  1538 1540 1541  979 1077 1321  1528 1532 1534  587 605 874  721 837 1139  623 1343 1344  774 831 1465  804 805 806  986 1425 1998  1403 2005 2006  820 821 822  430 713 1545  1050 1533 1681  818 819 820  816 817 818  914 976 1269  974 1113 1316  362 363 1547  1390 1391 1392  850 1050 1635  850 940 1050  428 429 1537  780 1059 1132  782 783 784  431 432 552  394 395 1551  760 777 1470  973 1175 1312  808 809 810  413 1350 1704  826 827 828  806 807 808  810 811 812  454 1305 2054  434 435 520  903 1584 1585  853 946 1439  774 775 776  1221 1222 1223  784 785 786  698 799 1471  1597 1598 2029  747 863 864  1916 1917 1989  52 1107 1553  786 787 788  56 1094 1554  545 2060 2109  118 910 1577  60 1073 1556  64 1060 1558  1576 1577 1578  867 927 928  1102 1103 1527  766 767 768  68 1048 1559  910 1577 1578  72 1039 1560  76 1026 1561  80 1002 1562  937 1566 1567  86 971 1563  931 1568 1569  90 964 1564  923 1570 1571  94 943 1565  138 884 1592  903 1585 1586  917 1572 1573  98 937 1566  884 1592 1593  1594 1595 1602  116 118 1577  912 1574 1575  102 931 1568  106 923 1570  1591 1592 1593  871 1595 1602  142 871 1595  910 1579 1582  110 917 1572  392 393 525  114 912 1574  910 1578 1579  136 138 1592  776 778 779  887 1589 1590  760 761 762  120 910 1582  912 1575 1576  1286 1287 1289  884 1593 1594  52 54 1553  54 1094 1553  58 1073 1554  56 58 1554  62 1060 1556  66 1048 1558  70 1039 1559  74 1026 1560  78 1002 1561  60 62 1556  82 983 1562  64 66 1558  84 983 1563  88 971 1564  887 1590 1591  92 964 1565  96 943 1566  68 70 1559  100 937 1568  871 1600 1601  104 931 1570  108 923 1572  112 917 1574  791 892 893  72 74 1560  122 905 1582  76 78 1561  46 48 1120  50 52 1107  42 44 1131  54 56 1094  38 40 1145  58 60 1073  34 36 1161  62 64 1060  30 32 1169  66 68 1048  26 28 1181  70 72 1039  22 24 1186  871 1601 1602  74 76 1026  18 20 1203  78 80 1002  14 16 1218  134 887 1589  82 84 983  80 82 1562  86 88 971  90 92 964  132 894 1589  94 96 943  98 100 937  102 104 931  106 108 923  110 112 917  84 86 1563  114 116 912  118 120 910  122 124 905  126 128 903  88 90 1564  130 132 894  134 136 887  138 140 884  1589 1590 1608  142 144 871  92 94 1565  146 148 862  140 142 1595  150 152 858  116 912 1577  154 156 855  96 98 1566  100 102 1568  146 862 1600  104 106 1570  144 871 1600  108 110 1572  112 114 1574  150 858 1604  148 862 1604  136 887 1592  154 855 1607  120 122 1582  894 1589 1608  152 858 1607  402 403 1516  132 134 1589  781 1668 1811  526 1432 1939  140 884 1595  884 1594 1595  144 146 1600  168 169 1596  912 1576 1577  887 1591 1592  148 150 1604  152 154 1607  167 168 935  169 170 941  170 171 1610  169 941 1596  171 172 947  172 173 1603  173 174 969  174 175 1605  175 176 977  176 177 1606  177 178 993  951 952 953  179 180 1013  181 182 1032  183 184 1043  185 186 1051  186 187 1609  187 188 1063  189 190 1078  168 935 1596  191 192 1097  193 194 1112  235 236 1416  195 196 1124  233 234 1373  197 198 1136  231 232 1361  199 200 1147  229 230 1336  201 202 1162  227 228 1310  203 204 1170  225 226 1290  205 206 1180  223 224 1275  207 208 1185  221 222 1268  209 210 1201  219 220 1256  211 212 1217  217 218 1244  213 214 1233  215 216 1237  879 1187 1687  941 1597 1598  1596 1597 1599  196 197 1611  170 941 1610  675 746 1473  171 947 1610  941 1596 1597  198 199 1612  172 947 1603  173 969 1603  200 201 1613  941 1598 1610  174 969 1605  175 977 1605  202 203 1614  176 977 1606  935 1596 1599  768 769 770  177 993 1606  204 205 1615  828 829 830  206 207 1616  208 209 1617  210 211 1618  1091 1466 1802  212 213 1619  186 1051 1609  187 1063 1609  218 219 1620  196 1124 1611  197 1136 1611  198 1136 1612  199 1147 1612  770 771 772  200 1147 1613  201 1162 1613  202 1162 1614  203 1170 1614  204 1170 1615  205 1180 1615  206 1180 1616  207 1185 1616  208 1185 1617  209 1201 1617  210 1201 1618  211 1217 1618  212 1217 1619  213 1233 1619  218 1244 1620  219 1256 1620  698 699 700  1124 1611 1889  1291 1680 2108  1258 1259 1260  669 683 1478  762 763 764  507 508 1621  1247 1298 2153  1121 1341 1802  689 690 691  485 1277 2051  1149 1150 1151  1508 1510 1716  893 936 1021  794 1965 2149  1150 1499 1844  685 686 687  704 757 758  508 509 530  1157 1261 1461  700 701 702  702 703 704  940 1101 1102  247 1012 1487  1260 1301 1302  506 507 1622  1113 1317 1836  1021 1157 1462  713 1544 1545  879 945 1187  247 423 1012  675 676 677  693 695 696  710 1452 1455  691 692 693  1112 1569 1824  375 1493 2068  511 512 607  1297 1372 1831  892 893 936  936 1157 1261  936 1021 1157  508 530 1621  754 1052 1996  505 506 582  507 1621 1622  1005 1008 1682  551 1511 1514  525 1400 1984  669 670 671  1066 1106 1623  677 678 679  1021 1462 1800  1371 1859 1892  1106 1190 1191  504 505 1627  917 1573 1639  1066 1067 1106  859 1435 1859  597 599 869  791 872 892  1574 1575 1639  1004 1006 1631  804 886 1634  1507 1509 1512  590 592 1642  1611 1889 1903  1211 1677 1941  1199 1448 1762  503 504 842  671 672 673  518 1411 1414  1101 1102 1103  663 664 665  680 755 1164  1544 1546 1633  543 1675 2129  1132 1133 1134  850 939 940  1096 1184 2117  506 582 1622  725 1370 2060  1013 1588 1856  736 849 850  665 666 667  48 1120 1661  50 1107 1661  853 854 860  892 936 1624  864 865 866  1092 1122 1349  1112 1569 1845  738 790 791  657 658 659  936 1261 1624  659 660 661  403 404 840  505 582 1627  798 930 1066  830 834 835  955 956 957  1057 1211 1677  1041 1381 1382  1038 1422 1424  872 892 932  421 422 904  614 681 721  893 1021 1724  962 1463 2143  653 654 655  1251 1295 1859  765 1673 1815  790 791 872  1065 1492 1504  892 932 1624  1135 1264 1360  916 1041 1434  557 1497 2117  504 842 1627  1203 1373 1978  1036 1064 1065  907 1038 1440  780 1132 1133  939 940 1101  755 1164 1165  633 1219 1805  1312 1313 2142  849 850 939  917 1574 1639  790 872 933  939 1101 1119  833 1479 1550  742 1337 1785  751 753 1485  1008 1255 1682  483 1270 2110  1248 1291 2108  381 706 1883  1034 1045 1046  680 681 755  681 721 736  721 736 837  610 615 731  957 958 959  994 1177 1267  468 469 1746  847 1036 1641  900 918 1125  1050 1635 1681  649 650 651  615 737 738  241 408 802  900 1125 1688  553 1498 2145  1313 2008 2011  188 1063 1689  189 1078 1689  959 960 961  791 893 1698  1012 1338 2053  967 1335 1803  1203 1373 1993  731 737 780  737 738 790  862 1600 1696  156 158 1522  694 1341 2069  736 837 849  647 648 649  837 849 944  1076 1206 1386  903 1586 1708  847 1035 1036  128 903 1708  130 894 1708  589 1552 1741  736 850 1635  407 1429 2144  600 609 610  220 1256 1701  221 1268 1701  735 847 1641  901 919 1129  846 1033 1034  1133 1134 1135  48 50 1661  822 824 825  866 867 927  1070 1390 1391  1271 2007 2157  597 869 1642  599 869 1684  831 1014 1465  1136 1611 1903  812 814 815  890 901 1636  1059 1645 1684  615 731 737  614 680 681  598 600 608  737 790 1652  788 804 805  777 1017 1470  610 613 615  680 1164 1640  609 613 614  1019 1221 1222  860 868 1061  875 876 877  1138 1368 1369  779 782 783  598 599 600  609 610 613  737 780 1652  605 874 875  799 1022 1471  1072 1286 1287  798 1066 1685  1277 1791 1792  1171 1254 1954  681 755 1635  772 774 775  967 1208 1335  764 766 767  927 928 1056  613 614 680  1231 1367 2163  633 638 1219  461 462 1849  1151 1258 1259  901 1129 1636  746 1027 1473  758 760 761  368 1503 2148  1029 1149 1150  733 1154 1155  1208 1400 1402  624 627 1881  696 698 699  844 1482 1483  687 689 690  1079 1364 1365  683 1334 1478  1134 1135 1263  790 933 1652  949 951 952  681 736 1635  418 419 626  1146 1311 2035  380 534 1883  839 909 1695  679 685 686  1085 1137 1138  1413 2007 2157  715 1005 1682  839 908 909  3 332 1629  642 643 644  1006 1092 1631  673 675 676  923 1571 1740  1164 1640 1698  1572 1573 1740  591 595 617  780 1133 1652  520 1441 2037  1135 1263 1264  613 680 1640  1008 1253 1255  667 669 670  1209 1420 2052  15 17 519  617 618 747  19 21 716  600 608 609  945 967 1207  345 709 1896  849 939 1643  23 25 521  1136 1903 1921  27 29 717  939 1119 1643  17 19 1647  31 33 522  1369 1504 2109  21 23 1648  346 561 1896  44 1131 1748  46 1120 1748  35 37 718  25 27 1649  29 31 1650  39 41 524  661 663 664  793 1513 1961  43 45 719  33 35 1651  365 366 1773  608 609 1637  47 49 526  37 39 1653  614 721 1637  1175 1213 2011  41 43 1654  51 53 720  592 595 596  1391 1392 1393  592 596 597  465 1738 1839  55 57 527  734 1488 1714  599 600 1645  59 61 722  640 641 642  815 816 817  63 65 528  849 944 1643  1222 1223 1339  613 615 1640  1209 1420 2040  61 63 1657  67 69 723  805 806 807  65 67 1658  817 818 819  755 1635 1681  819 820 821  71 73 529  783 784 785  69 71 1660  75 77 724  651 653 654  1259 1260 1301  878 1387 1388  807 808 809  755 1165 1681  79 81 531  953 955 956  825 826 827  809 810 811  77 79 1662  1092 1349 1631  655 657 658  167 935 1735  83 85 726  879 908 945  835 853 854  81 83 1663  775 776 778  785 786 787  590 591 592  1030 1385 2078  1208 1335 1400  767 768 769  637 639 640  87 89 532  761 762 763  597 598 599  851 921 1099  91 93 727  89 91 1664  769 770 771  95 97 533  93 95 1665  618 839 879  596 597 598  99 101 728  699 700 701  615 738 1640  690 691 692  101 103 1666  103 105 535  967 1207 1208  105 107 1667  548 1502 2018  692 693 695  701 702 703  107 109 729  1198 1458 1860  863 865 1700  703 704 757  676 677 678  111 113 537  946 1179 1439  882 1044 1912  113 115 1669  115 117 730  117 119 1670  549 1773 2150  1095 1096 1184  827 828 829  121 123 1671  119 121 539  600 610 1645  1067 1106 1190  123 125 1672  1109 1283 1837  670 671 672  729 1460 1764  125 127 540  609 614 1637  484 1277 1792  1588 1608 2134  644 647 648  1100 1501 2030  131 133 541  1474 1475 1749  930 1066 1067  738 1640 1698  188 189 1689  610 731 1645  137 139 542  544 1692 1935  1116 1281 1787  664 665 666  1307 1308 1309  908 945 967  618 747 839  1135 1360 1691  143 145 543  1273 1300 2137  829 830 834  838 1083 1095  190 1078 1777  191 1097 1777  595 617 618  1272 1427 2162  1138 1369 1879  592 597 1642  658 659 660  591 592 595  1133 1652 1691  222 1268 1783  223 1275 1783  415 416 536  1104 1702 1703  1600 1601 1696  1401 1749 1816  510 1461 1943  893 1698 1724  607 1915 2169  1354 1357 1358  145 147 1675  1064 1065 1492  839 879 908  938 1110 1111  1452 1455 1693  635 636 637  590 1642 1683  364 365 1819  579 585 593  920 1197 1198  220 221 1701  1140 1141 1690  1136 1612 1921  1474 1749 1816  678 679 1685  632 634 635  1043 1581 1851  1035 1036 1064  1511 1514 1974  128 130 1708  795 1405 1626  588 589 590  738 791 1698  156 855 1522  589 590 591  927 1056 1108  538 1732 2030  864 866 1068  571 1074 1786  911 1188 1189  556 1363 1818  899 1307 1308  1350 1351 1705  599 1645 1684  650 651 1697  956 957 958  931 1569 1810  1325 1650 2064  1570 1571 1810  1033 1034 1045  648 649 650  586 588 589  1156 1798 1812  933 1652 1691  1703 1755 1958  958 959 960  275 1384 1982  890 1636 1745  166 167 1735  1045 1046 1100  42 1131 1814  40 1145 1814  1133 1135 1691  587 588 605  389 390 1816  147 149 1686  502 503 1798  1368 1369 1370  1137 1138 1368  877 890 900  735 1641 1697  1358 1467 1899  779 783 1725  1218 1416 2015  788 805 1726  696 699 1715  758 761 1717  812 815 1731  550 1512 1980  822 825 1737  135 137 1744  1106 1191 1871  764 767 1721  772 775 1723  572 574 576  1017 1019 1673  1612 1921 1938  1022 1072 1674  901 918 919  960 961 1079  673 676 1712  890 900 901  1452 1456 1693  968 1413 2007  667 670 1710  1014 1070 1668  1027 1029 1676  1012 1338 2072  341 708 1969  900 901 918  1116 1314 1787  661 664 1709  563 565 1727  342 583 1969  795 1337 1626  3 331 515  517 1227 1397  994 1267 1736  564 566 1542  854 860 868  588 590 1683  1422 2008 2105  629 631 1479  1330 1438 1830  369 548 2018  480 1246 2111  1218 1416 2031  481 1246 1975  883 1549 2004  580 586 587  586 587 588  540 1423 2180  1315 1644 2020  1146 1318 1951  641 642 643  1014 1465 1668  433 434 1832  660 661 1709  1152 1524 1930  149 151 544  666 667 1710  639 640 641  851 1099 1747  672 673 1712  623 1344 1911  959 961 1718  654 655 1713  961 1718 1719  655 658 1713  679 686 1685  678 797 798  1059 1684 1925  658 660 733  151 153 1692  648 650 734  672 801 1080  1164 1165 1724  192 1097 1824  193 1112 1824  666 789 1084  664 666 789  695 696 1715  651 654 1697  660 733 1087  1144 1671 1836  670 672 801  1226 1227 1228  1017 1470 1673  1064 1492 1493  224 1275 1826  553 1922 2145  225 1290 1826  733 1155 1713  17 519 1647  1601 2041 2066  1016 1428 2045  676 678 797  798 929 930  643 644 1714  1080 1081 1117  19 716 1647  1160 1502 1503  757 851 891  763 1089 1090  1084 1085 1118  1117 1159 1160  1022 1471 1674  757 758 1717  21 716 1648  1118 1137 1234  23 521 1648  1067 1190 1192  153 155 732  25 521 1649  793 1809 1871  1019 1222 1673  27 717 1649  29 717 1650  747 864 1695  690 692 793  763 764 1721  141 143 1804  31 522 1650  1072 1287 1674  923 1572 1740  638 1219 1236  778 838 1082  33 522 1651  1027 1473 1676  918 919 1172  747 839 1695  891 921 1055  35 718 1651  1055 1174 1243  848 1386 2159  956 958 968  595 596 1687  37 718 1653  1483 1793 2036  1090 1126 1127  771 772 1723  699 701 841  39 524 1653  889 1737 1799  1164 1698 1724  41 524 1654  778 779 1725  43 719 1654  703 757 851  1029 1150 1676  1083 1095 1096  1070 1391 1668  636 637 639  1082 1083 1195  811 920 1086  1061 1142 1694  644 648 1714  639 641 645  1100 1910 1986  733 1087 1154  789 1084 1085  725 1468 1895  761 763 1089  650 734 735  564 899 1542  109 111 1764  686 1623 1809  1367 2138 2163  1085 1118 1137  787 788 1726  875 877 890  821 911 1088  994 1176 1177  1038 1424 1440  801 1080 1081  868 1061 1736  1081 1117 1159  1159 1160 1502  629 630 631  767 769 832  61 722 1657  1086 1197 1199  797 798 929  63 528 1657  734 735 846  404 840 1781  960 1079 1271  1214 1774 1994  65 528 1658  929 930 1235  570 572 1679  811 812 1731  569 571 1074  937 1567 1845  571 573 1786  67 723 1658  1568 1569 1845  69 723 1660  847 1033 1035  1041 1382 1434  618 879 1687  775 778 838  735 846 847  919 1172 1990  71 529 1660  1088 1188 1274  588 605 1683  38 1145 1846  36 1161 1846  44 46 1748  1219 1236 2099  846 847 1033  1147 1612 1938  783 785 861  1225 1315 2020  1233 1556 2171  821 822 1737  1044 1166 1168  1124 1567 1868  1601 1602 2066  77 724 1662  1187 1687 1775  1142 1202 1890  79 531 1662  678 798 1685  877 878 1688  1197 1198 1245  81 531 1663  419 420 1482  1122 1366 2088  83 726 1663  1549 2002 2086  598 608 1775  896 897 1730  627 628 629  851 891 921  805 807 888  921 1055 1174  636 639 1720  608 1775 1843  182 1032 1851  183 1043 1851  1036 1641 1926  89 532 1664  868 925 994  1055 1829 1840  91 727 1664  1139 1637 1843  93 727 1665  585 593 1128  809 811 920  1228 1230 1231  95 533 1665  1089 1090 1126  566 568 624  1188 1189 1395  474 475 2116  1601 1696 2041  815 817 902  1281 1325 2064  178 993 1856  179 1013 1856  1079 1271 1364  101 728 1666  1242 1418 2039  103 535 1666  819 821 911  595 618 1687  1258 1260 1760  834 938 1098  1098 1110 1210  105 535 1667  107 729 1667  825 827 889  854 868 925  634 635 636  1375 1376 1757  751 1485 1865  838 1082 1083  1124 1567 1889  113 537 1669  925 994 1176  624 625 627  829 834 938  115 730 1669  835 854 1743  906 1702 1755  1240 1654 1997  686 687 1809  1147 1938 1950  482 1270 1869  117 730 1670  1602 2066 2080  1207 1905 1942  119 539 1670  121 539 1671  1035 1064 1722  454 455 1873  864 1068 1695  699 841 1715  123 1671 1672  546 554 594  366 549 1773  676 797 1712  670 801 1710  125 540 1672  761 1089 1717  938 1111 1761  1353 1355 1356  920 1198 1752  1541 1543 1956  861 1456 1864  565 566 567  688 689 2149  1178 1273 2050  1530 1750 1936  226 1290 1867  227 1310 1867  1322 1861 1971  920 1086 1197  783 861 1725  194 1112 1868  195 1124 1868  767 832 1721  638 1236 1342  563 564 565  664 789 1709  1510 1513 1961  1227 1228 1230  775 838 1723  633 634 638  834 835 1743  1110 1210 1284  247 422 1487  97 99 1784  805 888 1726  336 337 1918  1088 1737 1799  470 471 1384  815 902 1731  825 889 1737  1021 1724 1800  911 1088 1188  898 1405 2122  1085 1138 1821  877 900 1688  1061 1694 1736  1608 2124 2152  650 735 1697  404 405 1781  911 1189 1754  658 733 1713  372 725 2060  723 1658 1659  726 1520 1857  630 632 633  129 131 1842  373 545 2060  327 427 2062  538 1501 2030  34 1161 1888  32 1169 1888  1566 1567 1889  327 514 2062  1114 1791 1792  938 1098 1110  1324 1459 2028  445 623 1923  145 543 1675  952 953 1827  1307 1309 1880  558 1866 2147  1283 1837 2032  1369 1370 2109  580 585 586  895 1249 1250  323 324 1733  630 631 632  137 542 1744  444 623 1343  1594 1602 2080  866 927 1734  1250 1265 1914  190 191 1777  637 712 2165  838 1095 1723  878 1388 1688  572 576 1679  1091 1121 1802  628 629 630  109 729 1764  1679 1680 1902  111 537 1764  648 734 1714  596 598 1775  573 575 606  672 1080 1712  462 463 1739  1202 1299 1909  666 1084 1710  660 1087 1709  897 924 1730  1165 1536 1800  927 1108 1734  625 627 628  222 223 1783  1147 1613 1950  930 1067 1711  1095 1184 1834  1074 1727 1728  1046 1130 1910  757 891 1717  632 633 634  566 567 568  976 1269 1818  1101 1119 1852  763 1090 1721  1184 1834 1936  97 533 1784  1623 1809 1871  1599 1917 1989  228 1310 1901  229 1336 1901  99 728 1784  1475 1749 1756  778 1082 1725  1099 1515 2010  1594 2080 2100  517 1226 1227  391 711 1984  1150 1151 1844  1126 1829 1840  605 875 1745  908 967 1803  868 994 1736  564 565 566  579 580 585  897 922 924  1242 1418 2057  570 1679 1902  639 645 1720  596 1687 1775  147 1675 1686  568 624 625  5 331 1644  811 1086 1731  866 1068 1734  854 925 1743  525 1403 2005  375 1493 2019  12 1209 2040  607 1540 1973  165 166 1143  1064 1493 1722  1213 1744 1904  577 578 579  1366 1367 1790  821 1088 1737  841 1715 1716  1613 1950 1962  30 1169 1919  28 1181 1919  605 1683 1745  928 1056 1885  961 1079 1808  574 575 577  411 682 1862  565 567 569  503 842 1798  719 1939 2103  572 573 574  930 1235 1711  625 628 748  875 890 1745  1402 1953 1992  1659 1960 1987  586 589 1741  915 1678 1872  559 581 742  1020 1539 2062  1464 1718 1778  413 414 1704  389 1474 1816  570 571 572  1593 1594 2100  1033 1045 1732  1251 1435 1859  409 741 1646  230 1336 1933  231 1361 1933  1286 1289 2075  1090 1127 1870  1067 1192 1711  862 1696 2029  157 159 1297  796 897 898  724 1662 1771  509 510 1943  1033 1035 1732  834 1098 1743  578 579 580  1374 1376 1900  594 1759 2081  1082 1195 1864  935 1735 1917  1103 1527 1812  601 1477 1894  364 550 1819  701 703 1747  869 1642 1835  742 743 795  539 1671 1836  931 1570 1810  26 1181 1947  24 1186 1947  149 544 1686  915 1703 1958  3 515 1629  244 414 603  769 771 1750  238 1420 2052  1242 1733 2057  1593 2100 2121  161 398 2067  1035 1722 1732  1325 1326 1991  575 577 578  741 1899 2177  367 368 2148  1162 1613 1962  40 42 1814  357 358 2101  1544 1633 1956  894 1608 2134  394 1551 2005  374 375 2068  945 1207 1905  807 809 1752  322 323 906  1204 1348 1912  1422 1423 2180  392 525 1984  562 563 564  161 502 2067  155 157 1831  321 322 1755  1211 1941 2071  244 415 2115  573 574 575  1718 1719 1778  522 1651 1787  1187 1775 1843  1288 1426 2102  585 1128 1741  319 320 915  817 819 1754  1308 1320 1881  232 1361 1959  233 1373 1959  1426 1659 1987  1113 1144 1836  908 909 1803  585 586 1741  703 851 1747  571 572 573  151 544 1692  237 1420 2031  701 841 1747  567 569 570  317 318 926  1162 1962 1985  22 1186 1978  785 787 1807  20 1203 1978  1 332 1058  432 433 2003  326 501 2039  712 1790 2165  1349 1366 1790  1591 1593 2121  316 317 1763  246 421 1625  315 316 1765  153 732 1692  452 1338 2072  634 638 1742  393 525 2005  949 952 1885  840 1781 1788  638 1342 1742  769 832 1750  314 315 934  417 418 1699  827 829 1761  1466 1954 2161  1074 1728 1729  1160 1886 1893  1391 1393 1811  687 690 1809  85 726 1857  313 314 1766  87 532 1857  312 313 1767  569 570 571  311 312 942  569 1074 1727  1163 1781 1788  234 1373 1993  235 1416 1993  690 793 1809  837 944 1942  741 1467 1899  594 1759 1891  1308 1542 1881  310 311 1768  898 922 1015  832 1530 1870  578 1472 1850  18 1203 2015  16 1218 2015  14 1218 2040  634 636 1742  708 1969 2093  1591 2121 2135  882 1912 2168  309 310 1769  891 1055 1829  53 720 1876  55 527 1876  636 1720 1742  1598 1696 2029  809 920 1752  1236 2099 2143  143 543 1804  308 309 978  1357 1358 1371  249 424 1194  1222 1339 1815  1053 1239 1405  836 1705 1706  807 888 1752  1165 1724 1800  785 861 1807  13 694 2069  624 1542 1881  720 1524 2151  1239 1436 2133  1074 1729 1786  456 2079 2125  307 308 1770  1080 1117 1823  1727 1728 1797  819 911 1754  1088 1274 1799  1222 1673 1815  236 1416 2031  817 902 1754  421 904 1625  1391 1668 1811  192 193 1824  1299 1909 1935  513 1539 1973  306 307 1003  1084 1118 1822  224 225 1826  1015 1016 1428  1162 1614 1985  919 1937 1990  337 338 2013  1598 1610 2041  956 968 1827  305 306 1774  1269 1628 2002  579 593 1907  573 606 1786  1174 1243 1927  304 305 1776  829 938 1761  789 1709 1821  1356 1900 1944  560 562 563  827 889 1761  1590 1591 2135  303 304 1030  1540 1541 1915  1354 1358 2055  302 303 1779  8 10 1795  326 425 2039  1308 1309 1320  0 1375 2081  1208 1402 1953  1295 1371 1899  583 1395 2094  688 1884 2149  1370 2060 2109  301 302 1780  801 1710 1822  243 612 1862  434 520 1832  300 301 1049  1614 1985 2001  745 881 882  897 898 922  797 1712 1823  1087 1709 1821  555 560 562  961 1719 1808  1227 1230 1875  299 300 1782  654 1713 1828  1590 2135 2152  423 1012 1858  1 546 547  298 299 1093  1239 1405 2122  1084 1710 1822  869 1835 1928  743 796 896  166 1143 1735  297 298 1789  873 1757 1758  318 319 1872  1134 1263 1990  1586 1588 2134  1269 1548 2002  1080 1712 1823  953 956 1827  1730 1874 2083  548 1502 1932  296 297 1791  989 1426 1987  418 626 1699  771 1723 1834  501 1418 2039  581 742 743  331 515 1644  295 296 1114  1636 1745 1835  1044 1348 1912  133 541 1904  1235 1886 1893  456 457 2079  565 569 1727  1277 1789 1791  1343 1344 1628  294 295 1794  937 1568 1845  612 1350 1351  1053 1405 1626  243 411 1862  1590 1608 2152  1360 1546 2023  1355 1357 1359  1089 1717 1829  526 1524 2151  1170 1614 2001  563 1727 1797  1179 1935 2061  36 38 1846  293 294 1796  45 719 1939  47 526 1939  789 1085 1821  85 87 1857  155 732 1831  623 1911 1923  292 293 1123  182 183 1851  1598 1696 2041  801 1081 1822  1137 1234 1895  883 1878 2004  654 1697 1828  1083 1096 1866  707 1417 2000  797 929 1823  728 1389 2065  1093 1656 2051  135 1744 1904  1402 1403 1992  1354 1355 1357  476 477 2014  1430 1735 1917  574 577 1841  289 290 1158  1170 2001 2027  796 896 897  1155 1713 1828  899 1308 1542  160 333 2098  178 179 1856  630 633 1805  529 1632 2044  922 1015 1016  966 1044 1166  1101 1103 1852  520 1906 2037  288 289 1801  891 1717 1829  1381 1382 2046  1202 1372 2118  1642 1683 1835  1683 1745 1835  1098 1210 1854  619 749 836  478 479 1908  1193 1338 2053  287 288 1183  594 1785 1891  925 1743 1854  906 1733 2057  1089 1126 1829  1457 1458 1860  1151 1259 1844  460 461 1853  560 563 1797  608 1637 1843  869 1684 1928  1139 1905 1942  1426 1659 2102  1163 1477 2095  1289 1771 2075  1110 1284 1887  1317 1836 1955  285 286 1813  1012 1858 2072  1309 1320 2073  1173 1378 2173  574 576 1841  466 1630 1833  53 55 1876  1211 1719 2071  57 527 1988  555 559 560  59 722 1988  1170 1615 2027  284 285 1196  643 1677 1941  226 227 1867  533 1665 1830  628 630 1805  921 1099 1974  131 541 1842  15 519 2069  194 195 1868  1098 1743 1854  1641 1697 1828  1118 1822 1882  332 1058 1629  1117 1823 1886  1344 2002 2086  975 1053 1626  990 1372 1890  281 282 1212  1392 1898 1971  748 2108 2112  1055 1243 1840  1615 2027 2042  743 795 796  1125 1459 2028  1117 1160 1886  753 754 843  1167 1911 1966  1068 1756 2047  1200 1779 2078  245 417 621  1515 1716 2010  1095 1723 1834  1726 1924 2056  1118 1234 1882  1321 1322 2033  291 292 1897  632 635 2138  1138 1821 1879  1429 1430 2059  459 460 1964  251 252 1855  454 1305 1873  160 405 2098  278 279 1247  1052 1891 1996  928 949 1885  537 1396 2128  73 529 2044  75 724 2044  1421 1422 2180  628 748 1805  836 1706 1707  575 578 1850  575 606 1850  1353 1354 1355  577 1841 1907  277 278 1820  1377 1378 2166  1636 1835 1928  442 556 1363  1352 1353 1354  612 1351 1352  49 526 2151  51 720 2151  559 560 581  1081 1822 1882  641 643 1941  787 1726 1924  1180 1615 2042  925 1176 1854  32 34 1888  1227 1397 1875  943 1566 1889  276 277 1278  771 1750 1834  1083 1195 1866  244 604 1182  1432 1939 2103  380 381 1883  1351 1352 1353  929 1823 1886  972 1215 1793  244 603 604  549 1893 2148  1158 1801 1967  1180 2042 2063  567 570 1902  449 991 2178  1304 1960 1987  1377 1387 2166  479 480 1967  1655 1656 2179  729 1667 1861  1139 1843 1905  960 1271 2007  692 793 1961  583 1448 2094  453 1262 2156  1453 1454 1924  1049 1655 2179  943 1889 1903  273 274 1296  1498 1529 2145  1350 1704 1705  1125 1688 2028  1106 1623 1871  414 603 1704  1390 1392 1972  1330 1331 2038  1320 2021 2073  512 607 1973  1750 1834 1936  601 1894 1920  133 135 1904  1148 1152 1930  1220 1224 1983  270 271 1347  1259 1301 1884  751 752 753  882 965 966  336 601 1918  345 346 1896  944 1942 1953  1180 1616 2063  1126 1127 1922  245 622 1204  228 229 1901  157 1297 1831  944 1953 1992  368 1503 2018  269 270 1825  1087 1154 1879  943 1565 1903  458 459 1963  538 1722 2019  1198 1245 1860  844 1484 1625  958 968 2007  547 554 555  1087 1821 1879  1065 1926 1946  1719 1778 2071  1658 1659 1960  268 269 1833  612 1352 1862  1616 2063 2076  1729 1786 1874  1171 1466 1954  246 844 1625  323 906 1733  1110 1111 1887  619 836 2082  1360 1691 2023  239 1115 2052  1219 1805 1934  1163 1788 2095  1259 1844 1884  267 268 1630  1081 1159 1882  322 906 1755  1281 1787 2064  945 1187 1905  474 1298 2116  1565 1903 1921  512 513 1973  1357 1371 1892  929 1235 1886  375 376 2019  1137 1368 1895  1045 1100 2030  1263 1906 1990  843 913 914  611 1436 2133  861 1725 1864  1210 1854 1920  1234 1882 1932  1588 1608 2124  744 880 972  1176 1177 1894  266 267 1839  290 291 1931  1082 1725 1864  546 547 554  1036 1065 1926  1090 1721 1870  855 1607 1916  1059 1132 1925  1160 1503 1893  447 448 2077  1295 1899 2177  593 2048 2162  476 2014 2092  1367 1790 2165  1185 1616 2076  602 1516 1981  935 1599 1917  376 538 2019  28 30 1919  317 926 1763  515 1629 1880  1132 1925 1937  832 1721 1870  1331 1877 1957  2 329 1913  265 266 1738  264 265 1838  1319 1481 2048  1254 1648 2097  888 1458 2056  316 1763 1765  964 1565 1921  992 1216 1279  1046 1100 1910  245 621 622  1185 2076 2090  1357 1359 1892  906 1702 2057  315 934 1765  549 1893 2150  554 555 559  1261 1624 1915  560 581 1797  1484 1625 1772  1307 1880 2176  841 1716 2010  314 934 1766  263 264 1848  606 1874 2173  319 915 1872  545 1492 2068  603 604 619  313 1766 1767  0 546 2081  1093 1789 2051  567 568 1902  312 942 1767  620 750 751  1188 1274 2093  358 359 1927  1197 1245 2084  318 926 1872  311 942 1768  964 1921 1938  606 1786 1874  1176 1854 1920  1182 1751 2115  1497 1530 1936  1369 1504 2136  915 1678 2087  749 750 873  310 1768 1769  262 263 1739  989 1333 1999  534 1500 1986  915 1703 2087  248 424 1945  261 262 1847  309 978 1769  457 458 1970  535 1667 1898  1185 1617 2090  230 231 1933  1267 1736 1981  706 1883 2106  308 978 1770  723 1660 2102  45 47 1939  260 261 1849  1586 1708 2134  972 2089 2119  1065 1504 1946  964 1564 1938  1252 1295 2177  1250 1252 1914  1617 2090 2114  259 260 1853  1132 1134 1937  1159 1882 1932  307 1003 1770  577 579 1907  1053 1238 1239  1667 1861 1898  1166 1168 1878  625 748 2112  1182 1751 1865  914 975 976  837 1139 1942  1187 1843 1905  1229 1550 2021  1481 1841 1907  306 1003 1774  272 1746 1976  509 530 1943  248 1858 1945  522 1787 2064  619 620 749  1329 1331 1957  305 1774 1776  1205 1206 1977  1564 1938 1950  904 1625 1772  972 1793 2119  476 1362 2092  833 1550 2021  304 1030 1776  425 1242 2039  1288 1660 2102  548 1468 2113  303 1030 1779  993 2124 2152  1201 1617 2114  1126 1840 1922  1475 1476 2047  24 26 1947  546 594 2081  302 1779 1780  1054 2061 2129  972 992 1215  320 321 1958  751 1865 2172  1249 1250 1265  1234 1895 2113  257 258 1964  1289 1771 1998  1129 1636 1928  1358 1371 1899  256 257 1963  1475 1756 2047  1543 1544 1956  301 1049 1780  477 1469 2014  1355 1359 1944  909 1756 2120  1429 1522 2059  1201 2114 2127  1757 1758 1759  844 1483 1484  971 1564 1950  620 749 750  300 1049 1782  976 1238 1818  528 1657 2132  1483 1484 1863  1801 1908 1967  743 896 2034  926 1763 1817  604 619 620  472 473 2160  1607 1916 1989  1303 1304 2132  1446 1799 1940  1392 1898 1972  299 1093 1782  1175 1313 2011  976 1053 1238  971 1950 1962  1159 1502 1932  1454 1458 2056  1193 1949 2053  298 1093 1789  1329 1957 2012  881 882 965  754 913 1052  321 1755 1958  1680 2108 2112  1201 1618 2127  338 584 2013  732 1692 1909  232 233 1959  626 1793 2119  320 915 1958  158 163 2144  254 255 1970  1539 1540 1973  297 1789 1791  986 1332 2131  1205 1396 2128  480 1967 2111  1618 2127 2140  1476 1734 2047  422 904 1487  971 1563 1962  296 1114 1791  1240 1241 1997  752 753 754  1054 1276 2129  730 1670 1929  1099 1747 2010  889 1799 1940  1369 1879 2136  989 1987 1999  641 645 1941  341 342 1969  295 1114 1794  1031 1248 2099  1749 1756 2120  602 1694 1981  1207 1208 1953  787 1807 1924  1466 1802 2161  294 1794 1796  539 1836 1955  836 1705 2082  1054 1179 2061  881 965 1105  1563 1962 1985  471 472 2164  333 1163 2098  475 1362 2016  1217 1618 2140  20 22 1978  293 1123 1796  1392 1393 1971  1665 1830 2038  1454 1924 2056  1217 2140 2154  1230 1875 2088  754 843 913  391 392 1984  6 895 1249  1378 1874 2173  324 325 2139  983 1563 1985  1178 2025 2167  1266 1863 2178  280 281 1968  1355 1356 1944  1111 1761 1940  858 1607 1989  1261 1915 2169  57 59 1988  1301 1302 1965  933 1633 2023  446 447 2024  289 1158 1801  1146 2035 2104  966 1166 1167  1229 1315 2073  1302 1965 1999  902 1762 2049  258 259 2022  983 1985 2001  745 880 881  521 1648 2097  1217 1619 2154  234 235 1993  1105 1232 1753  952 1885 2146  1492 1493 2068  292 1123 1897  1441 1442 2037  952 1827 2146  1111 1940 2174  858 1989 2009  975 1626 1979  1389 1390 2065  1382 2046 2107  288 1183 1801  1619 2154 2171  1328 1329 2012  432 552 2003  692 695 1961  880 972 992  1302 1304 1999  1337 1626 1979  983 1562 2001  913 914 975  1012 1487 2053  724 1771 2075  424 1194 1945  393 394 2005  460 1964 2022  1546 1633 2023  282 283 1995  535 1898 1972  858 1604 2009  1322 1971 2033  557 1495 2117  539 1670 1955  921 1174 1974  1562 2001 2027  992 1279 1948  1189 2049 2094  1233 1619 2171  16 18 2015  750 751 752  622 744 745  1122 1340 2088  368 369 2018  274 275 1982  419 626 1482  913 1052 1979  975 976 1053  285 1196 1813  965 1105 1232  1418 1702 2057  1446 1940 2174  992 1215 1216  616 1551 2126  374 545 2068  1604 2009 2029  621 622 744  290 1158 1931  682 1862 2055  1863 2036 2130  528 1658 1960  1002 1562 2027  1304 1987 1999  1381 1383 2046  417 621 1699  1277 1789 2051  1363 1818 2070  1670 1929 1955  286 287 2026  944 1643 1992  271 272 1976  689 794 2149  862 1604 2029  962 1031 2143  236 237 2031  748 1805 1934  1002 2027 2042  889 1761 1940  744 972 2089  1412 1415 2146  398 1156 2067  1483 1863 2036  1127 1529 2145  291 1897 1931  357 553 2101  1453 1807 1924  1333 1965 1999  427 1020 2062  12 14 2040  535 1666 1972  1002 1561 2042  947 1610 2041  744 745 880  250 1305 1873  1316 1317 2159  730 1929 1977  1232 1753 1923  238 239 2052  1694 1736 1981  1395 1969 2093  372 373 2060  1468 1895 2113  1561 2042 2063  1344 1628 2002  1422 1424 2105  1425 1638 1998  1330 1830 2038  732 1831 2118  73 75 2044  730 1669 1977  726 1663 1983  367 549 2148  947 2041 2066  531 1638 2123  278 1247 1820  717 1649 1991  1026 1561 2063  1202 1909 2118  1253 1254 2096  958 960 2007  1183 1801 1908  1176 1894 1920  947 1603 2066  1026 2063 2076  244 1182 2115  1207 1942 1953  277 1278 1820  855 1522 2059  159 162 2043  620 751 2172  902 1754 2049  1502 1503 2018  13 15 2069  719 1654 1997  1603 2066 2080  1026 1560 2076  855 1916 2059  165 1143 2074  1123 1796 1869  464 1738 1838  933 1691 2023  1293 1294 2107  283 284 2058  1301 1884 2149  1560 2076 2090  1206 1929 2091  969 1603 2080  463 1739 1848  287 1183 2026  1039 1560 2090  969 2080 2100  502 1798 2067  286 1813 2026  1039 2090 2114  1388 1688 2028  1206 1386 2091  159 1297 2043  1206 1929 1977  1286 1632 2075  969 1605 2100  631 2138 2163  1759 1891 1996  993 1856 2124  934 1766 1951  281 1212 1968  519 1647 2161  282 1212 1995  568 1902 2112  1039 1559 2114  5 1644 2020  1605 2100 2121  1559 2114 2127  593 1907 2048  718 1653 2032  977 1605 2121  1048 1559 2127  913 975 1979  1340 1875 2088  253 254 2079  581 1797 2034  255 256 2085  1048 2127 2140  977 2121 2135  270 1347 1825  284 1196 2058  1399 1678 2087  635 637 2165  894 1708 2134  1189 1754 2049  1224 1638 2123  977 1606 2135  1048 1558 2140  1252 1646 2177  841 1747 2010  1558 2140 2154  1469 1813 2014  1253 2096 2175  164 165 2074  1284 1887 2013  1606 2135 2152  1060 1558 2154  1493 1722 2019  269 1825 1833  727 1665 2038  1060 2154 2171  1430 1916 2059  993 1606 2152  749 836 2170  519 1802 2161  1060 1556 2171  1430 1916 1917  1045 1732 2030  1172 1906 1990  1666 1972 2065  1114 1792 2110  268 1630 1833  1270 1796 1869  1401 1749 2120  836 1707 2170  1163 1781 2098  1261 1461 2169  1412 1827 2146  1503 1893 2148  49 51 2151  991 1863 2178  267 1630 1839  522 1650 2064  1119 1852 2126  881 1105 1948  1287 1289 2131  274 1296 1982  898 1015 2122  1068 1734 2047  1352 1862 2055  279 1247 2153  266 1738 1839  728 1666 2065  1424 2105 2142  1663 1983 2123  1189 1395 2094  1728 1797 2034  1238 1818 2070  1253 1255 2175  1167 1911 2086  1649 1991 2158  1197 1199 2084  265 1738 1838  1758 1759 1996  888 1726 2056  1669 1977 2128  271 1347 1976  1188 1395 2093  1270 1794 1796  723 1659 2102  448 2077 2155  934 1765 1952  264 1838 1848  446 1753 2024  252 253 2125  645 1778 2071  581 743 2034  1352 1354 2055  966 1167 1966  965 966 1966  1279 2024 2077  1271 1364 2106  263 1739 1848  1415 1885 2146  1056 1108 2141  1763 1817 2017  1423 1842 2008  1156 1798 2067  631 1479 2163  262 1739 1847  1378 2083 2166  1372 1831 2118  1390 1972 2065  1365 1910 1986  1763 1765 2017  261 1847 1849  593 1128 2162  568 625 2112  1401 1803 2120  1177 1788 2095  1146 1951 2104  279 280 2153  405 1781 2098  260 1849 1853  458 1963 2085  603 619 2082  158 1522 2144  1629 1880 2176  1504 1946 2136  1031 2099 2143  616 1852 2126  1548 1549 2002  531 1663 2123  631 632 2138  584 1887 2013  1224 1983 2123  748 1934 2108  1481 1907 2048  1195 1693 2147  283 1995 2058  741 1646 2177  880 881 1948  252 1855 2125  1003 1774 1994  942 1768 2025  537 1669 2128  1205 1977 2128  904 1772 1949  1204 1912 2168  1154 1879 2136  1235 1893 2150  521 1649 2158  1196 1813 2014  924 1730 2083  991 1863 2130  1680 1902 2112  622 745 2168  548 1932 2113  259 1853 2022  257 1963 1964  909 1803 2120  880 992 1948  1229 2021 2073  942 1767 2035  462 1739 1847  280 1968 2153  965 1232 1966  1134 1937 1990  324 1733 2139  258 1964 2022  1235 1711 2150  934 1951 1952  1172 1906 2037  1216 2130 2155  904 1487 1949  1123 1897 1975  1378 1874 2083  1704 1705 2082  1114 1794 2110  1364 1883 2106  1248 1934 2099  978 1769 2050  1154 1946 2136  1304 1960 2132  460 1853 2022  584 1887 2174  1194 1305 2054  453 2054 2156  1248 1934 2108  1215 1216 2130  1327 2097 2158  1195 1866 2147  604 1182 2172  249 1194 1305  1216 1279 2077  1262 1858 1945  1588 1856 2124  611 2070 2133  256 1963 2085  1765 1952 2017  1153 1817 2017  1123 1869 1975  749 873 2170  1166 1878 2004  1215 1793 2036  603 1704 2082  1238 1239 2133  1177 1894 2095  255 1970 2085  1294 2046 2107  1766 1951 2104  1166 1167 2004  254 1970 2079  645 1941 2071  1656 1782 2179  1298 1968 2116  1327 2096 2097  1194 2054 2156  1241 1997 2103  1212 2016 2116  1766 1767 2104  626 1699 2119  1167 2004 2086  1030 1779 2078  942 2025 2035  1344 1911 2086  1246 1897 1931  1393 1971 2033  1182 1865 2172  606 1850 2173  1487 1949 2053  415 536 2115  1212 1995 2016  732 1909 2118  479 1908 1967  1477 1894 2095  1469 1813 2026  1058 1629 2176  604 620 2172  1212 1968 2116  1246 1897 1975  1158 1967 2111  1767 2035 2104  253 2079 2125  1234 1932 2113  1178 2050 2167  1127 1922 2145  1111 1887 2174  978 1770 2137  1270 1794 2110  1317 2091 2159  1119 2006 2126  1768 2025 2167  1219 1934 2099  1549 2004 2086  461 1849 1853  1318 1951 1952  1551 2006 2126  1768 1769 2167  978 2050 2137  1769 2050 2167  458 1970 2085  521 2097 2158  621 744 2089  1196 2058 2092  1158 1931 2111  528 1960 2132  991 2130 2155  719 1997 2103  1108 2000 2141  447 2024 2077  622 1204 2168  1262 1858 2072  1313 2008 2105  1049 1782 2179  1362 1995 2058  1247 1820 2160  621 1699 2089  1215 2036 2130  1278 1820 2164  1216 2077 2155  1238 2070 2133  1298 1968 2153  1254 2096 2097  1311 2025 2035  1362 2058 2092  1362 1995 2016  1196 2014 2092  1194 1945 2156  456 1855 2125  924 2083 2166  1246 1931 2111  1271 2106 2157  1273 2050 2137  1386 2091 2159  1820 2160 2164  706 2106 2157  1699 2089 2119  459 1963 1964  1262 1945 2156  457 1970 2079  472 2160 2164  </DataArray>
<DataArray  type="UInt32"  Name="offsets"  format="ascii">3 6 9 12 15 18 21 24 27 30 33 36 39 42 45 48 51 54 57 60 63 66 69 72 75 78 81 84 87 90 93 96 99 102 105 108 111 114 117 120 123 126 129 132 135 138 141 144 147 150 153 156 159 162 165 168 171 174 177 180 183 186 189 192 195 198 201 204 207 210 213 216 219 222 225 228 231 234 237 240 243 246 249 252 255 258 261 264 267 270 273 276 279 282 285 288 291 294 297 300 303 306 309 312 315 318 321 324 327 330 333 336 339 342 345 348 351 354 357 360 363 366 369 372 375 378 381 384 387 390 393 396 399 402 405 408 411 414 417 420 423 426 429 432 435 438 441 444 447 450 453 456 459 462 465 468 471 474 477 480 483 486 489 492 495 498 501 504 507 510 513 516 519 522 525 528 531 534 537 540 543 546 549 552 555 558 561 564 567 570 573 576 579 582 585 588 591 594 597 600 603 606 609 612 615 618 621 624 627 630 633 636 639 642 645 648 651 654 657 660 663 666 669 672 675 678 681 684 687 690 693 696 699 702 705 708 711 714 717 720 723 726 729 732 735 738 741 744 747 750 753 756 759 762 765 768 771 774 777 780 783 786 789 792 795 798 801 804 807 810 813 816 819 822 825 828 831 834 837 840 843 846 849 852 855 858 861 864 867 870 873 876 879 882 885 888 891 894 897 900 903 906 909 912 915 918 921 924 927 930 933 936 939 942 945 948 951 954 957 960 963 966 969 972 975 978 981 984 987 990 993 996 999 1002 1005 1008 1011 1014 1017 1020 1023 1026 1029 1032 1035 1038 1041 1044 1047 1050 1053 1056 1059 1062 1065 1068 1071 1074 1077 1080 1083 1086 1089 1092 1095 1098 1101 1104 1107 1110 1113 1116 1119 1122 1125 1128 1131 1134 1137 1140 1143 1146 1149 1152 1155 1158 1161 1164 1167 1170 1173 1176 1179 1182 1185 1188 1191 1194 1197 1200 1203 1206 1209 1212 1215 1218 1221 1224 1227 1230 1233 1236 1239 1242 1245 1248 1251 1254 1257 1260 1263 1266 1269 1272 1275 1278 1281 1284 1287 1290 1293 1296 1299 1302 1305 1308 1311 1314 1317 1320 1323 1326 1329 1332 1335 1338 1341 1344 1347 1350 1353 1356 1359 1362 1365 1368 1371 1374 1377 1380 1383 1386 1389 1392 1395 1398 1401 1404 1407 1410 1413 1416 1419 1422 1425 1428 1431 1434 1437 1440 1443 1446 1449 1452 1455 1458 1461 1464 1467 1470 1473 1476 1479 1482 1485 1488 1491 1494 1497 1500 1503 1506 1509 1512 1515 1518 1521 1524 1527 1530 1533 1536 1539 1542 1545 1548 1551 1554 1557 1560 1563 1566 1569 1572 1575 1578 1581 1584 1587 1590 1593 1596 1599 1602 1605 1608 1611 1614 1617 1620 1623 1626 1629 1632 1635 1638 1641 1644 1647 1650 1653 1656 1659 1662 1665 1668 1671 1674 1677 1680 1683 1686 1689 1692 1695 1698 1701 1704 1707 1710 1713 1716 1719 1722 1725 1728 1731 1734 1737 1740 1743 1746 1749 1752 1755 1758 1761 1764 1767 1770 1773 1776 1779 1782 1785 1788 1791 1794 1797 1800 1803 1806 1809 1812 1815 1818 1821 1824 1827 1830 1833 1836 1839 1842 1845 1848 1851 1854 1857 1860 1863 1866 1869 1872 1875 1878 1881 1884 1887 1890 1893 1896 1899 1902 1905 1908 1911 1914 1917 1920 1923 1926 1929 1932 1935 1938 1941 1944 1947 1950 1953 1956 1959 1962 1965 1968 1971 1974 1977 1980 1983 1986 1989 1992 1995 1998 2001 2004 2007 2010 2013 2016 2019 2022 2025 2028 2031 2034 2037 2040 2043 2046 2049 2052 2055 2058 2061 2064 2067 2070 2073 2076 2079 2082 2085 2088 2091 2094 2097 2100 2103 2106 2109 2112 2115 2118 2121 2124 2127 2130 2133 2136 2139 2142 2145 2148 2151 2154 2157 2160 2163 2166 2169 2172 2175 2178 2181 2184 2187 2190 2193 2196 2199 2202 2205 2208 2211 2214 2217 2220 2223 2226 2229 2232 2235 2238 2241 2244 2247 2250 2253 2256 2259 2262 2265 2268 2271 2274 2277 2280 2283 2286 2289 2292 2295 2298 2301 2304 2307 2310 2313 2316 2319 2322 2325 2328 2331 2334 2337 2340 2343 2346 2349 2352 2355 2358 2361 2364 2367 2370 2373 2376 2379 2382 2385 2388 2391 2394 2397 2400 2403 2406 2409 2412 2415 2418 2421 2424 2427 2430 2433 2436 2439 2442 2445 2448 2451 2454 2457 2460 2463 2466 2469 2472 2475 2478 2481 2484 2487 2490 2493 2496 2499 2502 2505 2508 2511 2514 2517 2520 2523 2526 2529 2532 2535 2538 2541 2544 2547 2550 2553 2556 2559 2562 2565 2568 2571 2574 2577 2580 2583 2586 2589 2592 2595 2598 2601 2604 2607 2610 2613 2616 2619 2622 2625 2628 2631 2634 2637 2640 2643 2646 2649 2652 2655 2658 2661 2664 2667 2670 2673 2676 2679 2682 2685 2688 2691 2694 2697 2700 2703 2706 2709 2712 2715 2718 2721 2724 2727 2730 2733 2736 2739 2742 2745 2748 2751 2754 2757 2760 2763 2766 2769 2772 2775 2778 2781 2784 2787 2790 2793 2796 2799 2802 2805 2808 2811 2814 2817 2820 2823 2826 2829 2832 2835 2838 2841 2844 2847 2850 2853 2856 2859 2862 2865 2868 2871 2874 2877 2880 2883 2886 2889 2892 2895 2898 2901 2904 2907 2910 2913 2916 2919 2922 2925 2928 2931 2934 2937 2940 2943 2946 2949 2952 2955 2958 2961 2964 2967 2970 2973 2976 2979 2982 2985 2988 2991 2994 2997 3000 3003 3006 3009 3012 3015 3018 3021 3024 3027 3030 3033 3036 3039 3042 3045 3048 3051 3054 3057 3060 3063 3066 3069 3072 3075 3078 3081 3084 3087 3090 3093 3096 3099 3102 3105 3108 3111 3114 3117 3120 3123 3126 3129 3132 3135 3138 3141 3144 3147 3150 3153 3156 3159 3162 3165 3168 3171 3174 3177 3180 3183 3186 3189 3192 3195 3198 3201 3204 3207 3210 3213 3216 3219 3222 3225 3228 3231 3234 3237 3240 3243 3246 3249 3252 3255 3258 3261 3264 3267 3270 3273 3276 3279 3282 3285 3288 3291 3294 3297 3300 3303 3306 3309 3312 3315 3318 3321 3324 3327 3330 3333 3336 3339 3342 3345 3348 3351 3354 3357 3360 3363 3366 3369 3372 3375 3378 3381 3384 3387 3390 3393 3396 3399 3402 3405 3408 3411 3414 3417 3420 3423 3426 3429 3432 3435 3438 3441 3444 3447 3450 3453 3456 3459 3462 3465 3468 3471 3474 3477 3480 3483 3486 3489 3492 3495 3498 3501 3504 3507 3510 3513 3516 3519 3522 3525 3528 3531 3534 3537 3540 3543 3546 3549 3552 3555 3558 3561 3564 3567 3570 3573 3576 3579 3582 3585 3588 3591 3594 3597 3600 3603 3606 3609 3612 3615 3618 3621 3624 3627 3630 3633 3636 3639 3642 3645 3648 3651 3654 3657 3660 3663 3666 3669 3672 3675 3678 3681 3684 3687 3690 3693 3696 3699 3702 3705 3708 3711 3714 3717 3720 3723 3726 3729 3732 3735 3738 3741 3744 3747 3750 3753 3756 3759 3762 3765 3768 3771 3774 3777 3780 3783 3786 3789 3792 3795 3798 3801 3804 3807 3810 3813 3816 3819 3822 3825 3828 3831 3834 3837 3840 3843 3846 3849 3852 3855 3858 3861 3864 3867 3870 3873 3876 3879 3882 3885 3888 3891 3894 3897 3900 3903 3906 3909 3912 3915 3918 3921 3924 3927 3930 3933 3936 3939 3942 3945 3948 3951 3954 3957 3960 3963 3966 3969 3972 3975 3978 3981 3984 3987 3990 3993 3996 3999 4002 4005 4008 4011 4014 4017 4020 4023 4026 4029 4032 4035 4038 4041 4044 4047 4050 4053 4056 4059 4062 4065 4068 4071 4074 4077 4080 4083 4086 4089 4092 4095 4098 4101 4104 4107 4110 4113 4116 4119 4122 4125 4128 4131 4134 4137 4140 4143 4146 4149 4152 4155 4158 4161 4164 4167 4170 4173 4176 4179 4182 4185 4188 4191 4194 4197 4200 4203 4206 4209 4212 4215 4218 4221 4224 4227 4230 4233 4236 4239 4242 4245 4248 4251 4254 4257 4260 4263 4266 4269 4272 4275 4278 4281 4284 4287 4290 4293 4296 4299 4302 4305 4308 4311 4314 4317 4320 4323 4326 4329 4332 4335 4338 4341 4344 4347 4350 4353 4356 4359 4362 4365 4368 4371 4374 4377 4380 4383 4386 4389 4392 4395 4398 4401 4404 4407 4410 4413 4416 4419 4422 4425 4428 4431 4434 4437 4440 4443 4446 4449 4452 4455 4458 4461 4464 4467 4470 4473 4476 4479 4482 4485 4488 4491 4494 4497 4500 4503 4506 4509 4512 4515 4518 4521 4524 4527 4530 4533 4536 4539 4542 4545 4548 4551 4554 4557 4560 4563 4566 4569 4572 4575 4578 4581 4584 4587 4590 4593 4596 4599 4602 4605 4608 4611 4614 4617 4620 4623 4626 4629 4632 4635 4638 4641 4644 4647 4650 4653 4656 4659 4662 4665 4668 4671 4674 4677 4680 4683 4686 4689 4692 4695 4698 4701 4704 4707 4710 4713 4716 4719 4722 4725 4728 4731 4734 4737 4740 4743 4746 4749 4752 4755 4758 4761 4764 4767 4770 4773 4776 4779 4782 4785 4788 4791 4794 4797 4800 4803 4806 4809 4812 4815 4818 4821 4824 4827 4830 4833 4836 4839 4842 4845 4848 4851 4854 4857 4860 4863 4866 4869 4872 4875 4878 4881 4884 4887 4890 4893 4896 4899 4902 4905 4908 4911 4914 4917 4920 4923 4926 4929 4932 4935 4938 4941 4944 4947 4950 4953 4956 4959 4962 4965 4968 4971 4974 4977 4980 4983 4986 4989 4992 4995 4998 5001 5004 5007 5010 5013 5016 5019 5022 5025 5028 5031 5034 5037 5040 5043 5046 5049 5052 5055 5058 5061 5064 5067 5070 5073 5076 5079 5082 5085 5088 5091 5094 5097 5100 5103 5106 5109 5112 5115 5118 5121 5124 5127 5130 5133 5136 5139 5142 5145 5148 5151 5154 5157 5160 5163 5166 5169 5172 5175 5178 5181 5184 5187 5190 5193 5196 5199 5202 5205 5208 5211 5214 5217 5220 5223 5226 5229 5232 5235 5238 5241 5244 5247 5250 5253 5256 5259 5262 5265 5268 5271 5274 5277 5280 5283 5286 5289 5292 5295 5298 5301 5304 5307 5310 5313 5316 5319 5322 5325 5328 5331 5334 5337 5340 5343 5346 5349 5352 5355 5358 5361 5364 5367 5370 5373 5376 5379 5382 5385 5388 5391 5394 5397 5400 5403 5406 5409 5412 5415 5418 5421 5424 5427 5430 5433 5436 5439 5442 5445 5448 5451 5454 5457 5460 5463 5466 5469 5472 5475 5478 5481 5484 5487 5490 5493 5496 5499 5502 5505 5508 5511 5514 5517 5520 5523 5526 5529 5532 5535 5538 5541 5544 5547 5550 5553 5556 5559 5562 5565 5568 5571 5574 5577 5580 5583 5586 5589 5592 5595 5598 5601 5604 5607 5610 5613 5616 5619 5622 5625 5628 5631 5634 5637 5640 5643 5646 5649 5652 5655 5658 5661 5664 5667 5670 5673 5676 5679 5682 5685 5688 5691 5694 5697 5700 5703 5706 5709 5712 5715 5718 5721 5724 5727 5730 5733 5736 5739 5742 5745 5748 5751 5754 5757 5760 5763 5766 5769 5772 5775 5778 5781 5784 5787 5790 5793 5796 5799 5802 5805 5808 5811 5814 5817 5820 5823 5826 5829 5832 5835 5838 5841 5844 5847 5850 5853 5856 5859 5862 5865 5868 5871 5874 5877 5880 5883 5886 5889 5892 5895 5898 5901 5904 5907 5910 5913 5916 5919 5922 5925 5928 5931 5934 5937 5940 5943 5946 5949 5952 5955 5958 5961 5964 5967 5970 5973 5976 5979 5982 5985 5988 5991 5994 5997 6000 6003 6006 6009 6012 6015 6018 6021 6024 6027 6030 6033 6036 6039 6042 6045 6048 6051 6054 6057 6060 6063 6066 6069 6072 6075 6078 6081 6084 6087 6090 6093 6096 6099 6102 6105 6108 6111 6114 6117 6120 6123 6126 6129 6132 6135 6138 6141 6144 6147 6150 6153 6156 6159 6162 6165 6168 6171 6174 6177 6180 6183 6186 6189 6192 6195 6198 6201 6204 6207 6210 6213 6216 6219 6222 6225 6228 6231 6234 6237 6240 6243 6246 6249 6252 6255 6258 6261 6264 6267 6270 6273 6276 6279 6282 6285 6288 6291 6294 6297 6300 6303 6306 6309 6312 6315 6318 6321 6324 6327 6330 6333 6336 6339 6342 6345 6348 6351 6354 6357 6360 6363 6366 6369 6372 6375 6378 6381 6384 6387 6390 6393 6396 6399 6402 6405 6408 6411 6414 6417 6420 6423 6426 6429 6432 6435 6438 6441 6444 6447 6450 6453 6456 6459 6462 6465 6468 6471 6474 6477 6480 6483 6486 6489 6492 6495 6498 6501 6504 6507 6510 6513 6516 6519 6522 6525 6528 6531 6534 6537 6540 6543 6546 6549 6552 6555 6558 6561 6564 6567 6570 6573 6576 6579 6582 6585 6588 6591 6594 6597 6600 6603 6606 6609 6612 6615 6618 6621 6624 6627 6630 6633 6636 6639 6642 6645 6648 6651 6654 6657 6660 6663 6666 6669 6672 6675 6678 6681 6684 6687 6690 6693 6696 6699 6702 6705 6708 6711 6714 6717 6720 6723 6726 6729 6732 6735 6738 6741 6744 6747 6750 6753 6756 6759 6762 6765 6768 6771 6774 6777 6780 6783 6786 6789 6792 6795 6798 6801 6804 6807 6810 6813 6816 6819 6822 6825 6828 6831 6834 6837 6840 6843 6846 6849 6852 6855 6858 6861 6864 6867 6870 6873 6876 6879 6882 6885 6888 6891 6894 6897 6900 6903 6906 6909 6912 6915 6918 6921 6924 6927 6930 6933 6936 6939 6942 6945 6948 6951 6954 6957 6960 6963 6966 6969 6972 6975 6978 6981 6984 6987 6990 6993 6996 6999 7002 7005 7008 7011 7014 7017 7020 7023 7026 7029 7032 7035 7038 7041 7044 7047 7050 7053 7056 7059 7062 7065 7068 7071 7074 7077 7080 7083 7086 7089 7092 7095 7098 7101 7104 7107 7110 7113 7116 7119 7122 7125 7128 7131 7134 7137 7140 7143 7146 7149 7152 7155 7158 7161 7164 7167 7170 7173 7176 7179 7182 7185 7188 7191 7194 7197 7200 7203 7206 7209 7212 7215 7218 7221 7224 7227 7230 7233 7236 7239 7242 7245 7248 7251 7254 7257 7260 7263 7266 7269 7272 7275 7278 7281 7284 7287 7290 7293 7296 7299 7302 7305 7308 7311 7314 7317 7320 7323 7326 7329 7332 7335 7338 7341 7344 7347 7350 7353 7356 7359 7362 7365 7368 7371 7374 7377 7380 7383 7386 7389 7392 7395 7398 7401 7404 7407 7410 7413 7416 7419 7422 7425 7428 7431 7434 7437 7440 7443 7446 7449 7452 7455 7458 7461 7464 7467 7470 7473 7476 7479 7482 7485 7488 7491 7494 7497 7500 7503 7506 7509 7512 7515 7518 7521 7524 7527 7530 7533 7536 7539 7542 7545 7548 7551 7554 7557 7560 7563 7566 7569 7572 7575 7578 7581 7584 7587 7590 7593 7596 7599 7602 7605 7608 7611 7614 7617 7620 7623 7626 7629 7632 7635 7638 7641 7644 7647 7650 7653 7656 7659 7662 7665 7668 7671 7674 7677 7680 7683 7686 7689 7692 7695 7698 7701 7704 7707 7710 7713 7716 7719 7722 7725 7728 7731 7734 7737 7740 7743 7746 7749 7752 7755 7758 7761 7764 7767 7770 7773 7776 7779 7782 7785 7788 7791 7794 7797 7800 7803 7806 7809 7812 7815 7818 7821 7824 7827 7830 7833 7836 7839 7842 7845 7848 7851 7854 7857 7860 7863 7866 7869 7872 7875 7878 7881 7884 7887 7890 7893 7896 7899 7902 7905 7908 7911 7914 7917 7920 7923 7926 7929 7932 7935 7938 7941 7944 7947 7950 7953 7956 7959 7962 7965 7968 7971 7974 7977 7980 7983 7986 7989 7992 7995 7998 8001 8004 8007 8010 8013 8016 8019 8022 8025 8028 8031 8034 8037 8040 8043 8046 8049 8052 8055 8058 8061 8064 8067 8070 8073 8076 8079 8082 8085 8088 8091 8094 8097 8100 8103 8106 8109 8112 8115 8118 8121 8124 8127 8130 8133 8136 8139 8142 8145 8148 8151 8154 8157 8160 8163 8166 8169 8172 8175 8178 8181 8184 8187 8190 8193 8196 8199 8202 8205 8208 8211 8214 8217 8220 8223 8226 8229 8232 8235 8238 8241 8244 8247 8250 8253 8256 8259 8262 8265 8268 8271 8274 8277 8280 8283 8286 8289 8292 8295 8298 8301 8304 8307 8310 8313 8316 8319 8322 8325 8328 8331 8334 8337 8340 8343 8346 8349 8352 8355 8358 8361 8364 8367 8370 8373 8376 8379 8382 8385 8388 8391 8394 8397 8400 8403 8406 8409 8412 8415 8418 8421 8424 8427 8430 8433 8436 8439 8442 8445 8448 8451 8454 8457 8460 8463 8466 8469 8472 8475 8478 8481 8484 8487 8490 8493 8496 8499 8502 8505 8508 8511 8514 8517 8520 8523 8526 8529 8532 8535 8538 8541 8544 8547 8550 8553 8556 8559 8562 8565 8568 8571 8574 8577 8580 8583 8586 8589 8592 8595 8598 8601 8604 8607 8610 8613 8616 8619 8622 8625 8628 8631 8634 8637 8640 8643 8646 8649 8652 8655 8658 8661 8664 8667 8670 8673 8676 8679 8682 8685 8688 8691 8694 8697 8700 8703 8706 8709 8712 8715 8718 8721 8724 8727 8730 8733 8736 8739 8742 8745 8748 8751 8754 8757 8760 8763 8766 8769 8772 8775 8778 8781 8784 8787 8790 8793 8796 8799 8802 8805 8808 8811 8814 8817 8820 8823 8826 8829 8832 8835 8838 8841 8844 8847 8850 8853 8856 8859 8862 8865 8868 8871 8874 8877 8880 8883 8886 8889 8892 8895 8898 8901 8904 8907 8910 8913 8916 8919 8922 8925 8928 8931 8934 8937 8940 8943 8946 8949 8952 8955 8958 8961 8964 8967 8970 8973 8976 8979 8982 8985 8988 8991 8994 8997 9000 9003 9006 9009 9012 9015 9018 9021 9024 9027 9030 9033 9036 9039 9042 9045 9048 9051 9054 9057 9060 9063 9066 9069 9072 9075 9078 9081 9084 9087 9090 9093 9096 9099 9102 9105 9108 9111 9114 9117 9120 9123 9126 9129 9132 9135 9138 9141 9144 9147 9150 9153 9156 9159 9162 9165 9168 9171 9174 9177 9180 9183 9186 9189 9192 9195 9198 9201 9204 9207 9210 9213 9216 9219 9222 9225 9228 9231 9234 9237 9240 9243 9246 9249 9252 9255 9258 9261 9264 9267 9270 9273 9276 9279 9282 9285 9288 9291 9294 9297 9300 9303 9306 9309 9312 9315 9318 9321 9324 9327 9330 9333 9336 9339 9342 9345 9348 9351 9354 9357 9360 9363 9366 9369 9372 9375 9378 9381 9384 9387 9390 9393 9396 9399 9402 9405 9408 9411 9414 9417 9420 9423 9426 9429 9432 9435 9438 9441 9444 9447 9450 9453 9456 9459 9462 9465 9468 9471 9474 9477 9480 9483 9486 9489 9492 9495 9498 9501 9504 9507 9510 9513 9516 9519 9522 9525 9528 9531 9534 9537 9540 9543 9546 9549 9552 9555 9558 9561 9564 9567 9570 9573 9576 9579 9582 9585 9588 9591 9594 9597 9600 9603 9606 9609 9612 9615 9618 9621 9624 9627 9630 9633 9636 9639 9642 9645 9648 9651 9654 9657 9660 9663 9666 9669 9672 9675 9678 9681 9684 9687 9690 9693 9696 9699 9702 9705 9708 9711 9714 9717 9720 9723 9726 9729 9732 9735 9738 9741 9744 9747 9750 9753 9756 9759 9762 9765 9768 9771 9774 9777 9780 9783 9786 9789 9792 9795 9798 9801 9804 9807 9810 9813 9816 9819 9822 9825 9828 9831 9834 9837 9840 9843 9846 9849 9852 9855 9858 9861 9864 9867 9870 9873 9876 9879 9882 9885 9888 9891 9894 9897 9900 9903 9906 9909 9912 9915 9918 9921 9924 9927 9930 9933 9936 9939 9942 9945 9948 9951 9954 9957 9960 9963 9966 9969 9972 9975 9978 9981 9984 9987 9990 9993 9996 9999 10002 10005 10008 10011 10014 10017 10020 10023 10026 10029 10032 10035 10038 10041 10044 10047 10050 10053 10056 10059 10062 10065 10068 10071 10074 10077 10080 10083 10086 10089 10092 10095 10098 10101 10104 10107 10110 10113 10116 10119 10122 10125 10128 10131 10134 10137 10140 10143 10146 10149 10152 10155 10158 10161 10164 10167 10170 10173 10176 10179 10182 10185 10188 10191 10194 10197 10200 10203 10206 10209 10212 10215 10218 10221 10224 10227 10230 10233 10236 10239 10242 10245 10248 10251 10254 10257 10260 10263 10266 10269 10272 10275 10278 10281 10284 10287 10290 10293 10296 10299 10302 10305 10308 10311 10314 10317 10320 10323 10326 10329 10332 10335 10338 10341 10344 10347 10350 10353 10356 10359 10362 10365 10368 10371 10374 10377 10380 10383 10386 10389 10392 10395 10398 10401 10404 10407 10410 10413 10416 10419 10422 10425 10428 10431 10434 10437 10440 10443 10446 10449 10452 10455 10458 10461 10464 10467 10470 10473 10476 10479 10482 10485 10488 10491 10494 10497 10500 10503 10506 10509 10512 10515 10518 10521 10524 10527 10530 10533 10536 10539 10542 10545 10548 10551 10554 10557 10560 10563 10566 10569 10572 10575 10578 10581 10584 10587 10590 10593 10596 10599 10602 10605 10608 10611 10614 10617 10620 10623 10626 10629 10632 10635 10638 10641 10644 10647 10650 10653 10656 10659 10662 10665 10668 10671 10674 10677 10680 10683 10686 10689 10692 10695 10698 10701 10704 10707 10710 10713 10716 10719 10722 10725 10728 10731 10734 10737 10740 10743 10746 10749 10752 10755 10758 10761 10764 10767 10770 10773 10776 10779 10782 10785 10788 10791 10794 10797 10800 10803 10806 10809 10812 10815 10818 10821 10824 10827 10830 10833 10836 10839 10842 10845 10848 10851 10854 10857 10860 10863 10866 10869 10872 10875 10878 10881 10884 10887 10890 10893 10896 10899 10902 10905 10908 10911 10914 10917 10920 10923 10926 10929 10932 10935 10938 10941 10944 10947 10950 10953 10956 10959 10962 10965 10968 10971 10974 10977 10980 10983 10986 10989 10992 10995 10998 11001 11004 11007 11010 11013 11016 11019 11022 11025 11028 11031 11034 11037 11040 11043 11046 11049 11052 11055 11058 11061 11064 11067 11070 11073 11076 11079 11082 11085 11088 11091 11094 11097 11100 11103 11106 11109 11112 11115 11118 11121 11124 11127 11130 11133 11136 11139 11142 11145 11148 11151 11154 11157 11160 11163 11166 11169 11172 11175 11178 11181 11184 11187 11190 11193 11196 11199 11202 11205 11208 11211 11214 11217 11220 11223 11226 11229 11232 11235 11238 11241 11244 11247 11250 11253 11256 11259 11262 11265 11268 11271 11274 11277 11280 11283 11286 11289 11292 11295 11298 11301 11304 11307 11310 11313 11316 11319 11322 11325 11328 11331 11334 11337 11340 11343 11346 11349 11352 11355 11358 11361 11364 11367 11370 11373 11376 11379 11382 11385 11388 11391 11394 11397 11400 11403 11406 11409 11412 11415 11418 11421 11424 11427 11430 11433 11436 11439 11442 11445 11448 11451 11454 11457 11460 11463 11466 11469 11472 11475 11478 11481 11484 11487 11490 11493 11496 11499 11502 11505 11508 11511 11514 11517 11520 11523 11526 11529 11532 11535 </DataArray>
<DataArray  type="UInt8"  Name="types"  format="ascii">5 5 5 5 5 5 5 5 5 5 5 5 5 5 5 5 5 5 5 5 5 5 5 5 5 5 5 5 5 5 5 5 5 5 5 5 5 5 5 5 5 5 5 5 5 5 5 5 5 5 5 5 5 5 5 5 5 5 5 5 5 5 5 5 5 5 5 5 5 5 5 5 5 5 5 5 5 5 5 5 5 5 5 5 5 5 5 5 5 5 5 5 5 5 5 5 5 5 5 5 5 5 5 5 5 5 5 5 5 5 5 5 5 5 5 5 5 5 5 5 5 5 5 5 5 5 5 5 5 5 5 5 5 5 5 5 5 5 5 5 5 5 5 5 5 5 5 5 5 5 5 5 5 5 5 5 5 5 5 5 5 5 5 5 5 5 5 5 5 5 5 5 5 5 5 5 5 5 5 5 5 5 5 5 5 5 5 5 5 5 5 5 5 5 5 5 5 5 5 5 5 5 5 5 5 5 5 5 5 5 5 5 5 5 5 5 5 5 5 5 5 5 5 5 5 5 5 5 5 5 5 5 5 5 5 5 5 5 5 5 5 5 5 5 5 5 5 5 5 5 5 5 5 5 5 5 5 5 5 5 5 5 5 5 5 5 5 5 5 5 5 5 5 5 5 5 5 5 5 5 5 5 5 5 5 5 5 5 5 5 5 5 5 5 5 5 5 5 5 5 5 5 5 5 5 5 5 5 5 5 5 5 5 5 5 5 5 5 5 5 5 5 5 5 5 5 5 5 5 5 5 5 5 5 5 5 5 5 5 5 5 5 5 5 5 5 5 5 5 5 5 5 5 5 5 5 5 5 5 5 5 5 5 5 5 5 5 5 5 5 5 5 5 5 5 5 5 5 5 5 5 5 5 5 5 5 5 5 5 5 5 5 5 5 5 5 5 5 5 5 5 5 5 5 5 5 5 5 5 5 5 5 5 5 5 5 5 5 5 5 5 5 5 5 5 5 5 5 5 5 5 5 5 5 5 5 5 5 5 5 5 5 5 5 5 5 5 5 5 5 5 5 5 5 5 5 5 5 5 5 5 5 5 5 5 5 5 5 5 5 5 5 5 5 5 5 5 5 5 5 5 5 5 5 5 5 5 5 5 5 5 5 5 5 5 5 5 5 5 5 5 5 5 5 5 5 5 5 5 5 5 5 5 5 5 5 5 5 5 5 5 5 5 5 5 5 5 5 5 5 5 5 5 5 5 5 5 5 5 5 5 5 5 5 5 5 5 5 5 5 5 5 5 5 5 5 5 5 5 5 5 5 5 5 5 5 5 5 5 5 5 5 5 5 5 5 5 5 5 5 5 5 5 5 5 5 5 5 5 5 5 5 5 5 5 5 5 5 5 5 5 5 5 5 5 5 5 5 5 5 5 5 5 5 5 5 5 5 5 5 5 5 5 5 5 5 5 5 5 5 5 5 5 5 5 5 5 5 5 5 5 5 5 5 5 5 5 5 5 5 5 5 5 5 5 5 5 5 5 5 5 5 5 5 5 5 5 5 5 5 5 5 5 5 5 5 5 5 5 5 5 5 5 5 5 5 5 5 5 5 5 5 5 5 5 5 5 5 5 5 5 5 5 5 5 5 5 5 5 5 5 5 5 5 5 5 5 5 5 5 5 5 5 5 5 5 5 5 5 5 5 5 5 5 5 5 5 5 5 5 5 5 5 5 5 5 5 5 5 5 5 5 5 5 5 5 5 5 5 5 5 5 5 5 5 5 5 5 5 5 5 5 5 5 5 5 5 5 5 5 5 5 5 5 5 5 5 5 5 5 5 5 5 5 5 5 5 5 5 5 5 5 5 5 5 5 5 5 5 5 5 5 5 5 5 5 5 5 5 5 5 5 5 5 5 5 5 5 5 5 5 5 5 5 5 5 5 5 5 5 5 5 5 5 5 5 5 5 5 5 5 5 5 5 5 5 5 5 5 5 5 5 5 5 5 5 5 5 5 5 5 5 5 5 5 5 5 5 5 5 5 5 5 5 5 5 5 5 5 5 5 5 5 5 5 5 5 5 5 5 5 5 5 5 5 5 5 5 5 5 5 5 5 5 5 5 5 5 5 5 5 5 5 5 5 5 5 5 5 5 5 5 5 5 5 5 5 5 5 5 5 5 5 5 5 5 5 5 5 5 5 5 5 5 5 5 5 5 5 5 5 5 5 5 5 5 5 5 5 5 5 5 5 5 5 5 5 5 5 5 5 5 5 5 5 5 5 5 5 5 5 5 5 5 5 5 5 5 5 5 5 5 5 5 5 5 5 5 5 5 5 5 5 5 5 5 5 5 5 5 5 5 5 5 5 5 5 5 5 5 5 5 5 5 5 5 5 5 5 5 5 5 5 5 5 5 5 5 5 5 5 5 5 5 5 5 5 5 5 5 5 5 5 5 5 5 5 5 5 5 5 5 5 5 5 5 5 5 5 5 5 5 5 5 5 5 5 5 5 5 5 5 5 5 5 5 5 5 5 5 5 5 5 5 5 5 5 5 5 5 5 5 5 5 5 5 5 5 5 5 5 5 5 5 5 5 5 5 5 5 5 5 5 5 5 5 5 5 5 5 5 5 5 5 5 5 5 5 5 5 5 5 5 5 5 5 5 5 5 5 5 5 5 5 5 5 5 5 5 5 5 5 5 5 5 5 5 5 5 5 5 5 5 5 5 5 5 5 5 5 5 5 5 5 5 5 5 5 5 5 5 5 5 5 5 5 5 5 5 5 5 5 5 5 5 5 5 5 5 5 5 5 5 5 5 5 5 5 5 5 5 5 5 5 5 5 5 5 5 5 5 5 5 5 5 5 5 5 5 5 5 5 5 5 5 5 5 5 5 5 5 5 5 5 5 5 5 5 5 5 5 5 5 5 5 5 5 5 5 5 5 5 5 5 5 5 5 5 5 5 5 5 5 5 5 5 5 5 5 5 5 5 5 5 5 5 5 5 5 5 5 5 5 5 5 5 5 5 5 5 5 5 5 5 5 5 5 5 5 5 5 5 5 5 5 5 5 5 5 5 5 5 5 5 5 5 5 5 5 5 5 5 5 5 5 5 5 5 5 5 5 5 5 5 5 5 5 5 5 5 5 5 5 5 5 5 5 5 5 5 5 5 5 5 5 5 5 5 5 5 5 5 5 5 5 5 5 5 5 5 5 5 5 5 5 5 5 5 5 5 5 5 5 5 5 5 5 5 5 5 5 5 5 5 5 5 5 5 5 5 5 5 5 5 5 5 5 5 5 5 5 5 5 5 5 5 5 5 5 5 5 5 5 5 5 5 5 5 5 5 5 5 5 5 5 5 5 5 5 5 5 5 5 5 5 5 5 5 5 5 5 5 5 5 5 5 5 5 5 5 5 5 5 5 5 5 5 5 5 5 5 5 5 5 5 5 5 5 5 5 5 5 5 5 5 5 5 5 5 5 5 5 5 5 5 5 5 5 5 5 5 5 5 5 5 5 5 5 5 5 5 5 5 5 5 5 5 5 5 5 5 5 5 5 5 5 5 5 5 5 5 5 5 5 5 5 5 5 5 5 5 5 5 5 5 5 5 5 5 5 5 5 5 5 5 5 5 5 5 5 5 5 5 5 5 5 5 5 5 5 5 5 5 5 5 5 5 5 5 5 5 5 5 5 5 5 5 5 5 5 5 5 5 5 5 5 5 5 5 5 5 5 5 5 5 5 5 5 5 5 5 5 5 5 5 5 5 5 5 5 5 5 5 5 5 5 5 5 5 5 5 5 5 5 5 5 5 5 5 5 5 5 5 5 5 5 5 5 5 5 5 5 5 5 5 5 5 5 5 5 5 5 5 5 5 5 5 5 5 5 5 5 5 5 5 5 5 5 5 5 5 5 5 5 5 5 5 5 5 5 5 5 5 5 5 5 5 5 5 5 5 5 5 5 5 5 5 5 5 5 5 5 5 5 5 5 5 5 5 5 5 5 5 5 5 5 5 5 5 5 5 5 5 5 5 5 5 5 5 5 5 5 5 5 5 5 5 5 5 5 5 5 5 5 5 5 5 5 5 5 5 5 5 5 5 5 5 5 5 5 5 5 5 5 5 5 5 5 5 5 5 5 5 5 5 5 5 5 5 5 5 5 5 5 5 5 5 5 5 5 5 5 5 5 5 5 5 5 5 5 5 5 5 5 5 5 5 5 5 5 5 5 5 5 5 5 5 5 5 5 5 5 5 5 5 5 5 5 5 5 5 5 5 5 5 5 5 5 5 5 5 5 5 5 5 5 5 5 5 5 5 5 5 5 5 5 5 5 5 5 5 5 5 5 5 5 5 5 5 5 5 5 5 5 5 5 5 5 5 5 5 5 5 5 5 5 5 5 5 5 5 5 5 5 5 5 5 5 5 5 5 5 5 5 5 5 5 5 5 5 5 5 5 5 5 5 5 5 5 5 5 5 5 5 5 5 5 5 5 5 5 5 5 5 5 5 5 5 5 5 5 5 5 5 5 5 5 5 5 5 5 5 5 5 5 5 5 5 5 5 5 5 5 5 5 5 5 5 5 5 5 5 5 5 5 5 5 5 5 5 5 5 5 5 5 5 5 5 5 5 5 5 5 5 5 5 5 5 5 5 5 5 5 5 5 5 5 5 5 5 5 5 5 5 5 5 5 5 5 5 5 5 5 5 5 5 5 5 5 5 5 5 5 5 5 5 5 5 5 5 5 5 5 5 5 5 5 5 5 5 5 5 5 5 5 5 5 5 5 5 5 5 5 5 5 5 5 5 5 5 5 5 5 5 5 5 5 5 5 5 5 5 5 5 5 5 5 5 5 5 5 5 5 5 5 5 5 5 5 5 5 5 5 5 5 5 5 5 5 5 5 5 5 5 5 5 5 5 5 5 5 5 5 5 5 5 5 5 5 5 5 5 5 5 5 5 5 5 5 5 5 5 5 5 5 5 5 5 5 5 5 5 5 5 5 5 5 5 5 5 5 5 5 5 5 5 5 5 5 5 5 5 5 5 5 5 5 5 5 5 5 5 5 5 5 5 5 5 5 5 5 5 5 5 5 5 5 5 5 5 5 5 5 5 5 5 5 5 5 5 5 5 5 5 5 5 5 5 5 5 5 5 5 5 5 5 5 5 5 5 5 5 5 5 5 5 5 5 5 5 5 5 5 5 5 5 5 5 5 5 5 5 5 5 5 5 5 5 5 5 5 5 5 5 5 5 5 5 5 5 5 5 5 5 5 5 5 5 5 5 5 5 5 5 5 5 5 5 5 5 5 5 5 5 5 5 5 5 5 5 5 5 5 5 5 5 5 5 5 5 5 5 5 5 5 5 5 5 5 5 5 5 5 5 5 5 5 5 5 5 5 5 5 5 5 5 5 5 5 5 5 5 5 5 5 5 5 5 5 5 5 5 5 5 5 5 5 5 5 5 5 5 5 5 5 5 5 5 5 5 5 5 5 5 5 5 5 5 5 5 5 5 5 5 5 5 5 5 5 5 5 5 5 5 5 5 5 5 5 5 5 5 5 5 5 5 5 5 5 5 5 5 5 5 5 5 5 5 5 5 5 5 5 5 5 5 5 5 5 5 5 5 5 5 5 5 5 5 5 5 5 5 5 5 5 5 5 5 5 5 5 5 5 5 5 5 5 5 5 5 5 5 5 5 5 5 5 5 5 5 5 5 5 5 5 5 5 5 5 5 5 5 5 5 5 5 5 5 5 5 5 5 5 5 5 5 5 5 5 5 5 5 5 5 5 5 5 5 5 5 5 5 5 5 5 5 5 5 5 5 5 5 5 5 5 5 5 5 5 5 5 5 5 5 5 5 5 5 5 5 5 5 5 5 5 5 5 5 5 5 5 5 5 5 5 5 5 5 5 5 5 5 5 5 5 5 5 5 5 5 5 5 5 5 5 5 5 5 5 5 5 5 5 5 5 5 5 5 5 5 5 5 5 5 5 5 5 5 5 5 5 5 5 5 5 5 5 5 5 5 5 5 5 5 5 5 5 5 5 5 5 5 5 5 5 5 5 5 5 5 5 5 5 5 5 5 5 5 5 5 5 5 5 5 5 5 5 5 5 5 5 5 5 5 5 5 5 5 5 5 5 5 5 5 5 5 5 5 5 5 5 5 5 5 5 5 5 5 5 5 5 5 5 5 5 5 5 5 5 5 5 5 5 5 5 5 5 5 5 5 5 5 5 5 5 5 5 5 5 5 5 5 5 5 5 5 5 5 5 5 5 5 5 5 5 5 5 5 5 5 5 5 5 5 5 5 5 5 5 5 5 5 5 5 5 5 5 5 5 5 5 5 5 5 5 5 5 5 5 5 5 5 5 5 5 5 5 5 5 5 5 5 5 5 5 5 5 5 5 5 5 5 5 5 5 5 5 5 5 5 5 5 5 5 5 5 5 5 5 5 5 5 5 5 5 5 5 5 5 5 5 5 5 5 5 5 5 5 5 5 5 5 5 5 5 5 5 5 5 5 5 5 5 5 5 5 5 5 5 5 5 5 5 5 5 5 5 5 5 5 5 5 5 5 5 5 5 5 5 5 5 5 5 5 5 5 5 5 5 5 5 5 5 5 5 5 5 5 5 5 5 5 5 5 5 5 5 5 5 5 5 5 5 5 5 5 5 5 5 5 5 5 5 5 5 5 5 5 5 5 5 5 5 5 5 5 5 5 5 5 5 5 5 5 5 5 5 5 5 5 5 5 5 5 5 5 5 5 5 5 5 5 5 5 5 5 5 5 5 5 5 5 5 5 5 5 5 5 5 5 5 5 5 5 5 5 5 5 5 5 5 5 5 5 5 5 5 5 5 5 5 5 5 5 5 5 5 5 5 5 5 5 5 5 5 5 5 5 5 5 5 5 5 5 5 5 5 5 5 5 5 5 5 5 5 5 5 5 5 5 5 5 5 5 5 5 5 5 5 5 5 5 5 5 5 5 5 5 5 5 5 5 5 5 5 5 5 5 5 5 5 5 5 5 5 5 5 5 5 5 5 5 5 5 5 5 5 5 5 5 5 5 5 5 5 5 5 5 5 5 5 5 5 5 5 5 5 5 5 5 5 5 5 5 5 5 5 5 5 5 5 5 5 5 5 5 5 5 5 5 5 5 5 5 5 5 5 5 5 5 5 5 5 5 5 5 5 5 5 5 5 5 5 5 5 5 5 5 5 5 5 5 5 5 5 5 5 5 5 5 5 5 5 5 5 5 5 5 5 5 5 5 5 5 5 5 5 5 5 5 5 5 5 5 5 5 5 5 5 5 5 5 5 5 5 5 5 5 5 5 5 5 5 5 5 5 5 5 5 5 5 5 5 5 5 5 5 5 5 5 5 5 5 5 5 5 5 5 5 5 5 5 5 5 5 5 5 5 5 5 5 5 5 5 5 5 5 5 5 5 5 5 5 5 5 5 5 5 5 5 5 5 5 5 5 5 5 5 5 5 5 5 5 5 5 5 5 5 5 5 5 5 5 5 5 5 5 5 5 5 5 5 5 5 5 5 5 5 5 5 5 5 5 5 5 5 5 5 5 5 5 5 5 5 5 5 5 5 5 5 5 5 5 5 5 5 5 5 5 5 5 5 5 5 5 5 5 5 5 5 5 5 5 5 5 5 5 5 5 5 5 5 5 5 5 5 5 5 5 5 5 5 5 5 5 5 5 5 5 5 5 5 5 5 5 5 5 5 5 5 5 5 5 5 5 5 5 5 5 5 5 5 5 5 5 5 5 5 5 5 5 5 5 5 5 5 5 5 5 5 5 5 5 5 5 5 5 5 5 5 5 5 5 5 5 5 5 5 5 5 5 5 5 5 5 5 5 5 5 5 5 5 5 5 5 5 5 5 5 5 5 5 5 5 5 5 5 5 5 5 5 5 5 5 5 5 5 5 5 5 5 5 5 5 5 5 5 5 5 5 5 5 5 5 5 5 5 5 5 5 5 5 5 5 5 5 5 5 5 5 5 5 5 5 5 5 5 5 5 5 5 5 5 5 5 5 5 5 5 5 5 5 5 5 5 5 5 5 5 5 5 5 5 5 5 5 5 5 5 5 5 5 5 5 5 5 5 5 5 5 5 5 5 5 5 5 5 5 5 5 5 5 5 5 5 5 5 5 5 5 5 5 5 5 5 5 5 5 5 5 5 5 5 5 5 5 5 5 5 5 5 5 5 5 5 5 5 5 5 5 5 5 5 5 5 5 5 5 5 5 5 5 5 5 5 5 5 5 5 5 5 5 5 5 5 5 5 5 5 5 5 5 5 5 5 5 5 5 5 5 5 5 5 5 5 5 5 5 5 5 5 5 5 5 5 5 5 5 5 5 5 5 5 5 5 5 5 5 5 5 5 5 5 5 5 5 5 5 5 5 5 5 5 5 5 5 5 5 5 5 5 5 5 5 5 5 5 5 5 5 5 5 5 5 5 5 5 5 5 5 5 5 5 5 5 5 5 5 5 5 5 5 5 5 5 5 5 5 5 5 5 5 5 5 5 5 5 5 5 5 5 5 5 5 5 5 5 5 5 5 5 5 5 5 5 5 5 5 5 5 5 5 5 5 5 5 5 5 5 5 5 5 5 5 5 5 5 5 5 5 5 5 5 5 5 5 5 5 5 5 5 5 5 5 5 5 5 5 5 5 5 5 5 5 5 5 5 5 5 5 5 5 5 5 5 </DataArray>
</Cells>
<PointData  Scalars="f_33-1"> 
<DataArray  type="Float64"  Name="f_33-1"  format="ascii">-7.4623479027306247e-02  -2.8923362357103213e-02  -1.4180467528894430e-01  -3.7550725469321167e-03  -1.3725567493497678e-01  -1.4199321882124619e-03  -1.3057767287421065e-01  -7.7783845272296588e-04  -1.2507806063284033e-01  -4.2077305172500773e-04  -1.1994974363919497e-01  -1.9562917670987550e-04  -1.1503367404620476e-01  -5.8262241035738873e-05  -1.1031898946969866e-01  3.4105576116568608e-05  -1.0581149720381861e-01  8.3419602701519858e-05  -1.0148958782062983e-01  1.1446570407133209e-04  -9.7355081770080065e-02  1.3044371845188845e-04  -9.3388476173370080e-02  1.3535732419668985e-04  -8.9593825987679385e-02  1.3223820009879107e-04  -8.5951006825637846e-02  1.2306135897679777e-04  -8.2465474092047034e-02  1.1044327514548912e-04  -7.9119667559742549e-02  9.5523436619746570e-05  -7.5914926051803319e-02  7.9202200199906761e-05  -7.2838349975280006e-02  6.2551158720788064e-05  -6.9889251154365506e-02  4.6072186049388734e-05  -6.7059788715407451e-02  3.0445831384028117e-05  -6.4344301411274715e-02  1.5673541711332950e-05  -6.1738949514732272e-02  2.3190330824376688e-06  -5.9237540157050843e-02  -9.6911495861539469e-06  -5.6835333436817674e-02  -2.0240167102938304e-05  -5.4529637564084472e-02  -2.9075355920775246e-05  -5.2314719228505453e-02  -3.6817744269874013e-05  -5.0185912397816480e-02  -4.2887952329372524e-05  -4.8142033304856467e-02  -4.8046164973294039e-05  -4.6175468068252248e-02  -5.1499658921467319e-05  -4.4286871282615874e-02  -5.4371126579601169e-05  -4.2469389218408933e-02  -5.6394695349277875e-05  -4.0722101483202246e-02  -5.7152540604466064e-05  -3.9042149263315715e-02  -5.7649090821252716e-05  -3.7424727033194008e-02  -5.7517139453439693e-05  -3.5868376085777490e-02  -5.6891762237485032e-05  -3.4370008260100622e-02  -5.5914966865639377e-05  -3.2927335874818428e-02  -5.4585517895301459e-05  -3.1537810515617236e-02  -5.3242994098539180e-05  -3.0199252132251237e-02  -5.1551447657192370e-05  -2.8909388444531399e-02  -4.9841018923668506e-05  -2.7666209656308397e-02  -4.8062554614141181e-05  -2.6467663125276226e-02  -4.6230251458873949e-05  -2.5311932671924241e-02  -4.4439646346671246e-05  -2.4197114784740289e-02  -4.2648282637142466e-05  -2.3121562240858335e-02  -4.0837999697662185e-05  -2.2083583315745076e-02  -3.9155146739940647e-05  -2.1081510019816348e-02  -3.7482331796687820e-05  -2.0113997795389919e-02  -3.5893306978229549e-05  -1.9179658173076371e-02  -3.4314707041892309e-05  -1.8276874224588992e-02  -3.2858661796708935e-05  -1.7404586985512539e-02  -3.1430989160651041e-05  -1.6561371636550717e-02  -3.0060686470261193e-05  -1.5746228700886204e-02  -2.8745872778644495e-05  -1.4957753030417135e-02  -2.7484528081849740e-05  -1.4195106903820837e-02  -2.6254856305300772e-05  -1.3457007805064050e-02  -2.5093541247990517e-05  -1.2742737010485273e-02  -2.3955948183997237e-05  -1.2051111051650088e-02  -2.2858246382233501e-05  -1.1381330977268400e-02  -2.1793227702352582e-05  -1.0732507221228023e-02  -2.0768703610157142e-05  -1.0103678665333704e-02  -1.9789184456126923e-05  -9.4943748994913806e-03  -1.8856820298558531e-05  -8.9036582432076225e-03  -1.7977741554091930e-05  -8.3305620991374792e-03  -1.7218282965196440e-05  -7.7746693814668404e-03  -1.6484674127408575e-05  -7.2351130717104271e-03  -1.5908732990075331e-05  -6.7116708318469467e-03  -1.5532428474538046e-05  -6.2034658096625714e-03  -1.5412668159093656e-05  -5.7098649568206941e-03  -1.5618172515575117e-05  -5.2302836833474763e-03  -1.6213240815056930e-05  -4.7642506558449619e-03  -1.7313973579322031e-05  -4.3112355391963231e-03  -1.9071575552079196e-05  -3.8708408759983454e-03  -2.1518144697862714e-05  -3.4430681409492788e-03  -2.4756763470834904e-05  -3.0285770357796797e-03  -2.8958217660960991e-05  -2.6302963574514116e-03  -3.3997065912470015e-05  -2.2513230781950493e-03  -3.9720794233653454e-05  -1.8767938750633816e-03  -4.5680562999629958e-05  -1.4942364795303494e-03  -5.1185897619136218e-05  -9.5573309308550323e-04  -5.5110155296686717e-05  -1.7221594657629578e-04  -1.0149648745221872e-04  -5.4683952653748969e-05  -1.3397517871615299e-03  -2.2029522624504067e-03  -1.3406604412129557e-03  -1.5043921276614899e-03  -1.8635039459133421e-03  -2.2780353496689261e-03  -2.6960350312041346e-03  -3.1104337689169953e-03  -3.5310538822587337e-03  -3.9622213923583213e-03  -4.4048604743315966e-03  -4.8600501372753156e-03  -5.3283986496003941e-03  -5.8105274365838873e-03  -6.3065736662339823e-03  -6.8175979990380779e-03  -7.3428568764212871e-03  -7.8852079649351647e-03  -8.4451336550560065e-03  -9.0198675882556152e-03  -9.6140314496313342e-03  -1.0226077422058989e-02  -1.0858649016145749e-02  -1.1510211578137313e-02  -1.2183366706530053e-02  -1.2878355518133081e-02  -1.3595921881652121e-02  -1.4337775947866735e-02  -1.5104088390404247e-02  -1.5896271941319845e-02  -1.6715292857652345e-02  -1.7562198445802823e-02  -1.8438899255978594e-02  -1.9345380282185520e-02  -2.0284302171191777e-02  -2.1256499509272813e-02  -2.2262681239844949e-02  -2.3305643815578540e-02  -2.4385550129982180e-02  -2.5505713663703591e-02  -2.6665959985321099e-02  -2.7870255902113800e-02  -2.9118119850973932e-02  -3.0414128022233200e-02  -3.1757534054094171e-02  -3.3153656191413382e-02  -3.4601353625692340e-02  -3.6106797987945520e-02  -3.7668580442518883e-02  -3.9292426643832055e-02  -4.0976552153817375e-02  -4.2736722723142870e-02  -4.4562048666928748e-02  -4.6452566297170768e-02  -4.8430367118778996e-02  -5.0479423842712492e-02  -5.2616063510832221e-02  -5.4839806087872991e-02  -5.7152875972200673e-02  -5.9563081929999380e-02  -6.2075967702349258e-02  -6.4687381457154358e-02  -6.7414249040505567e-02  -7.0250508532450420e-02  -7.3212975410434117e-02  -7.6297698905106043e-02  -7.9502715569851362e-02  -8.2875551882955881e-02  -8.6355154912819587e-02  -9.0027525798017607e-02  -9.3814390586193050e-02  -9.7812354998333295e-02  -1.0193811574079038e-01  -1.0629387544212676e-01  -1.1079104122464012e-01  -1.1554244767384876e-01  -1.2045878270648130e-01  -1.2560299958838397e-01  -1.3077808328564955e-01  -1.3462890549513362e-01  -1.3890379676186404e-01  -6.5978553710472410e-01  -4.1392849623966910e-01  1.1447221386574558e+01  1.7050659568216297e+01  2.2187263827462399e+01  2.6887087542031320e+01  3.1166344891195617e+01  3.5076662428910296e+01  3.8663050084875266e+01  4.1953947469612466e+01  4.4971069141082857e+01  4.7749257841353192e+01  5.0304739692105819e+01  5.2656576931411742e+01  5.4829047658393264e+01  5.6835420536018013e+01  5.8686426709926906e+01  6.0401800693492653e+01  6.1991562669100198e+01  6.3462984265897120e+01  6.4829229473101037e+01  6.6097299654348149e+01  6.7277966669965167e+01  6.8375703883306031e+01  6.9397395403539846e+01  7.0350856848059621e+01  7.1241080311971132e+01  7.2071145185997381e+01  7.2846547990379491e+01  7.3571755003891070e+01  7.4252065297624739e+01  7.4888356041267684e+01  7.5485190295826840e+01  7.6045454233043344e+01  7.6571202514449624e+01  7.7065030887460736e+01  7.7530630296245221e+01  7.7967356720150249e+01  7.8379064794486169e+01  7.8767238655864105e+01  7.9133086641025230e+01  7.9478618347206236e+01  7.9804937206348981e+01  8.0113069317950178e+01  8.0404541605821890e+01  8.0680352354635417e+01  8.0941680952579588e+01  8.1189224219891443e+01  8.1423881119180919e+01  8.1646577060344526e+01  8.1857970027793925e+01  8.2058813819098702e+01  8.2249699365515369e+01  8.2431256707961481e+01  8.2604101317072931e+01  8.2768690997675293e+01  8.2925485229558745e+01  8.3074909722937548e+01  8.3217520531781972e+01  8.3353642891745892e+01  8.3483574608413122e+01  8.3607767011943878e+01  8.3726542227091144e+01  8.3840186287400826e+01  8.3948926763535411e+01  8.4053053400545437e+01  8.4152839496774320e+01  8.4248505490682959e+01  8.4340269787954767e+01  8.4428329833621376e+01  8.4512896129522460e+01  8.4594129245205039e+01  8.4672205295727125e+01  8.4747247500478721e+01  8.4819370909567681e+01  8.4888528586586716e+01  8.4954667423282459e+01  8.5018262956670853e+01  8.5078703328053223e+01  8.5176706573653249e+01  8.5182857403704219e+01  8.6575424662159591e+01  8.5055746483945242e+01  0.0000000000000000e+00  -1.4330573370694166e-01  -1.4145898963299844e-01  -1.3386301135298131e-01  -1.9549461985006308e-03  6.1203670418605945e-04  -3.3891056205003282e-05  -3.7131474899905487e-05  -3.7064575576551437e-05  -3.9588275185563865e-05  -4.3003309113077367e-05  -4.6508601300058657e-05  -4.9951938025354030e-05  -5.3431545699261322e-05  -5.6870872018831956e-05  -6.0366477060433845e-05  -6.3946773463178488e-05  -6.7651125095130753e-05  -7.1535344959187692e-05  -7.5708188912824756e-05  -8.0151834241547478e-05  -8.4909292502546391e-05  -9.0024825931735904e-05  -9.5522836724282279e-05  -1.0142708972837359e-04  -1.0777208589289101e-04  -1.1458872692469900e-04  -1.2192329427459157e-04  -1.2981762212241644e-04  -1.3832452643236263e-04  -1.4744118408987092e-04  -1.5736292359072525e-04  -1.6801857694819053e-04  -1.7949492653191533e-04  -1.9181082205251755e-04  -2.0495252506994797e-04  -2.1885638712710353e-04  -2.3346385114582464e-04  -2.4842726125983935e-04  -2.6335144039134941e-04  -2.7761395254160659e-04  -2.9049566906734649e-04  -3.0094472513778937e-04  -3.0725068458805580e-04  -3.0783887458773112e-04  -3.0107286572276631e-04  -2.8443372017692629e-04  -2.5666601426009941e-04  -2.1505186827479341e-04  -1.6082398051325158e-04  -9.8393170381635902e-05  -3.1311435031772567e-05  2.9926174823458699e-05  7.1237643387970961e-05  8.3232529795495498e-05  5.1376014513562577e-05  -2.2283234216688382e-05  -1.3225386801296197e-04  -2.6018912853377490e-04  -3.8567851100543076e-04  -4.8783055051097635e-04  -5.5312009863475026e-04  -5.7575889822142627e-04  -5.5769234370434476e-04  -5.0705566559838670e-04  -4.3186252358607357e-04  -3.4635296328876730e-04  -2.5692484162658023e-04  -1.7693383902742151e-04  -1.1496698888874060e-04  -7.9758240834712231e-05  -7.8823409631623097e-05  -5.6428715071060303e-05  -6.3714059285091166e-05  -7.2258079815192580e-05  -8.0214068559075261e-05  -8.7809301905621026e-05  -9.4076631794673543e-05  -1.0826086483714641e-04  -1.8229976467243638e-03  6.9902288174323300e-04  -1.2841227459625099e-01  -1.3315334334708667e-01  -1.3538142580545123e-01  -1.3634493742036230e-01  -1.4716049862053510e-01  -1.7582389874796500e-01  -1.7434641131529627e-01  -1.0799140207819047e+00  -4.0149231612569851e+00  8.8025364970522695e+00  7.3234488200332946e+00  8.5172399061600821e+00  9.8038992226743709e+00  1.3065352488013053e+01  1.4926930088647852e+01  1.9470326268745143e+01  2.4434826635308330e+01  8.5128086699756736e+01  8.5136219545349817e+01  -1.3018728809458338e-03  -7.7815049085666512e-04  -4.7719509225391059e-04  -2.1060356307549524e-04  6.8666751381126761e-05  3.8572954734388828e-04  7.8495757672821496e-04  1.3374402506601284e-03  2.1247019370318715e-03  3.4074249834786566e-03  5.6155652916774360e-03  9.8865492750016357e-03  1.9511124207678799e-02  3.9161353406273317e-02  8.3119751053958246e-02  1.6882655338585029e-01  3.4761404074075658e-01  7.2753249965918432e-01  1.4406600459929269e+00  2.7529715051792838e+00  4.7141466518421291e+00  7.2628473149325421e+00  1.0060631371749757e+01  1.3045478179921300e+01  1.6340662827474738e+01  2.0030523685018249e+01  2.4204059974123616e+01  2.8879628275667869e+01  3.4103906497137153e+01  3.9608645493611547e+01  4.4556001163951990e+01  4.8876172066210259e+01  5.2680270105829749e+01  5.6020188483289090e+01  5.8974795158591824e+01  6.1586076688668733e+01  6.3902326829992553e+01  6.5962368782013357e+01  6.7797671323237452e+01  6.9440573182315987e+01  7.0906694760225577e+01  7.2225531654222877e+01  7.3411607655853715e+01  7.4476851219379583e+01  7.5439807883694044e+01  7.6317000316643302e+01  7.7099197860891550e+01  7.7819061884190234e+01  7.8470355434414984e+01  7.9063671839159454e+01  7.9604984579199282e+01  8.0099759871681300e+01  8.0554065994470236e+01  8.0969212913140993e+01  8.1351634876992506e+01  8.1703162169412096e+01  8.2027069707159527e+01  8.2326376815795257e+01  8.2602509340967771e+01  8.2858785181679167e+01  8.3095940707155123e+01  8.3316029970800770e+01  8.3521393786868174e+01  8.3711680606210564e+01  8.3889840476284064e+01  8.4056047505360269e+01  8.4211227209598391e+01  8.4356656025232269e+01  8.4492929937832344e+01  8.4620839588937415e+01  8.4741218653606794e+01  8.4854558628672407e+01  8.4961252252679955e+01  8.5056063122607014e+01  8.5126662558399147e+01  -9.3558408555102023e-05  -1.0522930324384933e-04  -1.5207053167550839e-04  -2.3182220972787872e-04  -3.4077612240032132e-04  -4.7409097942239256e-04  -6.2646089370791682e-04  -7.9094282877173168e-04  -9.5851038946414993e-04  -1.1182537393874439e-03  -1.2675971699171249e-03  -1.3616978019074693e-03  -1.4829157056800151e-03  -3.5194487502573923e-03  -4.6557793100119460e-04  -1.2525422401128252e-03  -1.7742242478532806e-04  -1.8501720598951694e-04  1.7208077630657319e-03  2.8418589026029945e-05  2.5226851503923231e-05  1.2266554021813770e-02  -1.5980925816320661e-05  -3.5524861662458159e-04  -5.0450201924585803e-05  -7.0955031315281979e-05  -7.1857011761731834e-05  -6.9153438814622097e-05  -5.7788025323985402e-04  -6.0521533631413809e-05  -5.2175280423437442e-05  -4.4004121529839036e-05  -7.6980001277650889e-05  -3.6928774934807584e-05  -1.1084508635260166e+00  -3.1360869606856133e-05  -1.7015598963095361e-04  -2.6339547538051509e-05  -2.3421748602588713e-05  -2.0586062748423213e-05  -2.2187361995138048e-05  -2.7336113833955717e-05  -3.5584250436970420e-05  -2.6150652474176610e-04  -4.2490072468094151e-02  -2.5174461121259321e-02  -2.8414727680154149e-04  -2.5647810122543806e-04  -2.1543170925724444e-04  -1.7936179172025766e-04  1.9855488887828877e-04  -1.3783394442538229e-04  -2.7817334124307133e-02  -1.7049588610911114e-02  2.1206035381922614e-01  -1.1480746939555872e-04  -9.5130183365446002e-05  -1.6350822334820173e-02  -1.0944813229949031e-02  -7.4128427782332865e-05  -1.0612158419055258e-02  -7.3029522324264129e-03  -6.8101315298222742e-03  -5.0646692753055760e-03  -4.6886697294778353e-03  -3.6284653885181434e-03  -3.4103258290801011e-03  -3.4536122310563125e-03  -2.6062802829402943e-03  -2.1676698553622742e-03  -1.7538056731441819e-03  -1.2448697352859832e-03  -1.1273606611631399e-03  -6.5284936821314080e-04  -1.4355521105054302e-03  -6.9601421714045970e-04  -2.8927335938699292e-04  -4.1412292979134478e-04  -8.9436169818235322e-05  -8.6225570437816063e-03  -2.8098978707569795e-04  -5.9433276118586144e-05  -4.8211104518885784e-05  -2.5676126287324481e-04  -1.4084450984845125e-05  2.6903365936627356e-04  2.2529457188113342e-04  -6.0779176896379903e-06  1.5309253229684751e-04  -3.4843333610231032e-05  7.2251291274596371e-05  -4.6062718603630558e-04  -4.2337707456062960e-02  -7.7139346015151191e-05  -6.5648034905632803e-06  1.5104382454621382e-04  3.9739785925197027e-05  1.9163354046298518e-04  5.5632124879822891e-05  -4.4401490816429536e-05  -7.0137499584536713e-05  -2.8394497895547643e-01  -3.6522949210697297e-01  5.8129989539282560e-04  -5.0533436502506841e-04  -9.5075567071551716e-04  -5.1700138671904407e-05  -5.0381632069677391e-05  4.1495118205265198e-05  4.4406520411907777e-02  -1.5182101700613801e-01  -7.3856645646386919e-05  -1.3209484371382114e-04  -4.3309366894058693e-06  -1.7724638827504503e-04  -1.6439352921387710e-04  -1.8616135308276895e-04  -2.4766893564646508e-01  -2.2911885788783998e-01  5.8243357404408869e+00  2.3416001759189249e+00  8.8123961177174115e-01  -3.9471007157685159e-03  -2.9083060611528643e-03  7.8516679108624903e+00  -3.1122697805560798e-03  -2.3624057336475443e-03  -2.3784398343938374e-03  -1.8851059139956281e-03  -1.8393554011540069e-03  -1.5020612307886294e-03  -1.4957024280551241e-03  -1.2138488877342995e-03  -1.2036483351278830e-03  -9.7867081423230078e-04  -9.2349788022564000e-04  -1.1809329970144924e-03  -7.8386698026025560e-04  -7.3166633988694168e-04  -6.3227142342086175e-04  -5.8449174862505976e-04  -5.1632045131690812e-04  -4.7501440742684346e-04  -6.5009621005284097e-04  -5.1750923056012306e-04  -4.2302820391577239e-04  -3.9342342295676911e-04  -3.5476330147524740e-04  -3.3518084427662715e-04  -3.0706099432171530e-04  -3.0874711613710520e-04  -2.7303240779021044e-04  -2.7503558122143684e-04  -2.4924786396408394e-04  -2.3550061055983460e-04  -2.2016622628030276e-04  -2.3491316316231914e-04  -2.1166426871796373e-04  -2.2730269716915292e-04  -2.0817625912320764e-04  -1.8733221268444312e-04  -1.8758552714345526e-04  -2.0776708472564960e-04  -1.8968890356134546e-04  -2.0929716274700072e-04  -1.9284412370433851e-04  -1.7136098176272918e-04  -1.7600677933182776e-04  -1.9615418306510312e-04  -1.8018813606189606e-04  -1.9911018626650239e-04  -1.8365370369970846e-04  -1.6445027871841772e-04  -1.6845111099421942e-04  -1.8612167295237360e-04  -1.7126131578843864e-04  -1.8748406209922788e-04  -1.7287807070266693e-04  -1.6136015389322050e-04  -1.9117928572593489e-04  -1.3905731241416835e-01  -1.5344307231932844e-04  -1.5691499709187900e-04  -1.5880547239181160e-04  -1.7309301805600337e-04  -1.5933047493258364e-04  -1.4370607784212728e-04  -1.4634459053199125e-04  -1.5897162134763290e-04  -1.4603708047250069e-04  -1.5736689451420054e-04  -1.4495727329375173e-04  -5.0130013879359802e-04  -1.5561708153332071e-04  -1.4326427321968704e-04  -1.3258079105855295e-04  -1.3124319620824617e-04  -1.4090913875913758e-04  -1.2927448292885581e-04  -1.3800256048910277e-04  -1.2676261205032041e-04  -1.3474751710757375e-04  -1.2389321066248881e-04  -1.1780032942829988e-04  -5.0813373182499926e-05  -3.3695193041533082e-04  -5.3509425004762996e-05  -6.7739885229419874e-05  -8.4238970216952191e-05  -4.5229534822061035e-04  -8.4656974665070571e-04  -3.4602230268954604e-04  4.1257279479733474e-03  -4.3864552489722490e-04  -3.8182834111597176e-05  3.0661808775472568e-05  4.8690124660202725e-06  -3.1704013594241767e-05  -6.1323342308122706e-05  -1.8011788663963144e-04  -7.0981112334839798e-05  -7.1007878074486622e-05  -6.5765810861716183e-05  -2.8434655838572074e-04  -5.5639255757744885e-05  -4.7881017985135182e-05  -4.0476709318357709e-05  -3.4127794440130793e-05  -2.8650837883780114e-05  1.5352079582002732e-04  -4.5256103738338871e-05  -2.4397070636637217e-04  -3.5530632078425523e-04  -3.0770610975877752e-04  -2.1505267710737169e-04  7.6368291478131885e-05  -8.1525854782085882e-05  -1.6273963465717579e-04  -1.9747213071677998e-04  -1.3448722003763611e-01  -1.0050406345359824e-02  -3.1556004260324729e-03  4.0020359148284461e+00  2.4527349260948927e+00  -1.4922841001047921e-04  -2.5428385842629392e-04  -2.2021821386386509e-03  -1.7982529068490083e-01  -1.4581748632692340e-01  -1.5803751509233116e-01  -7.9665597422592743e-02  -3.6500770861927344e-02  -2.5858055795484849e-02  -2.2471454974810610e-04  -2.1023009104704729e-04  -1.3116188357331754e-04  -1.2077570307762114e-04  -1.1320787008491993e-04  -1.1058748314590504e-04  -1.1745972373930055e-04  -1.0773422506899499e-04  -1.1396497156718290e-04  -1.0469641506216225e-04  -9.8385440126966096e-05  -9.5728628112075131e-05  -1.0162215976168172e-04  -9.2915624048627891e-05  -9.8428054744028104e-05  -9.0121960370005566e-05  -9.5246107527551400e-05  -8.7386823594154647e-05  -8.1855424057946088e-05  -7.9558426756935440e-05  -8.4667355530346395e-05  -7.7238114274349296e-05  -1.0287281267646876e-04  -8.1948613088691951e-05  -7.4890857097906465e-05  2.8313241404284955e-04  -7.0015524122506233e-05  -6.7984005743291427e-05  -7.2606220399495748e-05  -6.5908318912840410e-05  -7.0284307196611458e-05  -6.3936404579702089e-05  -6.8059219076553156e-05  -6.2050758211191806e-05  -2.2483496553153294e-04  -3.2158996592061323e-05  -1.8805157458645649e-04  -8.5392965258847636e-05  -1.6982743605736619e-04  -1.3360036753586629e-04  1.2322315548626162e-03  3.8120434274682017e-03  -2.0247144393939373e-04  -2.0255351275293173e-04  -1.2061323914083573e-04  -1.3508293218470271e-01  -2.1446728336003377e-04  -1.2960390071869840e-01  -5.7545422585193230e-05  -5.6054431392605810e-05  -6.0235680400668216e-05  -5.4536615348386769e-05  -5.8451110421317448e-05  -5.3009383526362843e-05  -5.6738638296438258e-05  -5.1588645258349493e-05  -5.5160070196654594e-05  -5.0304104222350942e-05  -4.6376360175064467e-05  -4.5397615280909717e-05  -4.9117030709116108e-05  -4.4544091547934122e-05  -4.8036902518433325e-05  -4.3880075882687971e-05  -4.7132352199175066e-05  -4.3407872787056914e-05  -4.6434801231530995e-05  -4.3187162150426358e-05  -3.9692189604939583e-05  -3.9991751385510449e-05  -4.3256530171396667e-05  -4.0691630065726752e-05  -4.3682323574571372e-05  -4.1917025968702705e-05  -4.4605931795338382e-05  -4.3705229949045180e-05  -7.3771824349452261e-05  -1.0694981763643816e-04  -3.0972808442824799e-03  -4.6118401260595478e-05  -4.6209152518942331e-05  -1.8233278957190915e-01  -2.1928417485698949e-04  -8.9126207715521961e-05  -2.6874198622456471e-04  -7.8269103172131759e-05  -1.4921006230781349e-04  -1.5555234697417025e-04  4.3387770402585624e-02  1.0489900744525242e+01  -6.0113111521908704e-05  -3.1107012345874815e-04  -2.7630556074113215e-04  -4.7881749441753195e-05  -2.3384340583471229e-04  -2.3195953060563523e-04  -1.4196137554053174e-04  -4.2891807776857529e-05  -4.6301120505235411e-05  -4.9601711353436850e-05  -1.6402821253988721e-03  -3.9956336619452617e-05  -1.6365136450581237e-04  -2.4361843656735089e-03  -1.3806102291977923e-01  -5.0547848698352639e-05  -7.6805668969330757e-05  -3.2418814715114239e-03  -2.5740757409612792e-04  -3.1885400056829116e-04  -3.4015074846389400e-04  -3.6895462694731807e-04  -4.0311089584073377e-04  -5.4195805563372334e-05  3.5542058707717139e-04  -3.7549834175668098e-05  -4.0961258278992933e-03  -1.6367767191213914e-04  -1.2690699941194253e-01  7.6135110273223533e-04  1.1393823052859278e-03  1.5929132628796216e-03  1.9690355852506245e-03  2.8578070342737487e-03  -2.1485082724155739e-04  3.8703922670886297e+00  2.5594023098404843e+00  1.2749409682455697e+00  1.1191688803632742e-01  -5.0025196891429376e-03  -1.6832005112308224e-04  -5.1247849001066199e-05  -5.9621969989056027e-03  -6.3895966135476780e-05  -4.5669723652463947e-05  1.3465022466871638e-03  -1.3757883562818930e-04  -3.2417873847262870e-04  -3.1298784943897882e-04  -6.9802088966743293e-03  -1.3222512368562098e-01  -7.6757013480247634e-04  3.8369014590296292e-03  1.0015946152672713e-02  -8.1322802678850011e-03  2.0771452727103520e-03  1.3702217048073609e-03  -5.2156964328480546e-05  -8.0497603317085456e-03  1.3963451922540447e+01  -9.2066329552167314e-03  8.5121898160060709e+01  -4.1148319894924013e-05  -2.8961925555759616e-04  -3.3501926542669797e-04  -1.0424807092585817e-02  -4.9856745258770771e-05  -1.1723408570662865e-02  1.6502526341113481e-02  7.5730463516027691e-02  8.4921068400891144e+01  -3.5966334668646861e-05  -1.3107378944558103e-02  1.9869355616552332e-03  1.3097446096720124e-03  -6.0090895733471413e-05  -1.4812572665030648e-04  6.8138092155269735e-03  -1.4584223865062938e-02  3.4183634293137024e-03  -5.1839517560165552e-05  8.4784618031370186e+01  -3.9618722668140097e-04  -4.3352670614618211e-04  -2.1812249528175288e-04  -2.1679946879708036e-04  -1.6161921133854097e-02  -3.3106465858640720e-04  2.1563949984724613e-05  8.4551721564798271e+01  -2.1157231735148743e-03  -4.5575266141190791e-04  -1.7849148859227598e-02  -4.6285245122980854e-05  -2.3148730718995869e-04  -2.3182449147343025e-04  -2.9093814204444539e-03  8.4292419245564574e+01  -1.9655464429169125e-02  -2.5207200644591042e-04  -2.4346524688490412e-04  -4.2004697148830573e-05  -3.7518083153342367e-03  -4.7523645135638800e-04  -5.0677154909495954e-04  -5.9421962805662266e-04  -6.1414238328587019e-04  -5.0392510504585126e-04  -5.9263201090346026e-04  -7.5422647231155021e-04  -7.0118741824212337e-04  -5.3503666052048544e-04  -6.1787324389026520e-04  -4.6150667964548207e-04  -5.2390346225839523e-04  -3.7719371914977695e-04  -4.2939674554713978e-04  -9.0798006613421428e-04  -9.6359601569967284e-04  -2.1591424225762143e-02  1.6786611580248521e+00  8.8141206682571482e-01  -3.0896069245703106e-04  -3.8109218741267547e-04  -4.6378060663728338e-03  -3.8630880532009273e-05  -2.3668623132580831e-02  5.6906965845679531e+00  -3.5495769994412162e-05  -4.1871206899996545e-05  3.3786757913095128e-02  7.2900591298231121e-02  -5.5750294778268220e-03  8.3998857719443791e+01  -5.2396865985420767e-05  -7.5506553746557145e-05  -6.7173395780134322e-05  -6.8314342302502786e-05  -2.5899466538089968e-02  -1.0466890911207510e-04  -9.4208295143333591e-05  -9.4724527181354638e-05  -1.2082829874295708e-04  -1.0897080305342859e-04  -1.0885996252982402e-04  -5.7717693412430051e-05  8.7307915181752183e+00  5.0252715408060631e+00  -6.5691861301856065e-03  -5.6836057220885849e-05  -1.4338745924337890e-04  -1.2823340663637892e-04  -1.2009858559941832e-04  -1.4655403841763251e-04  -1.2769906342161464e-04  -1.1807980647978194e-04  -9.8213010288929664e-05  -2.8297844688610636e-02  8.3778305610949246e+01  -5.4057764449519038e-04  -4.3072355608820753e-04  -5.3023871139593396e-04  -3.8719888244766139e-04  -3.2395762742067346e-04  -1.6054149612078987e-04  -1.3271281598158709e-04  -1.2617415938750388e-04  1.8222840714858307e+01  -7.5795972166137282e-03  -6.5859866661770121e-05  1.3590450949346009e-02  8.5208488426137541e-03  -9.2839646882992956e-05  -8.3930334327920916e-05  -8.3034507733771210e-05  -8.6648144470184447e-04  -4.1237441641523922e-04  -1.0902314744569810e-04  -2.3127133821914468e-04  -1.6490937748226916e-04  -1.1197440201100129e-04  -3.0878978909040847e-02  -1.3469537877587955e-04  -1.1399577116114404e-04  -1.2096363135489884e-04  8.3411230571633055e+01  -1.1780643662076882e-03  -8.7279695565936118e-03  -2.6363108795330855e-04  -3.0123120654559498e-04  -2.4459359488734049e-04  -2.5759426362046616e-04  -3.6426840523975460e-05  -3.5933261246655463e-05  -3.3659557577339745e-02  -3.1293597770429964e-05  -3.2139590891720602e-05  -6.9600116671797744e-04  -9.8894851323254544e-03  3.6895960461388622e-01  -2.3809603553878828e-04  -2.7516334155744057e-04  -9.5281223053772282e-05  -3.6657817724368595e-02  8.2996982819080102e+01  -2.4941656148722832e-04  -1.1180942765404890e-02  -1.9408474826418769e-02  3.4178226838769483e-02  -3.6962158500348279e-05  -1.4301705984796231e-04  -3.9274119467258480e-04  -3.6082165131550012e-04  -1.0168791298606124e-02  3.5731212370181277e-04  -3.9893645691642728e-02  -5.5857767827840436e-05  -5.1158301290353825e-05  -1.2538738381160675e-02  -2.4008921605719408e-04  -2.5227200005860725e-04  -2.0082889501344328e-04  -2.1387925605310143e-04  -3.6298198056937246e-04  -5.8961876777115036e-05  -5.8063511831057893e-05  -9.7318212830056156e-05  -9.7734231791797883e-05  -4.3391555449137698e-02  -2.6926967904056021e-03  -4.5842679793686456e-05  -4.5044172188330493e-05  -4.6559646248527740e-05  -1.3928808423734451e-02  -2.9261149869607767e-04  -2.1667087530617590e-04  -2.3197797228257695e-04  -8.5981601075059438e-05  -9.2897758460557355e-05  -2.2688768682089451e-04  -2.4053643635255727e-04  -5.8282160326284199e-05  -2.3883610056470199e-04  -4.8835198947556911e-05  -1.2340189681105267e-04  -1.1930430613181165e-04  -4.7680691208896271e-04  -6.6675553829062832e-04  8.2682954486763833e+01  -4.7171784349993272e-02  -9.6459957516972252e-05  -1.0107285155124442e-04  -1.5459706659959457e-02  -4.7373645904165543e-05  -1.5461351919483318e-04  -1.8435946313342242e-04  -2.1427342339535251e-04  -2.1626439864974218e-04  -1.8352865659146205e-04  8.5017307303161459e+01  2.6030811086718457e+00  -1.9845236090797021e-04  -5.1264251632626413e-02  -3.8915927158932712e-04  -8.4971579847981801e-05  -4.6775836951704832e-05  -4.6860262898449513e-05  -1.7096202743244731e-02  -3.6868430493774417e-05  8.2152737559313579e+01  -1.2218797094626475e-01  -8.2953978034205751e-05  -2.3359335261460251e-04  -2.4362544230668184e-04  -2.2567816315805888e-04  -5.5696784630690319e-02  -5.9636711399142827e-04  -8.3849591126338309e-04  8.1530374477658967e+01  -1.8847120867262580e-02  3.0590761261145519e-03  -1.2841398024032919e-04  -1.2381690651311044e-04  -3.3889385292690499e-04  9.3052891426063651e-04  -3.3760809661900082e-04  -6.0205207977583552e-02  5.5791927557281276e-04  4.2007327566926153e-04  7.4390187230735086e-04  5.5011622854173135e-04  -2.0723307136412638e-02  -2.5607634222010739e-04  -2.5161720464653755e-04  -1.8686695683077167e-04  -1.2462607040749866e-03  -9.4846359392556962e-04  -5.7019522484244059e-05  -1.5991037657769433e-03  -3.1001518227803650e-05  -6.5390004497529616e-02  8.4425550912840478e+01  -2.2734441799167102e-02  -1.0031195490152987e-04  -1.0716640448706075e-04  -1.2600799587003826e-04  -1.1312761866573427e-04  -9.1605149605759884e-05  8.4675710465436651e+01  -2.4911919647545918e-04  -2.5505807829923776e-04  -1.1160190159937634e-04  -5.7435005924186245e-04  8.0811928179550975e+01  -2.4949131341931298e-04  -2.5049609458670290e-04  -7.1019593174219436e-02  -2.4893202031363002e-02  -6.3004971969267463e-05  -2.1596114400641457e-04  -2.8297144529102229e-04  3.7323929642388975e-01  6.5501504368205410e-01  -1.2200078541263072e-02  -7.7575435142900981e-02  -2.7212652282421885e-02  -2.5949101020253433e-04  1.6525065022965457e-03  7.9045701327557850e-04  -1.5371782369065235e-04  -3.0862091412846189e-05  -5.2475240100302855e-05  -5.8313758690346207e-05  8.4143297804921076e+01  -4.1433728532805665e-05  -2.9707485261724467e-02  -8.4407952962382085e-02  -4.9012193847779961e-01  8.0226644595759907e+01  -1.0454249846955265e-04  -3.2393587647750743e-02  -9.1699720205802221e-02  -1.6774919958766006e-04  -5.2012410883504212e-05  -5.3457029565225654e-05  -2.1206002802913554e-04  -1.9494714786343398e-04  -2.2624555512657497e-04  1.4790394510641448e+01  2.5622716976963940e+01  -8.9419064811052608e-05  7.9302945437332156e+01  -6.2807509149491797e-05  -6.5256202895823772e-05  -6.0804660013440015e-05  8.3201460468136958e+01  -3.5288423511752431e-02  -5.1453577922358607e-05  -9.9640836843763181e-02  -1.0109218231237860e+00  -3.9923502610001819e-05  -3.9496269111920576e-05  -2.6678712550403863e-04  -3.2046807390886446e-04  -1.1764470883906644e-01  -4.7068144116770530e-05  -4.4644174595982950e-04  7.8168126603705716e+01  -2.6386518386002538e-05  8.3601294941096285e+01  6.6992555608715083e+00  6.0863673177176132e+00  -3.8411322749003683e-02  -1.0829454131789258e-01  -1.4311780698674870e-03  -7.3625073372362968e-05  -7.3383119530683445e-05  -8.1826400453780595e-05  -7.1690434356495365e-05  -7.4325114858902138e-05  -1.9942444166855039e-03  -1.9809709897262782e-03  -1.3573631143650254e-03  -1.8362142851815041e-03  -2.8875282203948832e-03  -1.3062058187165244e-03  -1.4570603707486052e-03  1.6834017215809287e+00  -4.1886320336356087e-02  -2.5988453752346968e-04  -2.3333900549108613e-04  -1.0945658101957495e-03  -4.5519496916215839e-02  5.6506532562056747e-02  3.0888633896284629e-02  -6.2420780728783857e-05  -8.0804436402362944e-05  8.5210995436217829e+01  -1.4963258181649171e-04  -4.9467280469049225e-02  -6.7894247759822625e-05  8.1174307089685996e+01  7.6906413279856622e+01  -1.5116608878897918e-03  -1.2917965147786811e-01  -1.3073278153501125e-01  -1.3355379366700446e-01  -1.3216325650941679e-01  -2.2641984822366137e-04  -1.3803902012193795e-04  -2.7695501282367903e-04  -5.3740697377682306e-02  -9.4365946895842004e-05  -1.0097623827953842e-04  -1.1748005859503869e-04  -1.0551043800012610e-04  -6.2727852048061650e-04  2.2100207592051852e+01  9.2106480329093440e-04  6.5133035052044003e-04  -1.2742930105339736e-01  1.2025882667361971e+01  -6.5900736146608748e-05  -5.8371750664888263e-02  1.6044502047634179e-01  8.1857470945569943e+01  -2.4343645615795565e-04  -5.3378469737386594e-04  8.3986231094138617e+01  -5.0848012804899609e-05  -6.3677654683434837e-02  -3.3344020298954864e-05  8.2445590920472370e+01  7.5757853620127847e+01  4.1064272435529947e+00  -1.1938245347671416e-04  -7.0446531805889605e-05  -1.0719016666277623e-04  -7.1009414429381665e-05  -4.5906311019309466e-05  -8.5395716693686689e-05  -8.6888679537486257e-05  -9.7518726216952415e-05  -8.3712344712063460e-05  -8.5951393413329424e-05  -6.9155932769533066e-02  -1.6562276455527733e-03  2.2787982659027393e-02  -3.5738017299521044e-05  -3.0588414162719378e-05  -1.3492389380442837e-01  7.3894850485174132e+01  -5.3496162608892447e-05  7.7457445096775274e+01  -4.6186123749042068e-05  8.3847080258212387e+01  -1.2015388445510422e-04  -1.0818788849757289e-04  -9.3376801994236736e-05  -9.6311981302351477e-05  2.8449818231214863e+01  -1.2839062010595486e-02  -7.3298102018814230e-03  -5.8317760902753951e-03  -5.2738815157798071e-03  -7.5179211687982542e-02  8.4287991197591438e+01  -3.5520226729796246e-05  -3.1413772342649931e-05  -4.4761398136589059e-05  -3.1902623717320186e-03  -4.2418887516310457e-05  -3.7558355387400269e-05  8.4553916570875359e+01  -7.1539849506590354e-04  -4.2132603536420591e-03  -5.3443398233205557e-05  -4.7784975926679519e-05  6.9361019845501541e-03  7.5792361538184645e-03  -4.3373291930747682e-05  -1.0527114108411004e-04  -9.3494500710983604e-05  -7.6745108236087056e-05  -6.9199294825645030e-05  -6.0924470122718466e-05  -5.9531438412862278e-05  -1.0517801031703389e-04  -1.2129231979805416e-04  -1.3616602042886523e-04  -3.7298452019538431e-04  -8.1168405997623566e-02  -9.1636384942179339e-03  1.7672864509451550e+01  -7.9600107934812709e-05  -7.3282521534967320e-04  -4.4013529683390395e-04  -9.1180825954439884e-04  4.8253793229709069e-01  5.1183268857956032e-01  -8.2647879426961385e-05  -8.3844407304153003e-05  7.1617419575595619e+01  -3.0665111849285043e-01  -8.6116051072453138e-04  -1.6936138657316310e-01  -1.6126582099276518e-01  -1.4803855009601083e-01  -1.4922317308442654e-01  -1.4317892511399261e-01  -1.4185967149040724e-01  -1.4402083904413099e-01  -1.3989150696424685e-01  -1.3930906772857576e-01  -1.3950660018190908e-01  3.1530873886031981e-04  -8.8092807477113330e-02  7.8767694299522233e+01  1.2214618696481776e-01  -1.6143237867252303e-04  -2.2507886947923422e-04  -1.1194434733216223e-03  -1.3085854211410610e-03  -2.6564308160262947e-04  -2.5889774684435232e-04  -2.7044990482546924e-04  -1.3760137542725212e-01  -5.3286028956703996e-05  -9.5708803435042650e-02  -1.1976008252327580e-01  -8.9292387610602750e-02  -1.1906939719865815e-01  2.0576890900611904e-03  1.0324624288748036e-03  -6.3130724830197342e-05  -2.7046258010591487e-05  -2.8022198412058407e-05  -3.2898503330220136e-05  -2.2948533535156171e-05  7.5027481753848463e+01  8.3443150316728463e+01  -4.4206181717788613e-05  4.6009549088076671e-03  4.5095084683514208e-03  -5.0267019312539684e-05  -5.0911168429316034e-05  -5.7154832183628162e-05  -4.9941186157469175e-05  -5.5899037659329331e-05  -5.1580226496598031e-05  -5.5518834927077446e-05  -3.9032412872806373e-05  -7.8714216768985897e-04  8.4800260917939568e+01  8.4916378130584093e+01  -3.7464352229420476e-04  -4.1688823398566089e-04  -3.1769918407721008e-04  -2.9380336210839582e-04  -1.6675769685427024e-04  1.4784354511444926e-02  -1.0981631555172561e-04  -8.9801937245788280e-05  -1.0475068214146450e-04  -2.5431634773390226e-04  -2.9223737311403363e-04  -2.5347371475640087e-04  -3.6169826178130093e-04  -2.5159999493980364e-04  -1.2207589867709959e-04  -3.7608849810463735e-04  -1.0400461100912695e-01  -4.1498868501186909e-04  8.5107457140413075e+01  -1.8932844668359942e-04  -1.1307566089726823e-01  -2.9975860740849350e-05  -3.0467508018809865e-05  -2.3920313752956787e-05  -3.5890036197791885e-05  -8.4196159767363474e-05  -9.5147304957048209e-05  -4.0528744922283997e-04  1.2844871672757165e-02  -9.7549157916455127e-04  -1.6637611964863161e-03  -7.8680757496023818e-05  -6.4097139259488211e-05  -3.3672643735845661e-04  -3.6636213150671280e-05  -1.3519775716372304e-01  2.4601277523754916e-02  -1.3947242012563772e-04  -6.0221002931498379e-05  -4.6323068887776495e-05  -4.0594344342368792e-05  2.5877888365916125e-03  2.7696259841640332e-03  -1.6055893528974698e-04  -1.2648571405223608e-01  -5.0807643033935727e-05  -4.8921716117313175e-05  -6.3341266722717916e-05  -5.8742110647775469e-05  -6.4682403741725370e-04  -7.9366935893139529e-05  -7.8460828862079860e-05  -8.2972916134746493e-05  -7.6917317699306609e-05  -7.3022127162939988e-05  -8.9288772925005198e-05  -8.0270515855604952e-05  -7.4019558897459560e-05  -6.8510971756200647e-05  4.5548765276640143e-03  -4.0470498869838475e-05  -7.6256940610028084e-04  -4.9341663098567288e-04  -8.4865657433358182e-04  -7.5446170456412883e-04  -7.1979077041267459e-05  -3.1279140684776634e-04  -1.3663530695878670e-01  -2.8922990458259362e-04  7.9904638848285060e+01  -1.0081853510007220e-04  -1.1969357908701779e-04  2.0426959190930277e-04  -1.5382950746400600e-04  -4.8995145869647444e-04  -4.3146601484024793e-04  -4.1153578701352730e-04  -4.5622498319154310e-05  -1.5953801397147218e-04  -2.2306226103982552e-03  -7.6083525117094132e-04  -8.5948634571484989e-04  8.9019390331562551e+00  9.4106629815458049e+00  1.1149173541263442e+01  -6.6582028810040689e-02  -4.0188714593007660e-05  1.5954628264002160e+01  -3.6512155142392187e-04  -3.6262904944208481e-04  -2.5996726879506791e-04  -3.0017513679687045e-04  -2.4897343244129901e-04  -2.2642621586465084e-04  -1.0155882283900080e-04  -1.0810607774326611e-04  -1.2198857238722378e-04  -1.1305266368534033e-04  -1.2943772951502582e-04  -1.4281931808342321e-04  -8.7359664842536373e-05  -1.2348583900110712e-04  -2.6675901219990362e-04  -2.6786442927706901e-04  -2.5552667748610623e-04  -1.9102042907557834e-04  -1.7766863337684809e-04  -1.8828616393727369e-04  -1.7454891236379479e-04  -1.8417250028909016e-04  -1.6787983632197845e-04  -1.6736936214164949e-04  -1.9854037163133815e-04  -1.7793594494621372e-04  -1.6652381977844835e-04  -1.6532530034796925e-04  -7.4877613074736805e-05  -1.3351296809299844e-04  -1.1553307052260320e-04  -8.4128716521902363e-05  -6.4564966943767122e-05  -6.2897259115776434e-05  -1.1671328343013517e-03  -5.9120024182877695e-05  -6.9403358672735243e-05  -4.7435143916280703e-05  -3.9740203416304047e-05  -1.8863517704469321e-04  -2.3348087170452038e-04  -1.2064017265980694e-04  -1.1203507131399263e-04  -1.4483219889431108e-04  -2.5068645313866311e-04  -2.8923359707115913e-04  -2.8780599879692529e-04  -3.5215168976659512e-04  -3.2946572802095562e-04  -6.1777055521233153e-04  -7.4022010119481488e-04  -1.0236115449636343e-03  -8.4100691291370605e-04  -5.4764249380400115e-04  -5.5505057694941289e-03  -4.6715200484892457e-04  -2.2018109972122115e-04  -8.2610576278049271e-05  2.4783903433223674e-05  -2.0302192189217675e-04  1.6175896002076171e-01  2.7559144726148238e-01  -2.5297990551260111e-03  -2.2694199124844735e-04  -1.6015232669378267e-04  -4.9115907474013371e-02  -4.5166588195709047e-02  -4.7575543427488425e-02  -4.1608981597184506e-02  -4.3714659914741182e-02  -3.8244203776189062e-02  -3.5129774133267046e-02  -3.2242797353574930e-02  -2.9564194760672253e-02  -2.7076489941055711e-02  -2.4764290160956347e-02  -2.2611905338921399e-02  -2.0606683462913614e-02  -1.8736654169013701e-02  -1.8339288339551240e-02  -1.6991247116826435e-02  -1.6620565733812535e-02  -1.5359878085932734e-02  -1.5014020468667495e-02  -1.3833662430107549e-02  -1.3466318663705741e-02  -1.2404139721055057e-02  -1.2073071162406935e-02  -1.1403054507085840e-02  -1.1065829676738448e-02  -1.0753812730801346e-02  -1.0155662320969906e-02  -1.0529333949534496e-02  -9.5464547247472564e-03  -9.8207865628225834e-03  -8.9218322088556127e-03  -8.6191403816278413e-03  -8.3272860750955979e-03  -7.7439186055197704e-03  -8.1522232387258014e-03  -7.2129523011602087e-03  -6.4634536827215044e-03  -6.1638664771483456e-03  -5.6642574617792128e-03  -5.4666015938713529e-03  -5.1834917070327866e-03  -4.7199232401711807e-03  -4.5342956420000675e-03  -2.5020412654393905e-03  -2.7509724556940367e-03  -3.1686576933182605e-03  -2.3669030881339906e-03  -3.6637413944975660e-03  -3.8395855327950524e-03  -4.2606447390432164e-03  -4.1886694055557061e-03  -2.8325592113313050e-03  -5.0997401076935574e-03  -6.0640960535772318e-03  -2.0489771423313308e-03  -6.7460517032544819e-03  -1.1844040973829278e-02  -3.3342318127193393e-03  -1.9750842202643622e-02  -2.1691810901871701e-02  -2.3774213380080178e-02  -2.6010512788957142e-02  -2.8414547774637328e-02  -3.1001743484773421e-02  -3.3788675932064652e-02  -3.6793615305310522e-02  -4.0053823972865416e-02  -5.1562180018886759e-02  -4.7355365960918860e-04  -3.6987764393610258e-04  -1.8621395046285755e-04  -4.9362559643666636e-04  1.2185165521726150e+01  1.2273306002705412e-02  -2.0741466432646206e-04  3.0997466509836535e-01  -5.9474234871486047e-03  6.8790828206810176e+01  -6.8297907542777645e-04  -7.4594496427727401e-05  -1.3417467261541056e-04  -5.0166916569285903e-05  -2.2968304376728391e-04  9.2384062258321306e-04  -1.2537713199221572e-04  -7.2970157788534803e-05  -1.2765734849464873e-02  -1.2476366474384218e-04  -2.7684295506369113e-04  2.7676938712267176e-04  -2.4684457744881915e-04  -2.5397420113405515e-03  1.9187761396786989e-04  -1.3233490226611744e-01  -7.8829009340455859e-05  8.9026487326695347e-07  3.8213592410431035e-05  3.0620710024972663e-05  1.4102697457793622e-05  1.6481281044743303e-04  -4.7728552187368785e-06  -2.5402902000902984e-05  8.3015109439416022e+01  8.2806605985104923e+01  -7.5596984617534382e-05  -7.1701234204133419e-05  -8.5088051475106915e-05  -7.0156448284756914e-05  -5.3368542390551749e-02  -6.2705444099784077e-05  -5.8051842435034048e-05  -4.9974561628936188e-05  -4.5580248665672628e-05  -3.8615765247620746e-05  -3.5531548610039046e-05  -6.4341623457184912e-05  -2.9787648701584777e-05  -2.7383805690536929e-05  -2.5513107843034807e-05  -2.4677342238396701e-05  -9.1092358749485876e-05  -1.0813960456638876e-04  -2.7709798392825287e-05  -1.3975117664030256e-04  -4.4173927115651084e-04  8.4855977430429832e+01  -2.0647583637188939e-03  -2.2014353376286558e-03  -2.6696624850801787e-04  -3.5870827047998786e-04  4.2066372765263757e-04  3.8292975892119960e-04  -1.8754219075430058e-04  -3.1335336021297962e-05  -1.2392150871110813e-04  3.0737594451157096e-03  -1.3227147050424583e-02  -1.2012339600208795e-03  2.5223303421615523e-04  -4.0335347374165910e-05  -8.7442325631673678e-05  -6.2327718695075039e-05  -3.2165833386556400e-04  -3.4135024510582941e-03  -2.9550179375491026e-04  -2.0353346107097390e-04  6.5856416478950850e+00  -2.8646666502644925e-04  -5.6086649449206757e-02  8.5073534305637025e+01  8.4984138688254419e+01  -2.1827620233307557e-01  -1.8666257311586815e-01  -1.6144603376779923e-01  -1.4623603411637631e-01  -7.5042990398049595e-03  -2.2454283282064434e-04  -2.1188378682008750e-04  -2.2993308135362510e-04  -2.0131197854985104e-04  -2.5489435498955764e-04  -4.2362284842160024e-04  -1.5329802985271346e-04  -1.6113715714850487e-04  -1.2736917005367240e-04  -5.7684508452519856e-04  -4.6886669119193124e-04  -7.9874557768361580e-04  -1.1036174774443990e-04  -2.1591884335188358e-04  -9.2203578731275560e-05  -2.9700392130092645e-04  -7.9263397912997572e-05  -6.5749090013440817e-05  -4.6787454735597710e-03  -3.4257304511487062e-03  -1.2314663789371879e-03  1.0125319959878414e-03  -5.3705403648724798e-05  -2.1789514937474379e-04  8.5254927559150261e+01  -3.8796905691821764e-04  -1.7511113560276853e-03  -6.0116910248570127e-05  -4.5936678266790005e-05  6.6744272550319963e+01  6.2723148833895728e+01  -1.4257183074738172e-02  -1.8173211689316644e-04  -9.6731507330328733e-04  -4.8437435351919015e-05  -2.1304515370412848e-05  8.1060611689007689e-04  7.3067771274594392e+01  -1.4560025067016785e-04  -5.7935613221734773e-02  -4.3414909845510447e-04  -1.0340344837655932e-04  -4.7413441880670520e-01  -6.1791314287374397e-05  2.5792764179040786e+00  -5.0878010255515068e-05  8.5049998531972022e+01  -3.8217597313126254e-04  -9.6974492438907600e-02  -8.4940409203677486e-02  -6.4702094477469399e-02  -8.9814725452874955e-05  -4.5741015856592896e-05  -5.6396132076077397e-05  8.4708055156449106e+01  -3.2643082726073007e-05  8.4631465125401263e+01  8.4468786405917399e+01  8.4382433302425540e+01  8.4198673318273663e+01  8.4100918704434534e+01  8.3892156517261910e+01  -7.4832636871915873e-05  1.2953072174638132e+01  -2.4279048749828555e-04  8.3663640613724169e+01  -7.7012266211173237e-05  8.3535510500142237e+01  -1.4695610607896214e-02  -6.0874585306071598e-04  8.3282722066408340e+01  8.3131949574239513e+01  -8.1490789498456839e-05  8.2846383681780097e+01  -6.1147581444859912e-02  -4.2064115459546264e-05  -2.3657920171392881e-02  -1.3113971826224334e-03  -3.1359903725855281e-05  -6.5563922496798347e-05  8.2524991304312564e+01  -1.0367259016598566e-03  8.2342286727324932e+01  8.2244323502073485e+01  7.6756537472209780e+00  8.1958249589835262e+01  -1.2313197903232263e-01  8.1749572820378702e+01  -6.4945350872550860e-03  -1.2082332252005960e-04  -4.7975889252036320e-05  -3.7313600638727036e-04  8.0540785089284114e+01  -3.8004662112326511e-04  -3.5235287619172888e-04  -2.4359718506338314e-05  -1.8375658890884407e-03  -4.2806346075141772e-04  -7.4083756787011654e-05  -3.4848463599714675e-04  -1.7229725237578552e-04  -1.5819649358086208e-02  -6.2752386370693223e-05  -1.5047024561959494e-04  7.9655057138358998e+01  -6.2741557604855100e-02  -8.8893261789052259e-05  -4.9451843515348876e-04  8.4744516182439767e+01  1.0981678660565171e-01  -2.2698986710522947e-04  7.6318729811856088e+01  -2.3830811256064842e-04  -2.2943843614000019e-04  -2.1782114097646714e-04  -1.6279877429329983e-02  7.0799997905484801e+01  -6.6459966437175208e-02  -4.6368745921456650e-04  -2.6910826927357392e-04  -1.3313103355095266e-04  -5.2901723058596863e-05  -4.9739324567742162e-05  1.0223204844380389e-03  6.9957433633542891e+01  -9.9879906539193617e-05  5.5521150983223503e-04  -3.1577417659476082e-05  -4.8716174075707204e-05  6.5453002440773005e+01  6.7801049463940288e+01  -1.3882871556365997e-04  -9.9497019201919955e-04  -2.1939749112682501e-05  -1.3706559911854949e-04  -1.2961720754642319e-04  -1.7481720952890755e-02  -6.8151800985863042e-02  6.1260571497901772e+01  6.4084806312445949e+01  5.9671019559395880e+01  -4.9077775897725692e-05  -9.2863856162252473e-03  -1.9408927700105108e-04  5.7692354869714592e+01  -4.9332626019521203e-05  3.6739394182894713e+01  -7.0861719581942701e-03  -5.4099899163429814e-05  2.0841950099608283e+01  -1.3634454512914132e-01  -7.0008653193861614e-05  -4.2005291064466584e-05  -1.4275980345649214e-01  9.7584830527303001e+00  -8.3343875108971227e-05  -2.6830008802379640e-01  -9.5518250272505657e-05  -7.2189305226795661e-02  -1.7958738732182979e-02  8.1640130980759622e+01  -1.1570350322651291e-04  -1.8366849586083051e-04  8.4854110644991636e+01  3.1945958162656392e+01  -5.5594980958610474e-05  -9.5627748296500919e-04  -6.2718925309587095e-05  -6.0836008103794618e-05  1.3607140387254163e-01  -2.4859447682559543e-04  -5.1534114064796435e-03  -4.3550486941217551e-03  -2.4655230149770319e-04  -3.5314935949555930e-05  -1.2999861775184096e-04  -4.3600536028779677e-04  -2.3427604841499950e-04  -4.6930139432081345e-05  -7.4242853814853557e-02  -1.9208790593666890e-02  -5.6692185078949506e-05  -3.4909988801466590e-02  -1.3843082758978906e-01  -2.5071788033050372e-04  -5.1487312020744803e-05  -2.7190166972501287e-04  -7.1432461646558739e-05  8.1300164902121494e+01  -4.3164670447422666e-05  -1.3606269333086790e-01  -1.3247067030892323e-01  -7.7934560339321862e-02  -2.7556150042253869e-03  -2.0147948542240612e-02  -2.0592691693916023e-05  -2.0732845827611961e-04  1.4381869664113393e-03  -6.6514873585196612e-04  8.0345643734688636e+01  -4.5656146986473060e-05  -2.3331511586581030e-04  9.3880562624565678e-01  6.1109997563177187e-01  -1.4050138221259936e-01  -1.2927420786542973e-01  -7.0610082601085279e-04  -1.8113220404104365e-03  -1.9839466957784066e-03  -4.3994966720320852e-05  -8.0924234071738141e-02  -4.7965819972226083e-05  -2.1105316168523115e-02  -1.3224856606926886e-04  1.5315662705021402e+00  -7.1229160040772374e-05  6.2302836202687362e-04  -2.5914081155403880e-04  -1.5919163936724083e-04  6.2219211537646699e-04  -3.3676042907649318e-05  -8.1797513079278042e-05  8.1061127530345161e+01  -2.6417090251926916e-04  -8.4561802503209299e-02  -1.7056403516807676e-03  -4.1132886591092756e-05  -1.0731403216725894e-04  8.8225708834956367e-04  -2.2112008489568628e-02  -3.8760453987132360e-05  -4.7218643991404563e-05  -5.4187837271263374e-04  -2.3702812528913477e-04  -7.0529435323034892e-04  -1.3851105210105280e-01  2.3280547688332746e+01  -2.5404941294271009e-04  -8.7925549675135314e-02  3.6047145935766451e+00  1.4883829747392761e+01  -2.3133879931746079e-02  8.4504997226267619e+01  8.4593699567469358e+01  -2.7976926925769819e-04  -1.8010184623633277e-04  -3.2363054091339638e-05  -3.4103156868136122e-04  -6.9164649056643911e-05  8.4985347695628064e+01  -9.1846692555587292e-02  -8.4864998510680991e-05  -1.6629897927924829e-04  -2.4221354363550690e-02  5.1247378655512513e+01  5.3910815900285975e+01  -1.2100623439861033e-04  1.1360003918337416e+00  8.0713253045272339e+01  7.7727151509559221e+01  -5.6703990015570286e-05  4.6480930517464593e+01  -4.9461141901267801e-05  -4.4168818233603690e-05  -1.0996340716172765e-03  -1.5821389391296956e-04  8.1400489907993332e+01  7.2366911365778535e+01  -3.4560728337134921e-05  -9.5532128696074609e-02  4.3626847807369954e-03  -2.0903275913529136e-04  -6.6762449231983043e-05  7.4506650176257281e+01  -6.5698506784003550e-05  -4.2775053601119692e-04  -2.5324819066495315e-02  -1.6030712384741027e-04  -9.7047606190816288e-05  -6.6804275482019798e-05  -2.2320731687497184e-03  1.1572496384128325e-03  -3.6312424894545255e-05  -2.7679015098675447e-04  -9.9796242311916500e-02  8.3720579006602378e+01  7.8569555465986980e+01  -5.1385330885904280e-02  -5.3266085788295509e-05  -8.5002493321700883e-05  -1.0910836557263641e-04  -3.7912022102949260e-04  -2.6497606436444082e-02  2.8841560027088486e-01  4.9419411582888771e-04  3.2462322138022259e-01  -2.9117043844976715e-04  -2.5269157041771511e-04  -3.2051963010695626e-04  -2.7111899307153616e-05  -2.6298423054997469e-03  -1.5533433390757368e-04  -2.6195999256714868e-05  -7.6734115197008563e-05  -4.6252157516513190e-05  7.9470551987621462e+01  -1.0381834817687879e-01  7.8389610109687581e+01  8.4670931660782074e+01  -2.8242518132648198e-04  -1.9568413114572539e-04  -1.9177292241847970e-03  -3.2565935050242597e-03  5.5871226823883084e+01  8.9096390866502768e-05  3.6301016886777324e+00  8.4238107098787168e+01  7.9942491443608716e+01  -2.7698170235969332e-02  4.7722353783462958e-03  -3.0193014414029704e-03  -1.8490090419073351e-04  -1.0855122747624332e-01  -3.2772068237455350e-05  -5.3424490949881520e-05  -4.2568836455924436e-03  8.4342526463411389e+01  8.2370517246813844e+00  2.0670797507495423e-03  -5.3577537048052783e-05  8.5120099420936086e+01  -1.1268454012613241e-01  -3.5527784788814097e-03  -2.8949694781566615e-02  -5.5368616602868803e-05  -6.3355132420340866e-05  6.9053382960897903e-03  -2.8815331702702436e-05  -3.9669905606319519e-04  -6.1648304469982200e-04  -5.4786490008521247e-05  8.4054547349481965e+01  8.2621930030311560e+01  -1.1787249244552661e-01  1.6515241718959999e+01  2.6310209764865505e+01  -1.4244355133476422e-01  -6.8414142235085620e-05  8.5131246305516044e+01  7.8949894840745131e+01  -1.4630771318731200e-03  -2.8039094543560843e-04  -3.6402687664505832e-05  -1.4396302349221123e-03  -3.0241417617666865e-02  -1.8382317133134184e-05  -4.5241908162792414e-05  -3.9769748190520730e-03  -1.0208675923820342e-04  -2.4255810693857177e-04  -2.1868440354074549e-04  7.1067619052610470e-02  -5.4497995202588999e-04  1.9861864340655256e+01  -3.8787634124735071e-03  -1.9082244336175252e-03  -7.7641970805247427e-05  -3.1592472430551827e-02  5.4561934904953802e+00  8.3330546454875716e+01  4.3037706790605689e+01  -4.4222676779640934e-03  -5.8513607792488091e-02  -2.2400480293228087e-01  1.5209112401976253e-03  -6.4505366086011067e-05  4.8950331667051891e+01  5.1442369615999528e-01  8.4919517265319385e+01  -9.9489624972149359e-04  5.6425520604800878e+00  -3.2985012489498033e-02  -3.8424252478088543e-05  7.9112870601304053e+01  -5.3582598311565829e-05  -5.6610375888228111e-05  -5.5501521495442142e-05  -1.4909543349783097e-04  -6.6464390695797240e-05  -7.1050604717253532e-05  -1.3188534204485131e-03  -4.8785834635401452e-03  -1.4590339826179373e-04  -8.1767412813995856e-05  -6.0352816276538130e-05  8.4425174779213947e+01  -3.1887588225929616e-05  -1.2982980198517654e-04  -3.3241189290153622e-05  -1.9406532980226611e-03  -2.6255107770167314e-04  8.2048541684610868e+01  8.0942724423963710e+01  -2.6243983965105557e-03  -2.7456615812280729e-04  -3.4446777551333033e-02  -9.2693442120239899e-01  7.7986773150949801e+01  -1.0849171938833407e-04  -4.9240709177188006e-05  6.8676983383373660e+00  -3.8513021205802627e-04  -5.3522516552064296e-03  1.8198288737149629e-02  -6.6773372915009344e-05  -6.8044046596423963e-03  4.0031241647583897e+01  -2.1530541170977294e-04  -3.5950566672199306e-02  -3.5024891728910306e-05  -3.2375790298705724e-05  7.7740825581923110e+00  -9.4939191876203274e-05  -8.4352738958721953e-05  4.3665809309963645e-02  -7.2474048043535072e-03  -5.8311061769701052e-03  -2.5326113582818004e-04  8.3956281089362903e+01  -1.5135211568207802e-03  8.5334748629593705e+01  -3.7509151326597850e-02  -3.7144739873138001e-04  -3.4997335778761577e-05  -1.0624480280803767e-03  -7.6842222962702047e-04  -1.2752010380383906e-04  -4.2613643766317987e-04  -9.1863535997918546e-05  -2.6763410446975895e-04  -1.3429605500910415e-04  -2.4288790197770485e-04  -4.8848923043179885e-05  -6.3607998119304173e-03  7.7310029437299420e+01  -3.9131685719871634e-02  7.0560282530605187e+00  2.4302807628763638e+01  -1.7927803526814309e-04  -2.7614836164051858e-05  -4.2177933850416029e-05  7.6560020207704042e+01  -2.4079243298138556e-04  -4.5850093040325100e-04  -1.7532387889050882e-03  7.6067993810900902e+01  -1.0607222503734891e-03  2.5439572770999744e-03  8.4147519093678980e+01  1.1474790828500487e+00  -8.2622887042861084e-04  -1.4886695262031580e-01  -4.0738053667486375e-02  -2.9426674600385772e-01  2.6394042490098928e-04  -4.7693045573848357e-05  -2.1750654276952885e-04  -8.3080878644164798e-03  -1.3384109111070530e-01  1.0636999432637065e+01  8.2918114782138616e+01  -2.6913344484396125e-05  </DataArray> 
</PointData> 
</Piece>
</UnstructuredGrid>
</VTKFile>